{
  "name": "Incident Alerts Workflow",
  "form": "9404c40e-5fd1-41f8-96d0-eb24c0fc093c",
  "blocks": [
    {
      "id": "f0069f13-486e-4f3a-ae04-e27a6b67aacc",
      "label": "Acknowledge",
      "environment": "HOSTED",
      "presentation": "{}",
      "step": "bb6e12f3-838d-4579-a64f-a462e48f4478",
      "stepType": "INTEGRATION"
    },
    {
      "id": "ada2fbd8-e73f-43ff-b28c-e98985034832",
      "label": "Action",
      "environment": "HOSTED",
      "presentation": "{\"w\":60,\"x\":220,\"h\":60,\"y\":55}",
      "stepType": "SWITCH",
      "inputMappings": [
        {
          "inputPort": "input",
          "mapping": "${eb2ebdee-8dc8-4e73-b0df-8dec4e1d5a67.Action}"
        }
      ],
      "switchCases": [
        {
          "caseId": "6df8989b-a0c5-44a8-ba2d-42a9b8aaea1a",
          "caseValue": "Add"
        },
        {
          "caseId": "bd7e2c54-2935-4f79-9dd9-26be65d8ef80",
          "caseValue": "Delete"
        }
      ]
    },
    {
      "id": "0cc15a29-cb95-490f-ab63-7e77c52bf1fa",
      "label": "Assign to me",
      "environment": "HOSTED",
      "presentation": "{}",
      "step": "bb2527e3-0635-4967-b1e1-37de2dd46a61",
      "stepType": "INTEGRATION"
    },
    {
      "id": "b2c51067-1fe2-400e-a464-29674f25b4a0",
      "label": "Delivery Status",
      "environment": "HOSTED",
      "presentation": "{\"w\":60,\"x\":220,\"h\":60,\"y\":1328}",
      "stepType": "SWITCH",
      "inputMappings": [
        {
          "inputPort": "input",
          "mapping": "${triggerOutputDELIVERYSTATUS.deliveryStatusUpdated.auditType}"
        }
      ],
      "switchCases": [
        {
          "caseId": "24fb0128-1bd6-4bf7-bce0-4abc34cad636",
          "caseValue": "NOTIFICATION_DELIVERED"
        },
        {
          "caseId": "1cf4b670-f280-4d66-9245-f8af476824a7",
          "caseValue": "NOTIFICATION_FAILED"
        }
      ]
    },
    {
      "id": "ec092cc7-b5c8-4aec-9ef2-d4ac00dd0515",
      "label": "Escalate",
      "environment": "HOSTED",
      "presentation": "{}",
      "step": "ea4b4795-a48d-4965-b354-1b9c20fd5cec",
      "stepType": "INTEGRATION"
    },
    {
      "id": "4f8f4c5a-1ba3-489b-bf1f-c028c87ef9a1",
      "label": "Get Events",
      "environment": "HOSTED",
      "presentation": "{\"w\":60,\"x\":1100,\"h\":60,\"y\":190}",
      "step": "f36cf6ba-2225-5cb3-831f-030a05527c72",
      "stepType": "SCRIPT_STEP",
      "inputMappings": [
        {
          "inputPort": "input",
          "mapping": "ACTIVE,SUSPENDED",
          "stepInput": "fa86536b-3508-56de-884b-503596bd64c2"
        },
        {
          "inputPort": "input",
          "mapping": "Incident Number#en",
          "stepInput": "72cd05cc-dfe2-5933-b85c-edcf1df9f56f"
        },
        {
          "inputPort": "input",
          "mapping": "${eb2ebdee-8dc8-4e73-b0df-8dec4e1d5a67.ID}",
          "stepInput": "b58893a5-ffaf-502d-982b-613dcd7b2232"
        },
        {
          "inputPort": "input",
          "mapping": "TRUE",
          "stepInput": "3bb89cc9-b89f-5291-9c54-1da7bc6c051a"
        }
      ]
    },
    {
      "id": "7579c7a3-3062-473f-ba48-d5e9d97a575c",
      "label": "Get Events",
      "environment": "HOSTED",
      "presentation": "{\"w\":60,\"x\":440,\"h\":60,\"y\":340}",
      "step": "f36cf6ba-2225-5cb3-831f-030a05527c72",
      "stepType": "SCRIPT_STEP",
      "inputMappings": [
        {
          "inputPort": "input",
          "mapping": "ACTIVE,SUSPENDED",
          "stepInput": "fa86536b-3508-56de-884b-503596bd64c2"
        },
        {
          "inputPort": "input",
          "mapping": "Incident Number#en",
          "stepInput": "72cd05cc-dfe2-5933-b85c-edcf1df9f56f"
        },
        {
          "inputPort": "input",
          "mapping": "${eb2ebdee-8dc8-4e73-b0df-8dec4e1d5a67.ID}",
          "stepInput": "b58893a5-ffaf-502d-982b-613dcd7b2232"
        },
        {
          "inputPort": "input",
          "mapping": "TRUE",
          "stepInput": "3bb89cc9-b89f-5291-9c54-1da7bc6c051a"
        }
      ]
    },
    {
      "id": "8fbaee53-5f9b-4ebb-ab16-7052d43cd64b",
      "endpoint": "Remedy JWT",
      "label": "Helix | API Token | Acquire",
      "environment": "HOSTED",
      "presentation": "{\"w\":60,\"x\":1100,\"h\":60,\"y\":640}",
      "step": "9242e654-9cba-4480-93a8-ee20ad15a9d5",
      "stepType": "SCRIPT_STEP",
      "inputMappings": [
        {
          "inputPort": "input",
          "mapping": "${constants.USER_HELIX_USERNAME}",
          "stepInput": "f130bd85-3605-4b33-8b67-88fc0d0e9dcc"
        },
        {
          "inputPort": "input",
          "mapping": "${constants.USER_HELIX_PASSWORD}",
          "stepInput": "ad37bfaf-78d3-4f35-907f-794f643fd364"
        }
      ]
    },
    {
      "id": "960deb46-6ecd-4ed1-8918-705a3d0d9a5d",
      "endpoint": "Remedy JWT",
      "label": "Helix | API Token | Acquire",
      "environment": "HOSTED",
      "presentation": "{\"w\":60,\"x\":220,\"h\":60,\"y\":2683}",
      "step": "9242e654-9cba-4480-93a8-ee20ad15a9d5",
      "stepType": "SCRIPT_STEP",
      "inputMappings": [
        {
          "inputPort": "input",
          "mapping": "${constants.USER_HELIX_USERNAME}",
          "stepInput": "f130bd85-3605-4b33-8b67-88fc0d0e9dcc"
        },
        {
          "inputPort": "input",
          "mapping": "${constants.USER_HELIX_PASSWORD}",
          "stepInput": "ad37bfaf-78d3-4f35-907f-794f643fd364"
        }
      ]
    },
    {
      "id": "98a15c18-194b-4d9a-800a-0238fd0b49e1",
      "endpoint": "Remedy JWT",
      "label": "Helix | API Token | Acquire",
      "environment": "HOSTED",
      "presentation": "{\"w\":60,\"x\":440,\"h\":60,\"y\":190}",
      "step": "9242e654-9cba-4480-93a8-ee20ad15a9d5",
      "stepType": "SCRIPT_STEP",
      "inputMappings": [
        {
          "inputPort": "input",
          "mapping": "${constants.USER_HELIX_USERNAME}",
          "stepInput": "f130bd85-3605-4b33-8b67-88fc0d0e9dcc"
        },
        {
          "inputPort": "input",
          "mapping": "${constants.USER_HELIX_PASSWORD}",
          "stepInput": "ad37bfaf-78d3-4f35-907f-794f643fd364"
        }
      ]
    },
    {
      "id": "aa3fac30-0f0c-4fcb-b45d-9171704df414",
      "endpoint": "Remedy JWT",
      "label": "Helix | API Token | Acquire",
      "environment": "HOSTED",
      "presentation": "{\"w\":60,\"x\":440,\"h\":60,\"y\":1613}",
      "step": "9242e654-9cba-4480-93a8-ee20ad15a9d5",
      "stepType": "SCRIPT_STEP",
      "inputMappings": [
        {
          "inputPort": "input",
          "mapping": "${constants.USER_HELIX_USERNAME}",
          "stepInput": "f130bd85-3605-4b33-8b67-88fc0d0e9dcc"
        },
        {
          "inputPort": "input",
          "mapping": "${constants.USER_HELIX_PASSWORD}",
          "stepInput": "ad37bfaf-78d3-4f35-907f-794f643fd364"
        }
      ]
    },
    {
      "id": "b4c0076c-3296-45a4-a358-c9f371f24e8c",
      "endpoint": "Remedy JWT",
      "label": "Helix | API Token | Acquire",
      "environment": "HOSTED",
      "presentation": "{\"w\":60,\"x\":440,\"h\":60,\"y\":1463}",
      "step": "9242e654-9cba-4480-93a8-ee20ad15a9d5",
      "stepType": "SCRIPT_STEP",
      "inputMappings": [
        {
          "inputPort": "input",
          "mapping": "${constants.USER_HELIX_USERNAME}",
          "stepInput": "f130bd85-3605-4b33-8b67-88fc0d0e9dcc"
        },
        {
          "inputPort": "input",
          "mapping": "${constants.USER_HELIX_PASSWORD}",
          "stepInput": "ad37bfaf-78d3-4f35-907f-794f643fd364"
        }
      ]
    },
    {
      "id": "c23b5d9d-8d7d-4e44-a553-de2841be9687",
      "endpoint": "Remedy JWT",
      "label": "Helix | API Token | Acquire",
      "environment": "HOSTED",
      "presentation": "{\"w\":60,\"x\":220,\"h\":60,\"y\":1996}",
      "step": "9242e654-9cba-4480-93a8-ee20ad15a9d5",
      "stepType": "SCRIPT_STEP",
      "inputMappings": [
        {
          "inputPort": "input",
          "mapping": "${constants.USER_HELIX_USERNAME}",
          "stepInput": "f130bd85-3605-4b33-8b67-88fc0d0e9dcc"
        },
        {
          "inputPort": "input",
          "mapping": "${constants.USER_HELIX_PASSWORD}",
          "stepInput": "ad37bfaf-78d3-4f35-907f-794f643fd364"
        }
      ]
    },
    {
      "id": "3d482b1d-8e2a-44d6-b8b6-7eebaf0770aa",
      "endpoint": "Remedy JWT",
      "label": "Helix | API Token | Acquire",
      "environment": "HOSTED",
      "presentation": "{\"w\":60,\"x\":220,\"h\":60,\"y\":2373}",
      "step": "9242e654-9cba-4480-93a8-ee20ad15a9d5",
      "stepType": "SCRIPT_STEP",
      "inputMappings": [
        {
          "inputPort": "input",
          "mapping": "${constants.USER_HELIX_USERNAME}",
          "stepInput": "f130bd85-3605-4b33-8b67-88fc0d0e9dcc"
        },
        {
          "inputPort": "input",
          "mapping": "${constants.USER_HELIX_PASSWORD}",
          "stepInput": "ad37bfaf-78d3-4f35-907f-794f643fd364"
        }
      ]
    },
    {
      "id": "4a7cf97d-0bf2-4e89-b94e-22737a0dd9dd",
      "endpoint": "Remedy JWT",
      "label": "Helix | API Token | Acquire",
      "environment": "HOSTED",
      "presentation": "{\"w\":60,\"x\":220,\"h\":60,\"y\":1093}",
      "step": "9242e654-9cba-4480-93a8-ee20ad15a9d5",
      "stepType": "SCRIPT_STEP",
      "inputMappings": [
        {
          "inputPort": "input",
          "mapping": "${constants.USER_HELIX_USERNAME}",
          "stepInput": "f130bd85-3605-4b33-8b67-88fc0d0e9dcc"
        },
        {
          "inputPort": "input",
          "mapping": "${constants.USER_HELIX_PASSWORD}",
          "stepInput": "ad37bfaf-78d3-4f35-907f-794f643fd364"
        }
      ]
    },
    {
      "id": "91813f28-8855-49fb-b2d0-9c4bde8bf009",
      "endpoint": "Remedy JWT",
      "label": "Helix | API Token | Release",
      "environment": "HOSTED",
      "presentation": "{\"w\":60,\"x\":880,\"h\":60,\"y\":1613}",
      "step": "809b521b-8c94-40ca-b179-24570963a842",
      "stepType": "SCRIPT_STEP",
      "inputMappings": [
        {
          "inputPort": "input",
          "mapping": "${aa3fac30-0f0c-4fcb-b45d-9171704df414.JWT}",
          "stepInput": "5d29922c-3b21-4675-8d9d-1d816f3abc0a"
        }
      ]
    },
    {
      "id": "cd2fab25-b5ef-4661-9ef5-3b6c9d10d0ad",
      "endpoint": "Remedy JWT",
      "label": "Helix | API Token | Release",
      "environment": "HOSTED",
      "presentation": "{\"w\":60,\"x\":1540,\"h\":60,\"y\":643}",
      "step": "809b521b-8c94-40ca-b179-24570963a842",
      "stepType": "SCRIPT_STEP",
      "inputMappings": [
        {
          "inputPort": "input",
          "mapping": "${8fbaee53-5f9b-4ebb-ab16-7052d43cd64b.JWT}",
          "stepInput": "5d29922c-3b21-4675-8d9d-1d816f3abc0a"
        }
      ]
    },
    {
      "id": "e2d965aa-0352-44c8-88e5-f55d9a54d7fd",
      "endpoint": "Remedy JWT",
      "label": "Helix | API Token | Release",
      "environment": "HOSTED",
      "presentation": "{\"w\":60,\"x\":880,\"h\":60,\"y\":2373}",
      "step": "809b521b-8c94-40ca-b179-24570963a842",
      "stepType": "SCRIPT_STEP",
      "inputMappings": [
        {
          "inputPort": "input",
          "mapping": "${3d482b1d-8e2a-44d6-b8b6-7eebaf0770aa.JWT}",
          "stepInput": "5d29922c-3b21-4675-8d9d-1d816f3abc0a"
        }
      ]
    },
    {
      "id": "fb3ace02-d47d-46e3-b267-2b9434dff38e",
      "endpoint": "Remedy JWT",
      "label": "Helix | API Token | Release",
      "environment": "HOSTED",
      "presentation": "{\"w\":60,\"x\":880,\"h\":60,\"y\":1463}",
      "step": "809b521b-8c94-40ca-b179-24570963a842",
      "stepType": "SCRIPT_STEP",
      "inputMappings": [
        {
          "inputPort": "input",
          "mapping": "${b4c0076c-3296-45a4-a358-c9f371f24e8c.JWT}",
          "stepInput": "5d29922c-3b21-4675-8d9d-1d816f3abc0a"
        }
      ]
    },
    {
      "id": "06977f9f-6ee3-4084-ab35-1f29f56bf23a",
      "endpoint": "Remedy JWT",
      "label": "Helix | API Token | Release",
      "environment": "HOSTED",
      "presentation": "{\"w\":60,\"x\":660,\"h\":60,\"y\":1093}",
      "step": "809b521b-8c94-40ca-b179-24570963a842",
      "stepType": "SCRIPT_STEP",
      "inputMappings": [
        {
          "inputPort": "input",
          "mapping": "${4a7cf97d-0bf2-4e89-b94e-22737a0dd9dd.JWT}",
          "stepInput": "5d29922c-3b21-4675-8d9d-1d816f3abc0a"
        }
      ]
    },
    {
      "id": "4caa926f-71d6-4f5b-9003-e5a288fa3cf6",
      "endpoint": "Remedy JWT",
      "label": "Helix | API Token | Release",
      "environment": "HOSTED",
      "presentation": "{\"w\":60,\"x\":880,\"h\":60,\"y\":190}",
      "step": "809b521b-8c94-40ca-b179-24570963a842",
      "stepType": "SCRIPT_STEP",
      "inputMappings": [
        {
          "inputPort": "input",
          "mapping": "${98a15c18-194b-4d9a-800a-0238fd0b49e1.JWT}",
          "stepInput": "5d29922c-3b21-4675-8d9d-1d816f3abc0a"
        }
      ]
    },
    {
      "id": "5436a0f8-64cc-46e7-81e4-a97374bd32ef",
      "endpoint": "Remedy JWT",
      "label": "Helix | API Token | Release",
      "environment": "HOSTED",
      "presentation": "{\"w\":60,\"x\":660,\"h\":60,\"y\":2683}",
      "step": "809b521b-8c94-40ca-b179-24570963a842",
      "stepType": "SCRIPT_STEP",
      "inputMappings": [
        {
          "inputPort": "input",
          "mapping": "${960deb46-6ecd-4ed1-8918-705a3d0d9a5d.JWT}",
          "stepInput": "5d29922c-3b21-4675-8d9d-1d816f3abc0a"
        }
      ]
    },
    {
      "id": "581b53dc-667f-4f8b-8cb5-7ede8c95047e",
      "endpoint": "Remedy JWT",
      "label": "Helix | API Token | Release",
      "environment": "HOSTED",
      "presentation": "{\"w\":60,\"x\":660,\"h\":60,\"y\":1996}",
      "step": "809b521b-8c94-40ca-b179-24570963a842",
      "stepType": "SCRIPT_STEP",
      "inputMappings": [
        {
          "inputPort": "input",
          "mapping": "${c23b5d9d-8d7d-4e44-a553-de2841be9687.JWT}",
          "stepInput": "5d29922c-3b21-4675-8d9d-1d816f3abc0a"
        }
      ]
    },
    {
      "id": "20009e3a-c1fe-4198-a44b-26e433aa5e89",
      "endpoint": "Remedy JWT",
      "label": "Helix | Add Assignee | Incident | JWT Auth",
      "environment": "HOSTED",
      "presentation": "{\"w\":60,\"x\":660,\"h\":60,\"y\":2373}",
      "step": "76bfdf5c-7939-494b-9b56-19ebc5a9a35c",
      "stepType": "SCRIPT_STEP",
      "inputMappings": [
        {
          "inputPort": "input",
          "mapping": "${triggerOutputRESPONSE.respondedTo.by.firstName} ${triggerOutputRESPONSE.respondedTo.by.lastName}",
          "stepInput": "8769c29b-555a-4461-ab9a-fe581e09467a"
        },
        {
          "inputPort": "input",
          "mapping": "${triggerOutputRESPONSE.respondedTo.by.firstName}",
          "stepInput": "4b7709fe-375c-40a4-be40-3c1512866133"
        },
        {
          "inputPort": "input",
          "mapping": "${triggerOutputRESPONSE.respondedTo.by.lastName}",
          "stepInput": "a77845a3-6250-426c-807e-beb4ba9a3ef6"
        },
        {
          "inputPort": "input",
          "mapping": "${triggerOutputRESPONSE.respondedTo.by.targetName}",
          "stepInput": "6a930d87-d705-4adf-9ae5-3b8ceec844ed"
        },
        {
          "inputPort": "input",
          "mapping": "${event.properties.Incident Number}",
          "stepInput": "2f46f904-56fc-4346-a517-d47b2786ed50"
        },
        {
          "inputPort": "input",
          "mapping": "${event.properties.Request ID}",
          "stepInput": "9b3bd8e7-08ab-40c3-b259-fd8f8be24d18"
        },
        {
          "inputPort": "input",
          "mapping": "${event.properties.Assigned Support Company}",
          "stepInput": "c985131b-74a5-4927-bffa-c87d621c6473"
        },
        {
          "inputPort": "input",
          "mapping": "${event.properties.Assigned Support Organization}",
          "stepInput": "c2cbebb4-f470-4431-b367-f47cff5fe229"
        },
        {
          "inputPort": "input",
          "mapping": "${event.properties.Assigned Group}",
          "stepInput": "fedc6451-4606-48f9-ab85-61b60b906170"
        },
        {
          "inputPort": "input",
          "mapping": "${event.properties.Assigned Group ID}",
          "stepInput": "d3ce1375-79ae-4a7d-b16c-f5dbe0dd250f"
        },
        {
          "inputPort": "input",
          "mapping": "${constants.HELIX_STATUS_IN_PROGRESS}",
          "stepInput": "4828a265-d135-4cc6-a8b5-f1641c4bf96e"
        },
        {
          "inputPort": "input",
          "mapping": "${3d482b1d-8e2a-44d6-b8b6-7eebaf0770aa.JWT}",
          "stepInput": "d164b628-cfa9-4c43-ad19-00da651b17e6"
        }
      ]
    },
    {
      "id": "a8dd6ff9-3749-4eee-b26e-783a0921dec2",
      "endpoint": "Remedy JWT",
      "label": "Helix | Add Work Info | Incident | JWT Auth",
      "environment": "HOSTED",
      "presentation": "{\"w\":60,\"x\":660,\"h\":60,\"y\":1463}",
      "step": "38dbf9da-4723-45eb-bbee-c9f7c1981727",
      "stepType": "SCRIPT_STEP",
      "inputMappings": [
        {
          "inputPort": "input",
          "mapping": "${event.properties.Incident Number}",
          "stepInput": "b6db7488-cefb-477c-9a7c-9df51c80b19f"
        },
        {
          "inputPort": "input",
          "mapping": "${event.properties.Request ID}",
          "stepInput": "5b74e40e-454c-46e7-b1bc-c2170ace4da8"
        },
        {
          "inputPort": "input",
          "mapping": "${constants.NOTE_PREFIX_DEFAULT} Notification ${triggerOutputDELIVERYSTATUS.notification.deliveryStatus} to ${triggerOutputDELIVERYSTATUS.notification.recipient.owner.firstName} ${triggerOutputDELIVERYSTATUS.notification.recipient.owner.lastName} | ${triggerOutputDELIVERYSTATUS.notification.recipient.name}",
          "stepInput": "05e9337b-6b83-4eb7-ba96-c66ec49b88bc"
        },
        {
          "inputPort": "input",
          "mapping": "${b4c0076c-3296-45a4-a358-c9f371f24e8c.JWT}",
          "stepInput": "408fe492-5159-4943-9df5-2aab440ba188"
        }
      ]
    },
    {
      "id": "b48db866-4472-4cdb-9a1a-f223e6f48502",
      "endpoint": "Remedy JWT",
      "label": "Helix | Add Work Info | Incident | JWT Auth",
      "environment": "HOSTED",
      "presentation": "{\"w\":60,\"x\":440,\"h\":60,\"y\":2373}",
      "step": "38dbf9da-4723-45eb-bbee-c9f7c1981727",
      "stepType": "SCRIPT_STEP",
      "inputMappings": [
        {
          "inputPort": "input",
          "mapping": "${event.properties.Incident Number}",
          "stepInput": "b6db7488-cefb-477c-9a7c-9df51c80b19f"
        },
        {
          "inputPort": "input",
          "mapping": "${event.properties.Request ID}",
          "stepInput": "5b74e40e-454c-46e7-b1bc-c2170ace4da8"
        },
        {
          "inputPort": "input",
          "mapping": "${constants.NOTE_PREFIX_DEFAULT} ${triggerOutputRESPONSE.respondedTo.by.firstName} ${triggerOutputRESPONSE.respondedTo.by.lastName} | ${triggerOutputRESPONSE.response.deviceName} responded [ ${triggerOutputRESPONSE.response.response} ]",
          "stepInput": "05e9337b-6b83-4eb7-ba96-c66ec49b88bc"
        },
        {
          "inputPort": "input",
          "mapping": "${3d482b1d-8e2a-44d6-b8b6-7eebaf0770aa.JWT}",
          "stepInput": "408fe492-5159-4943-9df5-2aab440ba188"
        }
      ]
    },
    {
      "id": "e27f7e73-8cfe-4bf3-b659-00d6ea6b89ee",
      "endpoint": "Remedy JWT",
      "label": "Helix | Add Work Info | Incident | JWT Auth",
      "environment": "HOSTED",
      "presentation": "{\"w\":60,\"x\":440,\"h\":60,\"y\":1996}",
      "step": "38dbf9da-4723-45eb-bbee-c9f7c1981727",
      "stepType": "SCRIPT_STEP",
      "inputMappings": [
        {
          "inputPort": "input",
          "mapping": "${event.properties.Incident Number}",
          "stepInput": "b6db7488-cefb-477c-9a7c-9df51c80b19f"
        },
        {
          "inputPort": "input",
          "mapping": "${event.properties.Request ID}",
          "stepInput": "5b74e40e-454c-46e7-b1bc-c2170ace4da8"
        },
        {
          "inputPort": "input",
          "mapping": "${constants.NOTE_PREFIX_DEFAULT} ${triggerOutputANNOTATION.annotation.author.firstName} ${triggerOutputANNOTATION.annotation.author.lastName} | Response [ ${triggerOutputANNOTATION.annotation.response.response} ] | Commented [ ${triggerOutputANNOTATION.annotation.comment} ]",
          "stepInput": "05e9337b-6b83-4eb7-ba96-c66ec49b88bc"
        },
        {
          "inputPort": "input",
          "mapping": "${c23b5d9d-8d7d-4e44-a553-de2841be9687.JWT}",
          "stepInput": "408fe492-5159-4943-9df5-2aab440ba188"
        }
      ]
    },
    {
      "id": "028d769b-46f5-405d-b97a-5a4b4ee57b9c",
      "endpoint": "Remedy JWT",
      "label": "Helix | Add Work Info | Incident | JWT Auth",
      "environment": "HOSTED",
      "presentation": "{\"w\":60,\"x\":440,\"h\":60,\"y\":2683}",
      "step": "38dbf9da-4723-45eb-bbee-c9f7c1981727",
      "stepType": "SCRIPT_STEP",
      "inputMappings": [
        {
          "inputPort": "input",
          "mapping": "${event.properties.Incident Number}",
          "stepInput": "b6db7488-cefb-477c-9a7c-9df51c80b19f"
        },
        {
          "inputPort": "input",
          "mapping": "${event.properties.Request ID}",
          "stepInput": "5b74e40e-454c-46e7-b1bc-c2170ace4da8"
        },
        {
          "inputPort": "input",
          "mapping": "${constants.NOTE_PREFIX_DEFAULT} ${triggerOutputRESPONSE.respondedTo.by.firstName} ${triggerOutputRESPONSE.respondedTo.by.lastName} | ${triggerOutputRESPONSE.response.deviceName} responded [ ${triggerOutputRESPONSE.response.response} ]",
          "stepInput": "05e9337b-6b83-4eb7-ba96-c66ec49b88bc"
        },
        {
          "inputPort": "input",
          "mapping": "${960deb46-6ecd-4ed1-8918-705a3d0d9a5d.JWT}",
          "stepInput": "408fe492-5159-4943-9df5-2aab440ba188"
        }
      ]
    },
    {
      "id": "50f6b063-51ac-47b1-8c8d-747d5b49a015",
      "endpoint": "Remedy JWT",
      "label": "Helix | Add Work Info | Incident | JWT Auth",
      "environment": "HOSTED",
      "presentation": "{\"w\":60,\"x\":440,\"h\":60,\"y\":1093}",
      "step": "38dbf9da-4723-45eb-bbee-c9f7c1981727",
      "stepType": "SCRIPT_STEP",
      "inputMappings": [
        {
          "inputPort": "input",
          "mapping": "${event.properties.Incident Number}",
          "stepInput": "b6db7488-cefb-477c-9a7c-9df51c80b19f"
        },
        {
          "inputPort": "input",
          "mapping": "${event.properties.Request ID}",
          "stepInput": "5b74e40e-454c-46e7-b1bc-c2170ace4da8"
        },
        {
          "inputPort": "input",
          "mapping": "${constants.NOTE_PREFIX_DEFAULT} Event [ ${event.eventId} ] ${triggerOutputSTATUS.statusChanged.auditType}",
          "stepInput": "05e9337b-6b83-4eb7-ba96-c66ec49b88bc"
        },
        {
          "inputPort": "input",
          "mapping": "${4a7cf97d-0bf2-4e89-b94e-22737a0dd9dd.JWT}",
          "stepInput": "408fe492-5159-4943-9df5-2aab440ba188"
        }
      ]
    },
    {
      "id": "52e6a0fc-c95c-4fcb-9f9f-59b48a9846c2",
      "endpoint": "Remedy JWT",
      "label": "Helix | Add Work Info | Incident | JWT Auth",
      "environment": "HOSTED",
      "presentation": "{\"w\":60,\"x\":1320,\"h\":60,\"y\":643}",
      "step": "38dbf9da-4723-45eb-bbee-c9f7c1981727",
      "stepType": "SCRIPT_STEP",
      "inputMappings": [
        {
          "inputPort": "input",
          "mapping": "${eb2ebdee-8dc8-4e73-b0df-8dec4e1d5a67.ID}",
          "stepInput": "b6db7488-cefb-477c-9a7c-9df51c80b19f"
        },
        {
          "inputPort": "input",
          "mapping": "${constants.NOTE_PREFIX_DEFAULT} ${eb2ebdee-8dc8-4e73-b0df-8dec4e1d5a67.ID} | ${eb2ebdee-8dc8-4e73-b0df-8dec4e1d5a67.Delete Message}",
          "stepInput": "05e9337b-6b83-4eb7-ba96-c66ec49b88bc"
        },
        {
          "inputPort": "input",
          "mapping": "${8fbaee53-5f9b-4ebb-ab16-7052d43cd64b.JWT}",
          "stepInput": "408fe492-5159-4943-9df5-2aab440ba188"
        }
      ]
    },
    {
      "id": "74795a03-ebc7-43ed-9b8a-553759206d16",
      "endpoint": "Remedy JWT",
      "label": "Helix | Add Work Info | Incident | JWT Auth",
      "environment": "HOSTED",
      "presentation": "{\"w\":60,\"x\":660,\"h\":60,\"y\":1613}",
      "step": "38dbf9da-4723-45eb-bbee-c9f7c1981727",
      "stepType": "SCRIPT_STEP",
      "inputMappings": [
        {
          "inputPort": "input",
          "mapping": "${event.properties.Incident Number}",
          "stepInput": "b6db7488-cefb-477c-9a7c-9df51c80b19f"
        },
        {
          "inputPort": "input",
          "mapping": "${event.properties.Request ID}",
          "stepInput": "5b74e40e-454c-46e7-b1bc-c2170ace4da8"
        },
        {
          "inputPort": "input",
          "mapping": "${constants.NOTE_PREFIX_DEFAULT} Notification ${triggerOutputDELIVERYSTATUS.notification.deliveryStatus} to ${triggerOutputDELIVERYSTATUS.notification.recipient.targetName}",
          "stepInput": "05e9337b-6b83-4eb7-ba96-c66ec49b88bc"
        },
        {
          "inputPort": "input",
          "mapping": "${aa3fac30-0f0c-4fcb-b45d-9171704df414.JWT}",
          "stepInput": "408fe492-5159-4943-9df5-2aab440ba188"
        }
      ]
    },
    {
      "id": "a270f056-4303-4939-a51f-192fee45d1fd",
      "endpoint": "Remedy JWT",
      "label": "Helix | Get Incident | JWT Auth",
      "environment": "HOSTED",
      "presentation": "{\"w\":60,\"x\":660,\"h\":60,\"y\":190}",
      "step": "7f7ab8fa-cbab-4f2b-99e0-9d4663df0a5e",
      "stepType": "SCRIPT_STEP",
      "inputMappings": [
        {
          "inputPort": "input",
          "mapping": "${eb2ebdee-8dc8-4e73-b0df-8dec4e1d5a67.ID}",
          "stepInput": "9a827d00-eb62-40f7-8289-9918a601c8d7"
        },
        {
          "inputPort": "input",
          "mapping": "${98a15c18-194b-4d9a-800a-0238fd0b49e1.JWT}",
          "stepInput": "fee698d1-2fb9-464b-897d-6464a6a429f4"
        }
      ]
    },
    {
      "id": "f3553c35-7bba-4161-b206-14286f3b0353",
      "endpoint": "xMatters",
      "label": "Helix | POST to xM IB Integration",
      "environment": "HOSTED",
      "presentation": "{\"w\":60,\"x\":1980,\"h\":60,\"y\":340}",
      "step": "95d33e48-cd76-5120-bdb5-ed5dc549ecec",
      "stepType": "SCRIPT_STEP",
      "inputMappings": [
        {
          "inputPort": "input",
          "mapping": "${constants.XMATTERS_INCIDENT_EVENT_IB_PATH}",
          "stepInput": "9c92fd36-706a-55b6-8789-7d75e10fbfa1"
        },
        {
          "inputPort": "input",
          "mapping": "application/json",
          "stepInput": "265bf232-ca30-5672-8ed7-c937d6817138"
        },
        {
          "inputPort": "input",
          "mapping": "${f6b0525e-97cb-48d6-b184-7f4ca8ff88d5.Trigger Payload}",
          "stepInput": "084625d4-f7b5-58e6-b2d5-5dc8fd246bba"
        }
      ]
    },
    {
      "id": "f6b0525e-97cb-48d6-b184-7f4ca8ff88d5",
      "label": "Helix | Prepare Trigger | Incident",
      "environment": "HOSTED",
      "presentation": "{\"w\":60,\"x\":1760,\"h\":60,\"y\":340}",
      "step": "f02099d1-3f59-47d1-b91a-3b6cd1574570",
      "stepType": "SCRIPT_STEP",
      "inputMappings": [
        {
          "inputPort": "input",
          "mapping": "${a270f056-4303-4939-a51f-192fee45d1fd.Incident JSON Object}",
          "stepInput": "9160d016-55e9-4cb8-a993-8e4ff39e273a"
        },
        {
          "inputPort": "input",
          "mapping": "${eb2ebdee-8dc8-4e73-b0df-8dec4e1d5a67.Action}",
          "stepInput": "b63167d5-4929-40e3-ba00-e50799f06c8c"
        },
        {
          "inputPort": "input",
          "mapping": "${eb2ebdee-8dc8-4e73-b0df-8dec4e1d5a67.Form}",
          "stepInput": "3fe616ef-6b7a-439e-8089-bb5823b96732"
        },
        {
          "inputPort": "input",
          "mapping": "${constants.RESPONSE_OPTIONS_INCIDENT_GROUP}",
          "stepInput": "750c8f27-7897-43b8-b07c-8daf836070a8"
        },
        {
          "inputPort": "input",
          "mapping": "${constants.RESPONSE_OPTIONS_INCIDENT_USER}",
          "stepInput": "14f84621-6361-41e4-a179-90ab058f1bc0"
        }
      ]
    },
    {
      "id": "3f702c48-a7be-4179-ac78-f92310c64d00",
      "label": "Incident Alerts - Device Delivery Updates",
      "environment": "HOSTED",
      "presentation": "{\"w\":60,\"x\":0,\"h\":60,\"y\":1313}",
      "step": "78223ed1-ce7c-4307-b997-ed7d7388d10c",
      "stepType": "INTEGRATION"
    },
    {
      "id": "6ae264b4-4766-4cf5-bf52-fcad684fe465",
      "label": "Incident Alerts - Event Comments",
      "environment": "HOSTED",
      "presentation": "{\"w\":60,\"x\":0,\"h\":60,\"y\":1996}",
      "step": "c588d7cf-d7ec-4c16-822d-0ca83434f1a0",
      "stepType": "INTEGRATION"
    },
    {
      "id": "90e9e977-6f54-4e56-be14-31bf79c538a5",
      "label": "Incident Alerts - Event Status Updates",
      "environment": "HOSTED",
      "presentation": "{\"w\":60,\"x\":0,\"h\":60,\"y\":1093}",
      "step": "abb4f2f9-0c2d-4e21-8463-ee6b0fe530ec",
      "stepType": "INTEGRATION"
    },
    {
      "id": "bc470165-9d52-476d-b09d-cfc863f5a9b0",
      "label": "Number Events Found",
      "environment": "HOSTED",
      "presentation": "{\"w\":60,\"x\":660,\"h\":60,\"y\":355}",
      "stepType": "SWITCH",
      "inputMappings": [
        {
          "inputPort": "input",
          "mapping": "${7579c7a3-3062-473f-ba48-d5e9d97a575c.Number of Event IDs Returned}"
        }
      ],
      "switchCases": [
        {
          "caseId": "b3591ff4-c259-4121-952d-150a3e20ed49",
          "caseValue": "0"
        }
      ]
    },
    {
      "id": "49a4db86-ffcf-432b-acdf-30b851367b4d",
      "label": "Number Events Found",
      "environment": "HOSTED",
      "presentation": "{\"w\":60,\"x\":1320,\"h\":60,\"y\":205}",
      "stepType": "SWITCH",
      "inputMappings": [
        {
          "inputPort": "input",
          "mapping": "${4f8f4c5a-1ba3-489b-bf1f-c028c87ef9a1.Number of Event IDs Returned}"
        }
      ],
      "switchCases": [
        {
          "caseId": "6760fb23-fbdd-48cf-9381-44aab25b0b28",
          "caseValue": "0"
        }
      ]
    },
    {
      "id": "6dfc4a49-7092-47a6-8221-435e8f52bc3f",
      "label": "Responses",
      "environment": "HOSTED",
      "presentation": "{\"w\":100,\"x\":0,\"h\":50,\"y\":2216}",
      "stepType": "RESPONSES"
    },
    {
      "id": "eb2ebdee-8dc8-4e73-b0df-8dec4e1d5a67",
      "label": "Step 01 - Helix Inbound Request | JSON",
      "environment": "HOSTED",
      "presentation": "{\"w\":60,\"x\":0,\"h\":60,\"y\":40}",
      "step": "d394f630-624e-432a-8018-ab25c8b494ba",
      "stepType": "INTEGRATION"
    },
    {
      "id": "1a98751d-4d5d-4089-ac20-a932857aa770",
      "label": "Step 01 | Helix Inbound Request | XML",
      "environment": "HOSTED",
      "presentation": "{\"w\":60,\"x\":0,\"h\":60,\"y\":873}",
      "step": "eb9fd18a-ba3f-4bd6-a1ad-40564a1f71a9",
      "stepType": "INTEGRATION"
    },
    {
      "id": "84a26dfd-3520-4e6a-ad66-94f7507fc504",
      "label": "Terminate Events",
      "environment": "HOSTED",
      "presentation": "{\"w\":60,\"x\":1540,\"h\":60,\"y\":490}",
      "step": "798e3053-b4b4-5e8c-ba84-8a11c3be6237",
      "stepType": "SCRIPT_STEP",
      "inputMappings": [
        {
          "inputPort": "input",
          "mapping": "${4f8f4c5a-1ba3-489b-bf1f-c028c87ef9a1.Event IDs}",
          "stepInput": "4fdf2591-4925-5682-8911-f0163d7f98dd"
        }
      ]
    },
    {
      "id": "68b75337-4edf-41c0-a237-5a02e3e12539",
      "label": "Terminate Events",
      "environment": "HOSTED",
      "presentation": "{\"w\":60,\"x\":880,\"h\":60,\"y\":640}",
      "step": "798e3053-b4b4-5e8c-ba84-8a11c3be6237",
      "stepType": "SCRIPT_STEP",
      "inputMappings": [
        {
          "inputPort": "input",
          "mapping": "${7579c7a3-3062-473f-ba48-d5e9d97a575c.Event IDs}",
          "stepInput": "4fdf2591-4925-5682-8911-f0163d7f98dd"
        }
      ]
    }
  ],
  "edges": [
    {
      "fromBlock": "84a26dfd-3520-4e6a-ad66-94f7507fc504",
      "fromPort": "output",
      "toBlock": "f6b0525e-97cb-48d6-b184-7f4ca8ff88d5",
      "toPort": "input"
    },
    {
      "fromBlock": "8fbaee53-5f9b-4ebb-ab16-7052d43cd64b",
      "fromPort": "output",
      "toBlock": "52e6a0fc-c95c-4fcb-9f9f-59b48a9846c2",
      "toPort": "input"
    },
    {
      "fromBlock": "90e9e977-6f54-4e56-be14-31bf79c538a5",
      "fromPort": "output",
      "toBlock": "4a7cf97d-0bf2-4e89-b94e-22737a0dd9dd",
      "toPort": "input"
    },
    {
      "fromBlock": "960deb46-6ecd-4ed1-8918-705a3d0d9a5d",
      "fromPort": "output",
      "toBlock": "028d769b-46f5-405d-b97a-5a4b4ee57b9c",
      "toPort": "input"
    },
    {
      "fromBlock": "98a15c18-194b-4d9a-800a-0238fd0b49e1",
      "fromPort": "output",
      "toBlock": "a270f056-4303-4939-a51f-192fee45d1fd",
      "toPort": "input"
    },
    {
      "fromBlock": "a270f056-4303-4939-a51f-192fee45d1fd",
      "fromPort": "output",
      "toBlock": "4caa926f-71d6-4f5b-9003-e5a288fa3cf6",
      "toPort": "input"
    },
    {
      "fromBlock": "a8dd6ff9-3749-4eee-b26e-783a0921dec2",
      "fromPort": "output",
      "toBlock": "fb3ace02-d47d-46e3-b267-2b9434dff38e",
      "toPort": "input"
    },
    {
      "fromBlock": "aa3fac30-0f0c-4fcb-b45d-9171704df414",
      "fromPort": "output",
      "toBlock": "74795a03-ebc7-43ed-9b8a-553759206d16",
      "toPort": "input"
    },
    {
      "fromBlock": "ada2fbd8-e73f-43ff-b28c-e98985034832",
      "fromPort": "6df8989b-a0c5-44a8-ba2d-42a9b8aaea1a",
      "toBlock": "98a15c18-194b-4d9a-800a-0238fd0b49e1",
      "toPort": "input"
    },
    {
      "fromBlock": "ada2fbd8-e73f-43ff-b28c-e98985034832",
      "fromPort": "bd7e2c54-2935-4f79-9dd9-26be65d8ef80",
      "toBlock": "7579c7a3-3062-473f-ba48-d5e9d97a575c",
      "toPort": "input"
    },
    {
      "fromBlock": "b2c51067-1fe2-400e-a464-29674f25b4a0",
      "fromPort": "1cf4b670-f280-4d66-9245-f8af476824a7",
      "toBlock": "aa3fac30-0f0c-4fcb-b45d-9171704df414",
      "toPort": "input"
    },
    {
      "fromBlock": "b2c51067-1fe2-400e-a464-29674f25b4a0",
      "fromPort": "24fb0128-1bd6-4bf7-bce0-4abc34cad636",
      "toBlock": "b4c0076c-3296-45a4-a358-c9f371f24e8c",
      "toPort": "input"
    },
    {
      "fromBlock": "b48db866-4472-4cdb-9a1a-f223e6f48502",
      "fromPort": "output",
      "toBlock": "20009e3a-c1fe-4198-a44b-26e433aa5e89",
      "toPort": "input"
    },
    {
      "fromBlock": "b4c0076c-3296-45a4-a358-c9f371f24e8c",
      "fromPort": "output",
      "toBlock": "a8dd6ff9-3749-4eee-b26e-783a0921dec2",
      "toPort": "input"
    },
    {
      "fromBlock": "bc470165-9d52-476d-b09d-cfc863f5a9b0",
      "fromPort": "output",
      "toBlock": "68b75337-4edf-41c0-a237-5a02e3e12539",
      "toPort": "input"
    },
    {
      "fromBlock": "c23b5d9d-8d7d-4e44-a553-de2841be9687",
      "fromPort": "output",
      "toBlock": "e27f7e73-8cfe-4bf3-b659-00d6ea6b89ee",
      "toPort": "input"
    },
    {
      "fromBlock": "e27f7e73-8cfe-4bf3-b659-00d6ea6b89ee",
      "fromPort": "output",
      "toBlock": "581b53dc-667f-4f8b-8cb5-7ede8c95047e",
      "toPort": "input"
    },
    {
      "fromBlock": "eb2ebdee-8dc8-4e73-b0df-8dec4e1d5a67",
      "fromPort": "output",
      "toBlock": "ada2fbd8-e73f-43ff-b28c-e98985034832",
      "toPort": "input"
    },
    {
      "fromBlock": "ec092cc7-b5c8-4aec-9ef2-d4ac00dd0515",
      "fromPort": "output",
      "toBlock": "960deb46-6ecd-4ed1-8918-705a3d0d9a5d",
      "toPort": "input"
    },
    {
      "fromBlock": "f0069f13-486e-4f3a-ae04-e27a6b67aacc",
      "fromPort": "output",
      "toBlock": "960deb46-6ecd-4ed1-8918-705a3d0d9a5d",
      "toPort": "input"
    },
    {
      "fromBlock": "f6b0525e-97cb-48d6-b184-7f4ca8ff88d5",
      "fromPort": "output",
      "toBlock": "f3553c35-7bba-4161-b206-14286f3b0353",
      "toPort": "input"
    },
    {
      "fromBlock": "028d769b-46f5-405d-b97a-5a4b4ee57b9c",
      "fromPort": "output",
      "toBlock": "5436a0f8-64cc-46e7-81e4-a97374bd32ef",
      "toPort": "input"
    },
    {
      "fromBlock": "0cc15a29-cb95-490f-ab63-7e77c52bf1fa",
      "fromPort": "output",
      "toBlock": "3d482b1d-8e2a-44d6-b8b6-7eebaf0770aa",
      "toPort": "input"
    },
    {
      "fromBlock": "20009e3a-c1fe-4198-a44b-26e433aa5e89",
      "fromPort": "output",
      "toBlock": "e2d965aa-0352-44c8-88e5-f55d9a54d7fd",
      "toPort": "input"
    },
    {
      "fromBlock": "3d482b1d-8e2a-44d6-b8b6-7eebaf0770aa",
      "fromPort": "output",
      "toBlock": "b48db866-4472-4cdb-9a1a-f223e6f48502",
      "toPort": "input"
    },
    {
      "fromBlock": "3f702c48-a7be-4179-ac78-f92310c64d00",
      "fromPort": "output",
      "toBlock": "b2c51067-1fe2-400e-a464-29674f25b4a0",
      "toPort": "input"
    },
    {
      "fromBlock": "49a4db86-ffcf-432b-acdf-30b851367b4d",
      "fromPort": "output",
      "toBlock": "84a26dfd-3520-4e6a-ad66-94f7507fc504",
      "toPort": "input"
    },
    {
      "fromBlock": "49a4db86-ffcf-432b-acdf-30b851367b4d",
      "fromPort": "6760fb23-fbdd-48cf-9381-44aab25b0b28",
      "toBlock": "f6b0525e-97cb-48d6-b184-7f4ca8ff88d5",
      "toPort": "input"
    },
    {
      "fromBlock": "4a7cf97d-0bf2-4e89-b94e-22737a0dd9dd",
      "fromPort": "output",
      "toBlock": "50f6b063-51ac-47b1-8c8d-747d5b49a015",
      "toPort": "input"
    },
    {
      "fromBlock": "4caa926f-71d6-4f5b-9003-e5a288fa3cf6",
      "fromPort": "output",
      "toBlock": "4f8f4c5a-1ba3-489b-bf1f-c028c87ef9a1",
      "toPort": "input"
    },
    {
      "fromBlock": "4f8f4c5a-1ba3-489b-bf1f-c028c87ef9a1",
      "fromPort": "output",
      "toBlock": "49a4db86-ffcf-432b-acdf-30b851367b4d",
      "toPort": "input"
    },
    {
      "fromBlock": "50f6b063-51ac-47b1-8c8d-747d5b49a015",
      "fromPort": "output",
      "toBlock": "06977f9f-6ee3-4084-ab35-1f29f56bf23a",
      "toPort": "input"
    },
    {
      "fromBlock": "52e6a0fc-c95c-4fcb-9f9f-59b48a9846c2",
      "fromPort": "output",
      "toBlock": "cd2fab25-b5ef-4661-9ef5-3b6c9d10d0ad",
      "toPort": "input"
    },
    {
      "fromBlock": "68b75337-4edf-41c0-a237-5a02e3e12539",
      "fromPort": "output",
      "toBlock": "8fbaee53-5f9b-4ebb-ab16-7052d43cd64b",
      "toPort": "input"
    },
    {
      "fromBlock": "6ae264b4-4766-4cf5-bf52-fcad684fe465",
      "fromPort": "output",
      "toBlock": "c23b5d9d-8d7d-4e44-a553-de2841be9687",
      "toPort": "input"
    },
    {
      "fromBlock": "74795a03-ebc7-43ed-9b8a-553759206d16",
      "fromPort": "output",
      "toBlock": "91813f28-8855-49fb-b2d0-9c4bde8bf009",
      "toPort": "input"
    },
    {
      "fromBlock": "7579c7a3-3062-473f-ba48-d5e9d97a575c",
      "fromPort": "output",
      "toBlock": "bc470165-9d52-476d-b09d-cfc863f5a9b0",
      "toPort": "input"
    }
  ]
}