{
  "integrations": [
    {
      "id": "7487ee0d-5105-49af-be40-50c406a13fb8",
      "name": "Incident Alerts - Acknowledge",
      "action": "RUN_SCRIPT",
      "type": "OUTBOUND_WEBHOOK",
      "triggeredBy": "RESPONSE",
      "responseChoice": "Acknowledge",
      "deployed": true,
      "form": "1bf7c38f-300d-40f0-b079-bd97d27e1b5f",
      "environment": "HOSTED",
      "authType": "NONE",
      "createdBy": "FLOW"
    },
    {
      "id": "688cbcd7-9746-4dbe-bbc4-e873c8e317b5",
      "name": "Incident Alerts - Assign to me",
      "action": "RUN_SCRIPT",
      "type": "OUTBOUND_WEBHOOK",
      "triggeredBy": "RESPONSE",
      "responseChoice": "Assign to me",
      "deployed": true,
      "form": "1bf7c38f-300d-40f0-b079-bd97d27e1b5f",
      "environment": "HOSTED",
      "authType": "NONE",
      "createdBy": "FLOW"
    },
    {
      "id": "05bf8bde-c9c2-4ac6-90bd-8a3d64ae5f7b",
      "name": "Incident Alerts - Device Delivery Updates",
      "action": "RUN_SCRIPT",
      "type": "OUTBOUND_WEBHOOK",
      "triggeredBy": "DELIVERYSTATUS",
      "deployed": true,
      "form": "1bf7c38f-300d-40f0-b079-bd97d27e1b5f",
      "environment": "HOSTED",
      "authType": "NONE",
      "createdBy": "FLOW"
    },
    {
      "id": "0842ae28-da45-4e4c-841b-79b4417774b5",
      "name": "Incident Alerts - Escalate",
      "action": "RUN_SCRIPT",
      "type": "OUTBOUND_WEBHOOK",
      "triggeredBy": "RESPONSE",
      "responseChoice": "Escalate",
      "deployed": true,
      "form": "1bf7c38f-300d-40f0-b079-bd97d27e1b5f",
      "environment": "HOSTED",
      "authType": "NONE",
      "createdBy": "FLOW"
    },
    {
      "id": "bb36b818-7d30-409f-b727-c67b6ee6a6de",
      "name": "Incident Alerts - Event Comments",
      "action": "RUN_SCRIPT",
      "type": "OUTBOUND_WEBHOOK",
      "triggeredBy": "ANNOTATION",
      "deployed": true,
      "form": "1bf7c38f-300d-40f0-b079-bd97d27e1b5f",
      "environment": "HOSTED",
      "authType": "NONE",
      "createdBy": "FLOW"
    },
    {
      "id": "7652a7d9-e2ea-496a-a0cb-b8f96ab9e571",
      "name": "Incident Alerts - Event Status Updates",
      "action": "RUN_SCRIPT",
      "type": "OUTBOUND_WEBHOOK",
      "triggeredBy": "STATUS",
      "deployed": true,
      "form": "1bf7c38f-300d-40f0-b079-bd97d27e1b5f",
      "environment": "HOSTED",
      "authType": "NONE",
      "createdBy": "FLOW"
    },
    {
      "id": "ac23f3b3-a799-423c-a093-c7bb828d9069",
      "name": "Step 00 | Incoming Remedy | xM Agent",
      "action": "RUN_SCRIPT",
      "type": "INBOUND_WEBHOOK",
      "deployed": false,
      "script": "/******************************************************************************\n * Inbound integrations - run a script\n *\n * Using an inbound integration to run a script enables you to access the full\n * functionality of the xMatters REST API with simple HTTP call.\n *\n * Each inbound integration is authenticated independently, which allows you to\n * run the script without storing the login credentials of your xMatters account\n * in an external system.\n *\n * Scripts can use the xMatters REST API to manage users, groups, and events,\n * see who is on call, or perform any other system actions available in the xMatters\n * REST API (see https://help.xmatters.com/xmAPI). Scripts can also interact with other\n * systems in your toolchain by calling endpoints over HTTP.\n *\n * When you choose the Run a script action in the Integration Builder, the script\n * is not associated with a specific form and the built-in form object is not available.\n *\n * The following sample code shows how to parse the payload from the inbound integration\n * request, extract a ticket number, and then use the xMatters REST API to find and\n * terminate matching events. You can use it as a template and then customize it to work\n * with your integration.\n */\n\n/**\n * Parse incoming data\n *\n * Typically, data is passed into an inbound integration as XML or JSON in the request\n * body, but you can represent the data in another format or include it as a query\n * parameter appended to the URL.\n *\n * The script's built-in request object enables you to access elements of the\n * request, including the payload contained in the request body and any URL\n * parameters. The following code snippets show how to retrieve these values.\n * Choose the option that matches how your system includes data in the request to\n * the inbound integration URL.\n */\n//var payload = JSON.parse(request.body);  //Use this if the payload is a JSON object in the request body\n//var payload = JXON.parse(request.body);  //Use this if the payload is XML in the request body\n//var payload = request.parameters;        //Use this if the payload is in a query parameter\n// Don't parse incoming payload. It will be parsed in the the inbound Flow.\nvar payload = request.body;\n\nconsole.log(\"Incoming payload: \" + payload);\n\n// Kickoff Inbound Flow\nvar flowRequest = http.request({\n    'endpoint': 'xMatters Basic',\n    'path': constants.XMATTERS_INCIDENT_IB_FLOW_PATH,\n    'method': 'POST'\n});\nvar flowHttpTriggerResponse = flowRequest.write(payload);\n\n/** Check the response status code to see if the request succeeded **/\nif (flowHttpTriggerResponse.statusCode >= 200 && flowHttpTriggerResponse.statusCode < 300) {\n    console.log(\"Successfully submitted Remedy payload to kickoff inbound Flow. statusCode: \" + flowHttpTriggerResponse.statusCode);\n} else {\n    console.log(\"Failed to submit Remedy payload to kickoff inbound Flow. statusCode: \" + flowHttpTriggerResponse.statusCode);\n    return;\n}\n",
      "environment": "HOSTED",
      "authType": "ANY",
      "createdBy": "IB"
    },
    {
      "id": "5f3a55c7-f585-4d5c-b88d-eec1ef90c0c3",
      "name": "Step 01 | Inbound Request | JSON",
      "action": "RUN_SCRIPT",
      "type": "INBOUND_WEBHOOK",
      "deployed": true,
      "form": "1bf7c38f-300d-40f0-b079-bd97d27e1b5f",
      "environment": "HOSTED",
      "authType": "URL",
      "createdBy": "FLOW",
      "integrationScriptStepUuid": "32ab7819-e5a6-4a13-88c7-f7fe1a8a00df"
    },
    {
      "id": "dfd66040-edfb-4966-82f2-6dd68076f76b",
      "name": "Step 02 | Create Event | Incident Alert | Flow",
      "action": "CREATE_EVENT",
      "type": "INBOUND_WEBHOOK",
      "deployed": true,
      "form": "1bf7c38f-300d-40f0-b079-bd97d27e1b5f",
      "script": "/******************************************************************************\n * Inbound integrations - create an xMatters event\n *\n * Inbound integrations enable you to configure and initiate an xMatters event\n * from any system that can send a webhook.\n *\n * The following event properties can be configured from this script:\n * - recipients\n * - form properties\n * - event priority\n * - conference bridge settings\n * - responses (choose a subset of existing responses)\n *\n * Each inbound integration is authenticated independently, which enables you\n * to initiate an event without storing the login credentials of your xMatters\n * account.\n *\n * To run an inbound integration script, send a POST request to the\n * inbound integration URL and include data in the request body that the script\n * can use to populate the form. The script can access the request data from\n * the script's built-in request object.\n *\n * The following sample code shows how to read the request's payload and use it\n * to populate a form and initiate an event. You can use it as a template and\n * modify it to work with your integration.\n ******************************************************************************/\n\n/**\n * Parse incoming data\n *\n * Typically, data is passed into an inbound integration as XML or JSON in the request\n * body, but you can represent the data in another format or include it as a query\n * parameter.\n *\n * The script's built-in request object enables you to access the elements of the\n * request, including the payload contained in the request body and any URL\n * parameters. The following code snippets show how to retrieve these values.\n * Choose the option that matches how your system includes data in the request to\n * the inbound integration URL.\n */\nvar payload = JSON.parse(request.body);  //Use this if the payload is a JSON object in the request body\n//var payload = JXON.parse(request.body);  //Use this if the payload is XML in the request body\n//var payload = request.parameters;        //Use this if the payload is in a query parameter\n\n/**\n * Trigger the event\n * Use form.post(trigger) to initiate the event.\n */\nvar formPostResponse = form.post(payload);\nconsole.log(\"formPostResponse.statusCode: \" + formPostResponse.statusCode);\n",
      "environment": "HOSTED",
      "authType": "ANY",
      "createdBy": "IB"
    }
  ],
  "endpoints": [
    {
      "name": "Remedy JWT",
      "baseUrl": "https://midtier.company.com",
      "type": "EXTERNAL",
      "authentication": "NO_AUTH"
    },
    {
      "name": "Remedy Token",
      "baseUrl": "https://midtier.company.com",
      "type": "EXTERNAL",
      "authentication": "REMEDY_TOKEN"
    },
    {
      "name": "xMatters Basic",
      "baseUrl": "https://company.xmatters.com",
      "type": "EXTERNAL",
      "authentication": "BASIC"
    }
  ],
  "constants": [
    {
      "name": "NOTE_PREFIX_DEFAULT",
      "value": "[xMatters]",
      "description": "The default text to precede Work Info content"
    },
    {
      "name": "REMEDY_FQDN",
      "value": "https://midtier.company.com",
      "description": "The fully qualified domain name of the Remedy Mid Tier server"
    },
    {
      "name": "REMEDY_OPT_SIMPLE_GROUP_NAME",
      "value": "false",
      "description": "[Use all lowercase] If true, construct group name as only Assigned_Group vs Support Company*Support Organization*Assigned_Group"
    },
    {
      "name": "REMEDY_RESOLVED_RESOLUTION",
      "value": "Ticket resolved via xMatters notification response",
      "description": "Description set in the Resolution field."
    },
    {
      "name": "REMEDY_RESOLVED_RESOLUTION_METHOD",
      "value": "Self-Service",
      "description": "Method set in the Resolution Method field"
    },
    {
      "name": "REMEDY_SERVER_NAME",
      "value": "servernameprod",
      "description": "The logical server name to target in Remedy"
    },
    {
      "name": "REMEDY_STATUS_IN_PROGRESS",
      "value": "In Progress",
      "description": "Value put into the Status field upon Accept (case-sensitive)"
    },
    {
      "name": "REMEDY_STATUS_REASON",
      "value": "No Further Action Required",
      "description": "Value entered into the Status_Reason field upon Resolution"
    },
    {
      "name": "REMEDY_STATUS_RESOLVED",
      "value": "Resolved",
      "description": "Value put into the Status field upon Resolve response (case-sensitive)"
    },
    {
      "name": "REMEDY_WORKINFO_MAX_LENGTH",
      "value": "100",
      "description": "Remedy Work Info maximum character length"
    },
    {
      "name": "RESPONSE_OPTIONS_INCIDENT_GROUP",
      "value": "not used in this integration version",
      "description": "Group response options for Helix Incident alerts. GUIDs separated by commas."
    },
    {
      "name": "RESPONSE_OPTIONS_INCIDENT_USER",
      "value": "not used in this integration version",
      "description": "User response options for Helix Incident alerts. GUIDs separated by commas."
    },
    {
      "name": "USER_REMEDY_PASSWORD",
      "value": "password",
      "description": "Password for integration user"
    },
    {
      "name": "USER_REMEDY_USERNAME",
      "value": "username",
      "description": "Username for integration user in Remedy"
    },
    {
      "name": "XMATTERS_INCIDENT_EVENT_IB_PATH",
      "value": "/api/integration/1/functions/[UUID]/triggers",
      "description": "Inbound Integration Step 02 path to Create Event from Flow - use xMatters Basic Auth"
    },
    {
      "name": "XMATTERS_INCIDENT_IB_FLOW_PATH",
      "value": "/api/integration/1/functions/[UUID]/triggers?apiKey=[apiKey]",
      "description": "Inbound Integration Step 01 path to trigger the Flow - use URL Authentication"
    }
  ]
}