[
  {
    "baseType": 3,
    "name": "Assigned Group",
    "defaultValue": "",
    "description": "",
    "helpText": "",
    "isSystem": false,
    "minLength": 0,
    "maxLength": 2000,
    "validationRegex": "",
    "isValidate": false,
    "uuid": "c8bd5935-530a-45f0-8823-5cbe70eb387b"
  },
  {
    "baseType": 3,
    "name": "Assigned Group ID",
    "defaultValue": "",
    "description": "",
    "helpText": "",
    "isSystem": false,
    "minLength": 0,
    "maxLength": 200,
    "validationRegex": "",
    "isValidate": false,
    "uuid": "f4b908df-7ca4-44e9-9f28-0d1f90f6a770"
  },
  {
    "baseType": 3,
    "name": "Assigned Group Shift ID",
    "defaultValue": "",
    "description": "",
    "helpText": "",
    "isSystem": false,
    "minLength": 0,
    "maxLength": 30,
    "validationRegex": "",
    "isValidate": false,
    "uuid": "af8ce8fd-1dfb-4c9d-8a94-8110d942025c"
  },
  {
    "baseType": 3,
    "name": "Assigned Group Shift Name",
    "defaultValue": "",
    "description": "",
    "helpText": "",
    "isSystem": false,
    "minLength": 0,
    "maxLength": 2000,
    "validationRegex": "",
    "isValidate": false,
    "uuid": "1b13f031-b89d-41c4-893b-7af3bad1bcf2"
  },
  {
    "baseType": 3,
    "name": "Assigned Support Company",
    "defaultValue": "",
    "description": "",
    "helpText": "",
    "isSystem": false,
    "minLength": 0,
    "maxLength": 2000,
    "validationRegex": "",
    "isValidate": false,
    "uuid": "a979a335-cb29-4ed9-b03f-7dd7cf12b621"
  },
  {
    "baseType": 3,
    "name": "Assigned Support Organization",
    "defaultValue": "",
    "description": "",
    "helpText": "",
    "isSystem": false,
    "minLength": 0,
    "maxLength": 2000,
    "validationRegex": "",
    "isValidate": false,
    "uuid": "9cca33b9-bb17-44db-9cfe-7fa055b577c8"
  },
  {
    "baseType": 3,
    "name": "Assignee",
    "defaultValue": "",
    "description": "",
    "helpText": "",
    "isSystem": false,
    "minLength": 0,
    "maxLength": 2000,
    "validationRegex": "",
    "isValidate": false,
    "uuid": "bb22d969-7b2d-44a3-91e3-423238843cee"
  },
  {
    "baseType": 3,
    "name": "Assignee Login ID",
    "defaultValue": "",
    "description": "",
    "helpText": "",
    "isSystem": false,
    "minLength": 0,
    "maxLength": 20,
    "validationRegex": "",
    "isValidate": false,
    "uuid": "5f26e364-de28-48f7-9344-6132840055db"
  },
  {
    "baseType": 3,
    "name": "Categorization Tier 1",
    "defaultValue": "",
    "description": "",
    "helpText": "",
    "isSystem": false,
    "minLength": 0,
    "maxLength": 2000,
    "validationRegex": "",
    "isValidate": false,
    "uuid": "d62646bd-fc05-45b5-b100-d16cecd71b29"
  },
  {
    "baseType": 3,
    "name": "Categorization Tier 2",
    "defaultValue": "",
    "description": "",
    "helpText": "",
    "isSystem": false,
    "minLength": 0,
    "maxLength": 2000,
    "validationRegex": "",
    "isValidate": false,
    "uuid": "e34425c0-eb3b-46c4-a764-b17aeffa5dc8"
  },
  {
    "baseType": 3,
    "name": "Categorization Tier 3",
    "defaultValue": "",
    "description": "",
    "helpText": "",
    "isSystem": false,
    "minLength": 0,
    "maxLength": 2000,
    "validationRegex": "",
    "isValidate": false,
    "uuid": "9400d407-3059-4310-84e7-9668b48f4600"
  },
  {
    "baseType": 3,
    "name": "City",
    "defaultValue": "",
    "description": "",
    "helpText": "",
    "isSystem": false,
    "minLength": 0,
    "maxLength": 2000,
    "validationRegex": "",
    "isValidate": false,
    "uuid": "4f61e8cb-f017-491e-b496-96ccd38119ae"
  },
  {
    "baseType": 3,
    "name": "Closure Manufacturer",
    "defaultValue": "",
    "description": "",
    "helpText": "",
    "isSystem": false,
    "minLength": 0,
    "maxLength": 2000,
    "validationRegex": "",
    "isValidate": false,
    "uuid": "a0233fd0-883b-4f7e-b9b6-68eb74fbdb34"
  },
  {
    "baseType": 3,
    "name": "Closure Product Category Tier1",
    "defaultValue": "",
    "description": "",
    "helpText": "",
    "isSystem": false,
    "minLength": 0,
    "maxLength": 2000,
    "validationRegex": "",
    "isValidate": false,
    "uuid": "4d591390-7845-4fe4-b6c6-233ed566b934"
  },
  {
    "baseType": 3,
    "name": "Closure Product Category Tier2",
    "defaultValue": "",
    "description": "",
    "helpText": "",
    "isSystem": false,
    "minLength": 0,
    "maxLength": 2000,
    "validationRegex": "",
    "isValidate": false,
    "uuid": "c03f181e-949e-4e35-a39d-fafd35ace983"
  },
  {
    "baseType": 3,
    "name": "Closure Product Category Tier3",
    "defaultValue": "",
    "description": "",
    "helpText": "",
    "isSystem": false,
    "minLength": 0,
    "maxLength": 2000,
    "validationRegex": "",
    "isValidate": false,
    "uuid": "6df3ab18-abcb-458a-89bd-a29d052eca39"
  },
  {
    "baseType": 3,
    "name": "Closure Product Model/Version",
    "defaultValue": "",
    "description": "",
    "helpText": "",
    "isSystem": false,
    "minLength": 0,
    "maxLength": 2000,
    "validationRegex": "",
    "isValidate": false,
    "uuid": "d02ba3b1-fd4a-47b7-bfd4-7e4dc7c958da"
  },
  {
    "baseType": 3,
    "name": "Closure Product Name",
    "defaultValue": "",
    "description": "",
    "helpText": "",
    "isSystem": false,
    "minLength": 0,
    "maxLength": 2000,
    "validationRegex": "",
    "isValidate": false,
    "uuid": "de578f6d-1f9c-444b-901a-2cd9707edd3e"
  },
  {
    "baseType": 22,
    "name": "Company",
    "description": "",
    "helpText": "",
    "isSystem": false,
    "values": [
      {
        "value": "Calbro Services",
        "isDefault": false,
        "isVisible": true
      }
    ],
    "uuid": "bbf1b990-05df-4da7-afbb-01e6677dfa04"
  },
  {
    "baseType": 3,
    "name": "Contact Company",
    "defaultValue": "",
    "description": "",
    "helpText": "",
    "isSystem": false,
    "minLength": 0,
    "maxLength": 2000,
    "validationRegex": "",
    "isValidate": false,
    "uuid": "6bb3fa83-0066-405f-8018-c343657bc3ec"
  },
  {
    "baseType": 3,
    "name": "Contact Organization",
    "defaultValue": "",
    "description": "",
    "helpText": "",
    "isSystem": false,
    "minLength": 0,
    "maxLength": 2000,
    "validationRegex": "",
    "isValidate": false,
    "uuid": "d40096e9-9b40-425b-a1ce-0f6fc4f99521"
  },
  {
    "baseType": 22,
    "name": "Contact Sensitivity",
    "description": "",
    "helpText": "",
    "isSystem": false,
    "values": [
      {
        "value": "Standard",
        "isDefault": false,
        "isVisible": true
      },
      {
        "value": "Sensitive",
        "isDefault": false,
        "isVisible": true
      }
    ],
    "uuid": "9e263d11-7123-466e-bd6f-4b45a1edd2af"
  },
  {
    "baseType": 3,
    "name": "Country",
    "defaultValue": "",
    "description": "",
    "helpText": "",
    "isSystem": false,
    "minLength": 0,
    "maxLength": 2000,
    "validationRegex": "",
    "isValidate": false,
    "uuid": "b4a11c75-9377-41a2-831f-01f92c414e0e"
  },
  {
    "baseType": 3,
    "name": "Department",
    "defaultValue": "",
    "description": "",
    "helpText": "",
    "isSystem": false,
    "minLength": 0,
    "maxLength": 2000,
    "validationRegex": "",
    "isValidate": false,
    "uuid": "fa946df6-7ee3-410b-8e22-34090df8b1ab"
  },
  {
    "baseType": 3,
    "name": "Description",
    "defaultValue": "",
    "description": "Remedy 'Summary'",
    "helpText": "",
    "isSystem": false,
    "minLength": 0,
    "maxLength": 2000,
    "validationRegex": "",
    "isValidate": false,
    "uuid": "94c2d7cf-8604-475d-8428-f0e4ff47e31b"
  },
  {
    "baseType": 3,
    "name": "Detailed Decription",
    "defaultValue": "",
    "description": "Remedy 'Notes'. This property is incorrectly spelled in Remedy as \"Detailed Decription\"",
    "helpText": "",
    "isSystem": false,
    "minLength": 0,
    "maxLength": 2000,
    "validationRegex": "",
    "isValidate": false,
    "uuid": "588cb5f5-6360-4d77-9071-ee1b6b9d59ed"
  },
  {
    "baseType": 3,
    "name": "Direct Contact First Name",
    "defaultValue": "",
    "description": "",
    "helpText": "",
    "isSystem": false,
    "minLength": 0,
    "maxLength": 2000,
    "validationRegex": "",
    "isValidate": false,
    "uuid": "202af644-a98b-445b-a220-a9f0e520e131"
  },
  {
    "baseType": 3,
    "name": "Direct Contact Last Name",
    "defaultValue": "",
    "description": "",
    "helpText": "",
    "isSystem": false,
    "minLength": 0,
    "maxLength": 2000,
    "validationRegex": "",
    "isValidate": false,
    "uuid": "9905864c-216b-4629-b806-43718643b331"
  },
  {
    "baseType": 3,
    "name": "Direct Contact Phone Number",
    "defaultValue": "",
    "description": "",
    "helpText": "",
    "isSystem": false,
    "minLength": 0,
    "maxLength": 2000,
    "validationRegex": "",
    "isValidate": false,
    "uuid": "47c29c75-82a9-4506-8e99-540ebda1b152"
  },
  {
    "baseType": 3,
    "name": "Engage_Message",
    "defaultValue": "",
    "description": "",
    "helpText": "",
    "isSystem": false,
    "minLength": 0,
    "maxLength": 20000,
    "validationRegex": "",
    "isValidate": false,
    "uuid": "1a44fd23-13ab-4d2c-be5e-006799548788"
  },
  {
    "baseType": 3,
    "name": "Engage_Subject",
    "defaultValue": "",
    "description": "",
    "helpText": "",
    "isSystem": false,
    "minLength": 0,
    "maxLength": 100,
    "validationRegex": "",
    "isValidate": false,
    "uuid": "18153e02-bd9b-4272-9b16-1e3050dd2e37"
  },
  {
    "baseType": 3,
    "name": "Engage_Targets",
    "defaultValue": "",
    "description": "",
    "helpText": "",
    "isSystem": false,
    "minLength": 0,
    "maxLength": 2000,
    "validationRegex": "",
    "isValidate": false,
    "uuid": "b8542aee-3810-4d1b-92fa-7a6598d51c23"
  },
  {
    "baseType": 3,
    "name": "Environment",
    "defaultValue": "",
    "description": "",
    "helpText": "",
    "isSystem": false,
    "minLength": 0,
    "maxLength": 30,
    "validationRegex": "",
    "isValidate": false,
    "uuid": "0bc35fd1-7b0d-4192-b9e6-0d43b69a9d9a"
  },
  {
    "baseType": 22,
    "name": "Escalated",
    "description": "",
    "helpText": "",
    "isSystem": false,
    "values": [
      {
        "value": "Yes",
        "isDefault": false,
        "isVisible": true
      },
      {
        "value": "No",
        "isDefault": false,
        "isVisible": true
      }
    ],
    "uuid": "630aeeea-fce5-4d19-8d23-4cda2b3b55da"
  },
  {
    "baseType": 21,
    "name": "Escalations ESC tags",
    "description": "",
    "helpText": "",
    "isSystem": false,
    "values": [
      {
        "value": "ESC1",
        "isDefault": false,
        "isVisible": true
      },
      {
        "value": "ESC2",
        "isDefault": false,
        "isVisible": true
      },
      {
        "value": "ESC3",
        "isDefault": false,
        "isVisible": true
      }
    ],
    "uuid": "08911568-d8c1-4b65-b0de-559a875c5783"
  },
  {
    "baseType": 3,
    "name": "First Name",
    "defaultValue": "",
    "description": "",
    "helpText": "",
    "isSystem": false,
    "minLength": 0,
    "maxLength": 2000,
    "validationRegex": "",
    "isValidate": false,
    "uuid": "5bdc6713-3e15-407b-922c-1a7605267924"
  },
  {
    "baseType": 3,
    "name": "GET Failure Message",
    "defaultValue": "",
    "description": "",
    "helpText": "",
    "isSystem": false,
    "minLength": 0,
    "maxLength": 200,
    "validationRegex": "",
    "isValidate": false,
    "uuid": "6f783d6d-1268-4c97-830c-31f9e31b0640"
  },
  {
    "baseType": 3,
    "name": "HPD_CI",
    "defaultValue": "",
    "description": "",
    "helpText": "",
    "isSystem": false,
    "minLength": 0,
    "maxLength": 2000,
    "validationRegex": "",
    "isValidate": false,
    "uuid": "8ddca8e6-5215-4503-b89a-25ddda6e68e9"
  },
  {
    "baseType": 22,
    "name": "Impact",
    "description": "",
    "helpText": "",
    "isSystem": false,
    "values": [
      {
        "value": "1-Extensive/Widespread",
        "isDefault": false,
        "isVisible": true
      },
      {
        "value": "2-Significant/Large",
        "isDefault": false,
        "isVisible": true
      },
      {
        "value": "3-Moderate/Limited",
        "isDefault": false,
        "isVisible": true
      },
      {
        "value": "4-Minor/Localized",
        "isDefault": false,
        "isVisible": true
      }
    ],
    "uuid": "c54ba1d8-10c5-4681-a008-288b7c282216"
  },
  {
    "baseType": 3,
    "name": "Incident Number",
    "defaultValue": "",
    "description": "",
    "helpText": "",
    "isSystem": false,
    "minLength": 0,
    "maxLength": 30,
    "validationRegex": "",
    "isValidate": false,
    "uuid": "d28b9576-cef5-45be-8392-307550cccf94"
  },
  {
    "baseType": 3,
    "name": "Last Name",
    "defaultValue": "",
    "description": "",
    "helpText": "",
    "isSystem": false,
    "minLength": 0,
    "maxLength": 2000,
    "validationRegex": "",
    "isValidate": false,
    "uuid": "b1099126-fca2-43a8-bda2-b23546453754"
  },
  {
    "baseType": 3,
    "name": "Manufacturer",
    "defaultValue": "",
    "description": "",
    "helpText": "",
    "isSystem": false,
    "minLength": 0,
    "maxLength": 2000,
    "validationRegex": "",
    "isValidate": false,
    "uuid": "71d1543e-6767-4e41-8f17-74b3f378fc3f"
  },
  {
    "baseType": 3,
    "name": "Middle Initial",
    "defaultValue": "",
    "description": "",
    "helpText": "",
    "isSystem": false,
    "minLength": 0,
    "maxLength": 2000,
    "validationRegex": "",
    "isValidate": false,
    "uuid": "e08a360e-2dcd-4712-961d-2cdbe3e27471"
  },
  {
    "baseType": 3,
    "name": "Notes",
    "defaultValue": "",
    "description": "",
    "helpText": "",
    "isSystem": false,
    "minLength": 0,
    "maxLength": 2000,
    "validationRegex": "",
    "isValidate": false,
    "uuid": "e217a1c5-b4bc-44c7-b444-dbaa97135b0a"
  },
  {
    "baseType": 3,
    "name": "Owner FullName",
    "defaultValue": "",
    "description": "",
    "helpText": "",
    "isSystem": false,
    "minLength": 0,
    "maxLength": 200,
    "validationRegex": "",
    "isValidate": false,
    "uuid": "709a3606-a836-409a-a57d-b4486775f42d"
  },
  {
    "baseType": 3,
    "name": "Owner Group",
    "defaultValue": "",
    "description": "",
    "helpText": "",
    "isSystem": false,
    "minLength": 0,
    "maxLength": 300,
    "validationRegex": "",
    "isValidate": false,
    "uuid": "a175eec7-a10d-400c-ab53-7ff55c4cbec1"
  },
  {
    "baseType": 3,
    "name": "Owner Group ID",
    "defaultValue": "",
    "description": "",
    "helpText": "",
    "isSystem": false,
    "minLength": 0,
    "maxLength": 50,
    "validationRegex": "",
    "isValidate": false,
    "uuid": "e2318f2c-b0c4-4df5-85c6-a372816dcbd2"
  },
  {
    "baseType": 3,
    "name": "Owner Login",
    "defaultValue": "",
    "description": "",
    "helpText": "",
    "isSystem": false,
    "minLength": 0,
    "maxLength": 30,
    "validationRegex": "",
    "isValidate": false,
    "uuid": "24bc8a1d-2219-4f01-b7cc-5d1b14e6f0f6"
  },
  {
    "baseType": 3,
    "name": "Owner Support Company",
    "defaultValue": "",
    "description": "",
    "helpText": "",
    "isSystem": false,
    "minLength": 0,
    "maxLength": 100,
    "validationRegex": "",
    "isValidate": false,
    "uuid": "a84aa878-8844-4a93-8aa1-65e09ba4a50f"
  },
  {
    "baseType": 3,
    "name": "Owner Support Organization",
    "defaultValue": "",
    "description": "",
    "helpText": "",
    "isSystem": false,
    "minLength": 0,
    "maxLength": 100,
    "validationRegex": "",
    "isValidate": false,
    "uuid": "bc80f860-fbad-4fca-84cb-fe744032e6ca"
  },
  {
    "baseType": 3,
    "name": "Phone Number",
    "defaultValue": "",
    "description": "",
    "helpText": "",
    "isSystem": false,
    "minLength": 0,
    "maxLength": 20,
    "validationRegex": "",
    "isValidate": false,
    "uuid": "ff751b51-f711-4ac1-acba-c29c379883e4"
  },
  {
    "baseType": 22,
    "name": "Priority",
    "description": "",
    "helpText": "",
    "isSystem": false,
    "values": [
      {
        "value": "Critical",
        "isDefault": false,
        "isVisible": true
      },
      {
        "value": "High",
        "isDefault": false,
        "isVisible": true
      },
      {
        "value": "Medium",
        "isDefault": false,
        "isVisible": true
      },
      {
        "value": "Low",
        "isDefault": false,
        "isVisible": true
      }
    ],
    "uuid": "049a25a5-c583-4e5c-935d-3df75afaef99"
  },
  {
    "baseType": 3,
    "name": "Priority_Short",
    "defaultValue": "",
    "description": "",
    "helpText": "",
    "isSystem": false,
    "minLength": 0,
    "maxLength": 10,
    "validationRegex": "",
    "isValidate": false,
    "uuid": "03ddb5d6-2459-4891-853b-eefe962f03cb"
  },
  {
    "baseType": 22,
    "name": "Priority_Short_List",
    "description": "",
    "helpText": "",
    "isSystem": false,
    "values": [
      {
        "value": "P1",
        "isDefault": false,
        "isVisible": true
      },
      {
        "value": "P2",
        "isDefault": false,
        "isVisible": true
      },
      {
        "value": "P3",
        "isDefault": false,
        "isVisible": true
      },
      {
        "value": "P4",
        "isDefault": false,
        "isVisible": true
      },
      {
        "value": "P5",
        "isDefault": false,
        "isVisible": true
      }
    ],
    "uuid": "4f5bc855-d129-4879-9400-4b53b7ce9094"
  },
  {
    "baseType": 3,
    "name": "Priority Weight",
    "defaultValue": "",
    "description": "",
    "helpText": "",
    "isSystem": false,
    "minLength": 0,
    "maxLength": 10,
    "validationRegex": "",
    "isValidate": false,
    "uuid": "615603c3-6b15-418d-893b-0cad85dbd4d4"
  },
  {
    "baseType": 3,
    "name": "Product Categorization Tier 1",
    "defaultValue": "",
    "description": "",
    "helpText": "",
    "isSystem": false,
    "minLength": 0,
    "maxLength": 2000,
    "validationRegex": "",
    "isValidate": false,
    "uuid": "e3576f0b-fbd8-45ca-86df-f339272f3d96"
  },
  {
    "baseType": 3,
    "name": "Product Categorization Tier 2",
    "defaultValue": "",
    "description": "",
    "helpText": "",
    "isSystem": false,
    "minLength": 0,
    "maxLength": 2000,
    "validationRegex": "",
    "isValidate": false,
    "uuid": "2cbba6ad-0f06-42a5-b997-6de1b2325637"
  },
  {
    "baseType": 3,
    "name": "Product Categorization Tier 3",
    "defaultValue": "",
    "description": "",
    "helpText": "",
    "isSystem": false,
    "minLength": 0,
    "maxLength": 2000,
    "validationRegex": "",
    "isValidate": false,
    "uuid": "bf82ab2c-7071-4b52-9bd8-d15fb7c69d93"
  },
  {
    "baseType": 3,
    "name": "Product Model/Version",
    "defaultValue": "",
    "description": "",
    "helpText": "",
    "isSystem": false,
    "minLength": 0,
    "maxLength": 2000,
    "validationRegex": "",
    "isValidate": false,
    "uuid": "c0de62e8-dd03-4afa-ac5b-cf4e96e936d1"
  },
  {
    "baseType": 3,
    "name": "Product Name",
    "defaultValue": "",
    "description": "",
    "helpText": "",
    "isSystem": false,
    "minLength": 0,
    "maxLength": 2000,
    "validationRegex": "",
    "isValidate": false,
    "uuid": "5a3835aa-5af8-4b95-802c-611c08188db6"
  },
  {
    "baseType": 3,
    "name": "Region",
    "defaultValue": "",
    "description": "",
    "helpText": "",
    "isSystem": false,
    "minLength": 0,
    "maxLength": 2000,
    "validationRegex": "",
    "isValidate": false,
    "uuid": "2bcbc58b-fce0-435c-9704-7192dbc2f624"
  },
  {
    "baseType": 3,
    "name": "Reported Date",
    "defaultValue": "",
    "description": "",
    "helpText": "",
    "isSystem": false,
    "minLength": 0,
    "maxLength": 30,
    "validationRegex": "",
    "isValidate": false,
    "uuid": "ebf55eab-fe1e-4ee6-9c3f-f076f6896fee"
  },
  {
    "baseType": 22,
    "name": "Reported Source",
    "description": "",
    "helpText": "",
    "isSystem": false,
    "values": [
      {
        "value": "Direct Input",
        "isDefault": false,
        "isVisible": true
      },
      {
        "value": "Email",
        "isDefault": false,
        "isVisible": true
      },
      {
        "value": "External Escalation",
        "isDefault": false,
        "isVisible": true
      },
      {
        "value": "Fax",
        "isDefault": false,
        "isVisible": true
      },
      {
        "value": "Self Service",
        "isDefault": false,
        "isVisible": true
      },
      {
        "value": "Systems Management",
        "isDefault": false,
        "isVisible": true
      },
      {
        "value": "Phone",
        "isDefault": false,
        "isVisible": true
      },
      {
        "value": "Voice Mail",
        "isDefault": false,
        "isVisible": true
      },
      {
        "value": "Walk In",
        "isDefault": false,
        "isVisible": true
      },
      {
        "value": "Web",
        "isDefault": false,
        "isVisible": true
      },
      {
        "value": "Other",
        "isDefault": false,
        "isVisible": true
      }
    ],
    "uuid": "d0941dde-6ae7-48b0-bc57-9e56781424c0"
  },
  {
    "baseType": 3,
    "name": "Request ID",
    "defaultValue": "",
    "description": "Unique identifier/entity ID for use by REST calls.",
    "helpText": "",
    "isSystem": false,
    "minLength": 0,
    "maxLength": 200,
    "validationRegex": "",
    "isValidate": false,
    "uuid": "e9c15912-6793-4869-af76-c7b74504eecd"
  },
  {
    "baseType": 3,
    "name": "Resolution",
    "defaultValue": "",
    "description": "",
    "helpText": "",
    "isSystem": false,
    "minLength": 0,
    "maxLength": 2000,
    "validationRegex": "",
    "isValidate": false,
    "uuid": "96cb0e3a-b515-4cba-8732-f44ec20b9800"
  },
  {
    "baseType": 3,
    "name": "Resolution Category",
    "defaultValue": "",
    "description": "",
    "helpText": "",
    "isSystem": false,
    "minLength": 0,
    "maxLength": 2000,
    "validationRegex": "",
    "isValidate": false,
    "uuid": "cf8180d5-7efb-4fea-98fe-28157cf78f3f"
  },
  {
    "baseType": 3,
    "name": "Resolution Category Tier 2",
    "defaultValue": "",
    "description": "",
    "helpText": "",
    "isSystem": false,
    "minLength": 0,
    "maxLength": 2000,
    "validationRegex": "",
    "isValidate": false,
    "uuid": "49927313-7a5d-4f8f-a7a6-f593ff023631"
  },
  {
    "baseType": 3,
    "name": "Resolution Category Tier 3",
    "defaultValue": "",
    "description": "",
    "helpText": "",
    "isSystem": false,
    "minLength": 0,
    "maxLength": 2000,
    "validationRegex": "",
    "isValidate": false,
    "uuid": "0015c693-61a5-41dc-9cf5-a7ae9a990b37"
  },
  {
    "baseType": 3,
    "name": "Resolution Method",
    "defaultValue": "",
    "description": "",
    "helpText": "",
    "isSystem": false,
    "minLength": 0,
    "maxLength": 2000,
    "validationRegex": "",
    "isValidate": false,
    "uuid": "6115c2bd-72d0-46ea-95b1-77ab00fbfd37"
  },
  {
    "baseType": 3,
    "name": "ServiceCI",
    "defaultValue": "",
    "description": "",
    "helpText": "",
    "isSystem": false,
    "minLength": 0,
    "maxLength": 2000,
    "validationRegex": "",
    "isValidate": false,
    "uuid": "db75b342-3829-435b-a479-82484dd78a55"
  },
  {
    "baseType": 22,
    "name": "Service Type",
    "description": "",
    "helpText": "",
    "isSystem": false,
    "values": [
      {
        "value": "User Service Restoration",
        "isDefault": false,
        "isVisible": true
      },
      {
        "value": "User Service Request",
        "isDefault": false,
        "isVisible": true
      },
      {
        "value": "Infrastructure Restoration",
        "isDefault": false,
        "isVisible": true
      },
      {
        "value": "Infrastructure Event",
        "isDefault": false,
        "isVisible": true
      }
    ],
    "uuid": "2cdd1fb0-9d9b-4796-bbb3-3acbb45bad0e"
  },
  {
    "baseType": 3,
    "name": "Site",
    "defaultValue": "",
    "description": "",
    "helpText": "",
    "isSystem": false,
    "minLength": 0,
    "maxLength": 2000,
    "validationRegex": "",
    "isValidate": false,
    "uuid": "1b87ec4e-d638-4dcd-8644-6af1f4393d7e"
  },
  {
    "baseType": 3,
    "name": "Site Group",
    "defaultValue": "",
    "description": "",
    "helpText": "",
    "isSystem": false,
    "minLength": 0,
    "maxLength": 2000,
    "validationRegex": "",
    "isValidate": false,
    "uuid": "dd2c1a43-3fcd-4c0b-a61a-f32b4cb0800d"
  },
  {
    "baseType": 3,
    "name": "Site ID",
    "defaultValue": "",
    "description": "",
    "helpText": "",
    "isSystem": false,
    "minLength": 0,
    "maxLength": 30,
    "validationRegex": "",
    "isValidate": false,
    "uuid": "db38a3ae-991e-4ea6-9d76-7a8a0d434bad"
  },
  {
    "baseType": 22,
    "name": "SLM Status",
    "description": "",
    "helpText": "",
    "isSystem": false,
    "values": [
      {
        "value": "No Service Target Assigned",
        "isDefault": false,
        "isVisible": true
      },
      {
        "value": "Within the Service Target",
        "isDefault": false,
        "isVisible": true
      },
      {
        "value": "Service Target Warning",
        "isDefault": false,
        "isVisible": true
      },
      {
        "value": "Service Targets Breached",
        "isDefault": false,
        "isVisible": true
      },
      {
        "value": "All Service Targets Breached",
        "isDefault": false,
        "isVisible": true
      }
    ],
    "uuid": "595f33aa-0ee2-4793-aa60-e8c344970fbf"
  },
  {
    "baseType": 22,
    "name": "Status",
    "description": "",
    "helpText": "",
    "isSystem": false,
    "values": [
      {
        "value": "New",
        "isDefault": false,
        "isVisible": true
      },
      {
        "value": "Assigned",
        "isDefault": false,
        "isVisible": true
      },
      {
        "value": "In Progress",
        "isDefault": false,
        "isVisible": true
      },
      {
        "value": "Pending",
        "isDefault": false,
        "isVisible": true
      },
      {
        "value": "Resolved",
        "isDefault": false,
        "isVisible": true
      },
      {
        "value": "Closed",
        "isDefault": false,
        "isVisible": true
      },
      {
        "value": "Cancelled",
        "isDefault": false,
        "isVisible": true
      }
    ],
    "uuid": "64703f39-9a02-4358-ba01-f47d69cf7b77"
  },
  {
    "baseType": 22,
    "name": "Status_Reason",
    "description": "",
    "helpText": "",
    "isSystem": false,
    "values": [
      {
        "value": "Automated Resolution Reported",
        "isDefault": false,
        "isVisible": true
      },
      {
        "value": "Client Action Required",
        "isDefault": false,
        "isVisible": true
      },
      {
        "value": "Client Hold",
        "isDefault": false,
        "isVisible": true
      },
      {
        "value": "Customer Follow-Up Required",
        "isDefault": false,
        "isVisible": true
      },
      {
        "value": "Future Enhancement",
        "isDefault": false,
        "isVisible": true
      },
      {
        "value": "Infrastructure Change",
        "isDefault": false,
        "isVisible": true
      },
      {
        "value": "Infrastructure Change Created",
        "isDefault": false,
        "isVisible": true
      },
      {
        "value": "Local Site Action Required",
        "isDefault": false,
        "isVisible": true
      },
      {
        "value": "Monitoring Incident",
        "isDefault": false,
        "isVisible": true
      },
      {
        "value": "No further Action Required",
        "isDefault": false,
        "isVisible": true
      },
      {
        "value": "No longer a Causal CI",
        "isDefault": false,
        "isVisible": true
      },
      {
        "value": "Purchase Order Approval",
        "isDefault": false,
        "isVisible": true
      },
      {
        "value": "Registration Approval",
        "isDefault": false,
        "isVisible": true
      },
      {
        "value": "Request",
        "isDefault": false,
        "isVisible": true
      },
      {
        "value": "Supplier Delivery",
        "isDefault": false,
        "isVisible": true
      },
      {
        "value": "Support Contact Hold",
        "isDefault": false,
        "isVisible": true
      },
      {
        "value": "Temporary Corrective Action",
        "isDefault": false,
        "isVisible": true
      },
      {
        "value": "Third Party Vendor Action Required",
        "isDefault": false,
        "isVisible": true
      }
    ],
    "uuid": "0327a80c-272e-4b8b-b813-eb6fc0c4e0c4"
  },
  {
    "baseType": 3,
    "name": "Summary",
    "defaultValue": "",
    "description": "",
    "helpText": "",
    "isSystem": false,
    "minLength": 0,
    "maxLength": 2000,
    "validationRegex": "",
    "isValidate": false,
    "uuid": "a60e559b-ce62-4d1f-bf42-f6f2e43996a0"
  },
  {
    "baseType": 3,
    "name": "ticketLink",
    "defaultValue": "",
    "description": "Direct URL to ticket",
    "helpText": "",
    "isSystem": false,
    "minLength": 0,
    "maxLength": 20000,
    "validationRegex": "",
    "isValidate": false,
    "uuid": "d82e1fa9-a794-4c24-a616-05963cf3cf12"
  },
  {
    "baseType": 3,
    "name": "Update Message",
    "defaultValue": "",
    "description": "",
    "helpText": "Description for manual incident notification update",
    "isSystem": false,
    "minLength": 0,
    "maxLength": 2000,
    "validationRegex": "",
    "isValidate": false,
    "uuid": "06739b59-5938-4685-ac1c-6ea816dea5ba"
  },
  {
    "baseType": 21,
    "name": "Update Type",
    "description": "Manual message type of notification",
    "helpText": "",
    "isSystem": false,
    "values": [
      {
        "value": "Update",
        "isDefault": false,
        "isVisible": true
      },
      {
        "value": "Final",
        "isDefault": false,
        "isVisible": true
      }
    ],
    "uuid": "28633df9-9bac-4c01-99e5-9839c3e79f7e"
  },
  {
    "baseType": 22,
    "name": "Urgency",
    "description": "",
    "helpText": "",
    "isSystem": false,
    "values": [
      {
        "value": "1-Critical",
        "isDefault": false,
        "isVisible": true
      },
      {
        "value": "2-High",
        "isDefault": false,
        "isVisible": true
      },
      {
        "value": "3-Medium",
        "isDefault": false,
        "isVisible": true
      },
      {
        "value": "4-Low",
        "isDefault": false,
        "isVisible": true
      }
    ],
    "uuid": "a64d77f5-4e4a-4f9d-9574-47d3e9316e1e"
  },
  {
    "baseType": 22,
    "name": "VIP",
    "description": "",
    "helpText": "",
    "isSystem": false,
    "values": [
      {
        "value": "No",
        "isDefault": false,
        "isVisible": true
      },
      {
        "value": "Yes",
        "isDefault": false,
        "isVisible": true
      }
    ],
    "uuid": "63a9e83b-7991-4da3-a716-de9bbcbcb913"
  },
  {
    "baseType": 3,
    "name": "xM_Remedy_Action",
    "defaultValue": "",
    "description": "Type of Incident notification: New, Reopened, etc.",
    "helpText": "",
    "isSystem": false,
    "minLength": 0,
    "maxLength": 100,
    "validationRegex": "",
    "isValidate": false,
    "uuid": "bd7f7c01-27af-4d0d-b4e0-c2e75964f3a4"
  }
]