[
  {
    "id": "324302dd-f27e-4b02-aef2-30b66102a70e",
    "name": "Create Event | Inbound Integration",
    "description": "Post the trigger object to an Inbound Integration",
    "icon": "http://s3-xmatters-static.s3.amazonaws.com/null/customers/757b4678-fb1f-470c-ba9f-074fd3aacdab/IMAGE__20190825060326966__39f5e1f7-xmatters-mark.png",
    "script": "// Set trigger payload\nvar trigger = {};\ntrigger = input['Trigger Payload'];\n\n// POST to xMatters Inbound Integration to create Event\nvar apiRequest = http.request({\n    'endpoint': 'xMatters',\n    'path': constants.XMATTERS_INCIDENT_EVENT_IB_PATH,\n    'method': 'POST'\n});\nvar responsePostIb = apiRequest.write(trigger);\nif (responsePostIb.statusCode >= 200 && responsePostIb.statusCode < 300) {\n    console.log(\"Successful POST to Inbound Integration: \" + responsePostIb.statusCode);\n} else {\n    throw \"Failed to POST to Inbound Integration: \" + responsePostIb.statusCode;\n}",
    "endpointLabel": "xMatters",
    "allowedEnvironment": "HOSTED",
    "accessibleByAll": "NotShared",
    "scriptStepType": "USER",
    "inputs": [
      {
        "id": "2061ed36-db11-42c6-96cc-02a518808cf0",
        "name": "Trigger Payload",
        "helpText": "",
        "defaultValue": "",
        "multiline": false,
        "required": true,
        "validationRegex": "",
        "maxLength": 50000,
        "minLength": 0,
        "position": 0
      }
    ],
    "outputs": [],
    "libraries": []
  },
  {
    "id": "74502b0d-968d-471d-9aed-7acae72ed74b",
    "name": "Helix | Add Assignee | Incident | JWT Auth",
    "description": "Add/Update Incident assignee based on accept and resolve type responses using JWT Auth",
    "icon": "http://s3-xmatters-static.s3.amazonaws.com/null/customers/e537a817-469f-4e9b-9f8b-aa99e4abddeb/IMAGE__20190725165336353__bmc-logo-png-3.png",
    "script": "var payloadAssignee = {\n    values: {\n        'Assignee': input['Assignee'],\n        'Assignee Login ID': input['Response Target Name'],\n\t\t'Assigned Support Company': input['Assigned Support Company'],\n        'Assigned Support Organization': input['Assigned Support Organization'],\n        'Assigned Group': input['Assigned Group'],\n        'Assigned Group ID': input['Assigned Group ID']\n    }\n};\n\nvar payloadStatus = {\n    values: {\n        'Status': input['Helix Status In Progress']\n    }\n};\n\nvar incidentNumber = input['Incident Number'];\nvar requestId = input['Request ID'];\n\nif (null === requestId) {\n    // Get the Incident properties if Request ID is null\n    var path = '/api/arsys/v1/entry/HPD:IncidentInterface?q=%27Incident%20Number%27%20%3D%22' + incidentNumber + '%22';\n\t\n    var getIncidentDetails = http.request({\n       autoEncodeURI: false,\n        endpoint: 'REMEDY JWT',\n        headers: {\n            Authorization: 'AR-JWT ' + input.JWT\n        },\n        method: 'GET',\n        path: path\n    });\n\t\n    var responseIncident = getIncidentDetails.write();\n    var respBodyIncident;\n\n    if (responseIncident.statusCode >= 200 && responseIncident.statusCode < 300) {\n\t\tvar error;\n        try {\n            respBodyIncident = JSON.parse(responseIncident.body);\n            if ((typeof respBodyIncident.entries !== \"undefined\") && (respBodyIncident.entries.length > 0)) {\n                var incident = respBodyIncident.entries[0];\n            }\n        } catch (e) {\n            console.log(\n                'Incident details requested successfully, but this step will not return any outputs '\n                + 'because the following response body cannot be parsed: ' + responseIncident.body\n            );\n        }\n    } else {\n        var error;\n        try {\n            respBodyIncident = JSON.parse(responseIncident.body);\n            var errorMessage = respBodyIncident[0].messageText;\n            var errorDetails = respBodyIncident[0].messageAppendedText;\n            error = ' message:' + (errorMessage ? (' ' + errorMessage) : '') + ' ' + errorDetails;\n        } catch (e) {\n            error = ': ' + responseIncident.body;\n        }\n        throw new Error(\n            'Failed to retrieve Incident details. '\n            + 'Helix ITSM API returned '\n            + '[' + responseIncident.statusCode + '] '\n            + 'and the following'\n            + error\n        );\n    }\n\n    if (null !== respBodyIncident) {\n        requestId = incident.values[\"Request ID\"];\n    } else {\n        console.log(\"getIncidentDetails - Could not find an incident in Remedy with Incident Number=\" + incidentNumber);\n    }\n}\n\nvar uriEncoded_requestId = encodeURIComponent(requestId);\n\nvar modifyIncidentRequest = http.request({\n    autoEncodeURI: false,\n    endpoint: 'REMEDY JWT',\n    headers: {\n        Authorization: 'AR-JWT ' + input.JWT\n    },\n    method: 'PUT',\n    path: '/api/arsys/v1/entry/HPD:IncidentInterface/' + uriEncoded_requestId\n});\n\nvar responseAddAssignee = modifyIncidentRequest.write(payloadAssignee);\nvar respBodyAddAssignee;\n\nif (responseAddAssignee.statusCode >= 200 && responseAddAssignee.statusCode < 300) {\n    try {\n        respBodyAddAssignee = JSON.parse(responseAddAssignee.body);\n    } catch (e) {\n        console.log(\n            'Assignee update successfully submitted to Remedy, but this step will not return any outputs '\n            + 'because the following responseAddAssignee body cannot be parsed: ' + responseAddAssignee.body\n        );\n    }\n} else {\n    var error;\n    try {\n        respBodyAddAssignee = JSON.parse(responseAddAssignee.body);\n        var errorMessage = respBodyAddAssignee[0].messageText;\n        var errorDetails = respBodyAddAssignee[0].messageAppendedText;\n        error = ' message:' + (errorMessage ? (' ' + errorMessage) : '') + ' ' + errorDetails;\n    } catch (e) {\n        error = ': ' + responseAddAssignee.body;\n    }\n    console.log(\n        'Failed to add an Incident Assignee. '\n        + 'Helix ITSM API returned '\n        + '[' + responseAddAssignee.statusCode + '] '\n        + 'and the following'\n        + error\n    );\n}\n\nvar responseUpdateStatus = modifyIncidentRequest.write(payloadStatus);\nvar respBodyUpdateStatus;\n\nif (responseUpdateStatus.statusCode >= 200 && responseUpdateStatus.statusCode < 300) {\n    try {\n        respBodyUpdateStatus = JSON.parse(responseUpdateStatus.body);\n    } catch (e) {\n        console.log(\n            'Status update successfully submitted to Remedy, but this step will not return any outputs '\n            + 'because the following responseUpdateStatus body cannot be parsed: ' + responseUpdateStatus.body\n        );\n    }\n} else {\n    var error;\n    try {\n        respBodyUpdateStatus = JSON.parse(responseUpdateStatus.body);\n        var errorMessage = respBodyUpdateStatus[0].messageText;\n        var errorDetails = respBodyUpdateStatus[0].messageAppendedText;\n        error = ' message:' + (errorMessage ? (' ' + errorMessage) : '') + ' ' + errorDetails;\n    } catch (e) {\n        error = ': ' + responseUpdateStatus.body;\n    }\n    console.log(\n        'Failed to update Incident status. '\n        + 'Helix ITSM API returned '\n        + '[' + responseUpdateStatus.statusCode + '] '\n        + 'and the following'\n        + error\n    );\n}\n",
    "endpointLabel": "REMEDY JWT",
    "allowedEnvironment": "BOTH",
    "accessibleByAll": "NotShared",
    "scriptStepType": "USER",
    "inputs": [
      {
        "id": "e7a3fc95-2a11-4f2b-8d64-79babfd8c65e",
        "name": "Assignee",
        "helpText": "Response First Name + [space] + Response Last Name",
        "defaultValue": "",
        "multiline": false,
        "required": true,
        "validationRegex": "",
        "maxLength": 500,
        "minLength": 0,
        "position": 0
      },
      {
        "id": "a7b66907-4b7b-4f61-aa45-9182caec0009",
        "name": "Response First Name",
        "helpText": "Response firstName",
        "defaultValue": "",
        "multiline": false,
        "required": false,
        "validationRegex": "",
        "maxLength": 2000,
        "minLength": 0,
        "position": 1
      },
      {
        "id": "7557ef61-5f9b-4b2e-ac99-c8ff2f3f261e",
        "name": "Response Last Name",
        "helpText": "Response lastName",
        "defaultValue": "",
        "multiline": false,
        "required": false,
        "validationRegex": "",
        "maxLength": 200,
        "minLength": 0,
        "position": 2
      },
      {
        "id": "88835fa1-b5e6-43b0-a350-b42ed6c6eebf",
        "name": "Response Target Name",
        "helpText": "Response targetName",
        "defaultValue": "",
        "multiline": false,
        "required": true,
        "validationRegex": "",
        "maxLength": 30,
        "minLength": 0,
        "position": 3
      },
      {
        "id": "f1a927ce-c7ef-44ac-97de-7ec79c1716fa",
        "name": "Incident Number",
        "helpText": "Event Properties Incident Number",
        "defaultValue": "",
        "multiline": false,
        "required": true,
        "validationRegex": "",
        "maxLength": 50,
        "minLength": 0,
        "position": 4
      },
      {
        "id": "7d2ba388-1647-4c12-a287-fae2506865be",
        "name": "Request ID",
        "helpText": "Event Properties Request ID",
        "defaultValue": "",
        "multiline": false,
        "required": false,
        "validationRegex": "",
        "maxLength": 200,
        "minLength": 0,
        "position": 5
      },
      {
        "id": "e03dceab-8199-48f9-a11a-04205f54894b",
        "name": "Assigned Support Company",
        "helpText": "Support company to assign to the incident. {Assigned Support Company}",
        "defaultValue": "",
        "multiline": false,
        "required": false,
        "validationRegex": "",
        "maxLength": 200,
        "minLength": 0,
        "position": 6
      },
      {
        "id": "f17172ae-6509-45ae-aaf7-b62e99e0af18",
        "name": "Assigned Support Organization",
        "helpText": "Support organization to assign to the incident. {Assigned Support Organization}",
        "defaultValue": "",
        "multiline": false,
        "required": false,
        "validationRegex": "",
        "maxLength": 200,
        "minLength": 0,
        "position": 7
      },
      {
        "id": "95e698eb-e383-48f8-8a11-923bf08e6b5d",
        "name": "Assigned Group",
        "helpText": "Group to assign to the incident. {Assigned_Group}",
        "defaultValue": "",
        "multiline": false,
        "required": false,
        "validationRegex": "",
        "maxLength": 200,
        "minLength": 0,
        "position": 8
      },
      {
        "id": "c49c03e7-d46e-4963-8e77-7f358565493b",
        "name": "Assigned Group ID",
        "helpText": "ID of the group to assign to the incident. {Assigned Group ID}",
        "defaultValue": "",
        "multiline": false,
        "required": false,
        "validationRegex": "",
        "maxLength": 200,
        "minLength": 0,
        "position": 9
      },
      {
        "id": "8075e254-915f-40e4-ab35-d155d9fad102",
        "name": "Helix Status In Progress",
        "helpText": "constants.HELIX_STATUS_IN_PROGRESS",
        "defaultValue": "",
        "multiline": false,
        "required": true,
        "validationRegex": "",
        "maxLength": 30,
        "minLength": 0,
        "position": 10
      },
      {
        "id": "d5eff2c5-2602-463d-8234-e7dd4c37f181",
        "name": "JWT",
        "helpText": "",
        "defaultValue": "",
        "multiline": false,
        "required": true,
        "validationRegex": "",
        "maxLength": 500,
        "minLength": 0,
        "position": 11
      }
    ],
    "outputs": [],
    "libraries": []
  },
  {
    "id": "ff2de7db-4381-4eaa-9928-e3e30aade510",
    "name": "Helix | Add Work Info | Incident | JWT Auth",
    "description": "Add Work Info to Helix Incident using JWT Auth",
    "icon": "http://s3-xmatters-static.s3.amazonaws.com/null/customers/e537a817-469f-4e9b-9f8b-aa99e4abddeb/IMAGE__20190725165336353__bmc-logo-png-3.png",
    "script": "var payload = {\n    values: {\n        'z1D Action': 'MODIFY',\n        'z1D_Activity_Type': 'Working Log',\n        'z1D_Secure_Log': 'Yes',\n        'z1D_View_Access': 'Internal'\n    }\n};\n\nvar requestId = input['Request ID'];\nvar workLogDetails = input['Work Info Content'];\nvar workLog_substrMax = constants.HELIX_WORKINFO_MAX_LENGTH - 1;\npayload.values['z1D_WorklogDetails'] = workLogDetails.substring(0, workLog_substrMax);\n\nif (typeof requestId === \"undefined\") {\n    // Get the Incident properties if Request ID is null\n    var path = '/api/arsys/v1/entry/HPD:IncidentInterface?q=%27Incident%20Number%27%20%3D%22' + input['Incident Number'] + '%22';\n\t\n    var getIncidentDetails = http.request({\n       autoEncodeURI: false,\n        endpoint: 'REMEDY JWT',\n        headers: {\n            Authorization: 'AR-JWT ' + input.JWT\n        },\n        method: 'GET',\n        path: path\n    });\n\t\n    var responseIncident = getIncidentDetails.write();\n    var respBodyIncident;\n\n    if (responseIncident.statusCode >= 200 && responseIncident.statusCode < 300) {\n\t\tvar error;\n        try {\n            respBodyIncident = JSON.parse(responseIncident.body);\n            if ((typeof respBodyIncident.entries !== \"undefined\") && (respBodyIncident.entries.length > 0)) {\n                var incident = respBodyIncident.entries[0];\n            }\n        } catch (e) {\n            console.log(\n                'Incident details requested successfully, but this step will not return any outputs '\n                + 'because the following response body cannot be parsed: ' + responseIncident.body\n            );\n        }\n    } else {\n        var error;\n        try {\n            respBodyIncident = JSON.parse(responseIncident.body);\n            var errorMessage = respBodyIncident[0].messageText;\n            var errorDetails = respBodyIncident[0].messageAppendedText;\n            error = ' message:' + (errorMessage ? (' ' + errorMessage) : '') + ' ' + errorDetails;\n        } catch (e) {\n            error = ': ' + responseIncident.body;\n        }\n        throw new Error(\n            'Failed to retrieve Incident details. '\n            + 'Helix ITSM API returned '\n            + '[' + responseIncident.statusCode + '] '\n            + 'and the following'\n            + error\n        );\n    }\n\n    if (null !== respBodyIncident) {\n        requestId = incident.values[\"Request ID\"];\n    } else {\n        console.log(\"getIncidentDetails - Could not find an incident in Remedy with Incident Number=\" + input['Incident Number']);\n    }\n}\n\nvar uriEncoded_requestId = encodeURIComponent(requestId);\n\nvar addWorkInfo = http.request({\n    autoEncodeURI: false,\n    endpoint: 'REMEDY JWT',\n    headers: {\n        Authorization: 'AR-JWT ' + input.JWT\n    },\n    method: 'PUT',\n    path: '/api/arsys/v1/entry/HPD:IncidentInterface/' + uriEncoded_requestId\n});\n\nvar responseWorkInfo = addWorkInfo.write(payload);\nvar respBodyWorkInfo;\n\nif (responseWorkInfo.statusCode >= 200 && responseWorkInfo.statusCode < 300) {\n    try {\n        respBodyWorkInfo = JSON.parse(responseWorkInfo.body);\n    } catch (e) {\n        console.log(\n            'Work Info added successfully, but this step will not return any outputs '\n            + 'because the following responseWorkInfo body cannot be parsed: ' + responseWorkInfo.body\n        );\n    }\n} else {\n    var error;\n    try {\n        respBodyWorkInfo = JSON.parse(responseWorkInfo.body);\n        var errorMessage = respBodyWorkInfo[0].messageText;\n        var errorDetails = respBodyWorkInfo[0].messageAppendedText;\n        error = ' message:' + (errorMessage ? (' ' + errorMessage) : '') + ' ' + errorDetails;\n    } catch (e) {\n        error = ': ' + responseWorkInfo.body;\n    }\n    console.log(\n        'Failed to add a Work Info entry. '\n        + 'Helix ITSM API returned '\n        + '[' + responseWorkInfo.statusCode + '] '\n        + 'and the following'\n        + error\n    );\n}\n",
    "endpointLabel": "REMEDY JWT",
    "allowedEnvironment": "BOTH",
    "accessibleByAll": "NotShared",
    "scriptStepType": "USER",
    "inputs": [
      {
        "id": "b3be776c-a050-4a2b-b181-9839579d85ec",
        "name": "Incident Number",
        "helpText": "Event Properties Incident Number",
        "defaultValue": "",
        "multiline": false,
        "required": true,
        "validationRegex": "",
        "maxLength": 50,
        "minLength": 0,
        "position": 0
      },
      {
        "id": "d6cfdfeb-0b29-4837-81a5-d1f160f82422",
        "name": "Request ID",
        "helpText": "Event Properties Request ID",
        "defaultValue": "",
        "multiline": false,
        "required": false,
        "validationRegex": "",
        "maxLength": 100,
        "minLength": 0,
        "position": 1
      },
      {
        "id": "7cf20d6e-f93e-41fa-97a5-5090e38630f6",
        "name": "Work Info Content",
        "helpText": "Build the Work Info message",
        "defaultValue": "",
        "multiline": false,
        "required": true,
        "validationRegex": "",
        "maxLength": 2000,
        "minLength": 0,
        "position": 2
      },
      {
        "id": "14c836ee-b12a-4c9f-8304-a8898aaf8536",
        "name": "JWT",
        "helpText": "",
        "defaultValue": "",
        "multiline": false,
        "required": true,
        "validationRegex": "",
        "maxLength": 500,
        "minLength": 0,
        "position": 3
      }
    ],
    "outputs": [],
    "libraries": []
  },
  {
    "id": "cefe9fa1-c3f3-4a0c-be09-62890d706913",
    "name": "Helix | API Token | Acquire",
    "description": "Request API token from Helix",
    "icon": "http://s3-xmatters-static.s3.amazonaws.com/null/customers/e4194fdc-ee7a-4a10-8d46-875b73cbce9a/IMAGE__20190911004920602__bmc-logo-png-3.png",
    "script": "var JWT = generateRemedyApiToken();\n\nif (null === JWT) {\n    console.log('Unable to retrieve JWT token from Helix');\n    throw { name: \"noJWTException\", message: \"Unable to retrieve JWT token from Helix\"};\n}\n\noutput.JWT = JWT;\n\nfunction generateRemedyApiToken( ) {\n    var funcName = \"generateRemedyApiToken\";\n    console.log(\"Enter \" + funcName);\n    \n    // Prepare the request object to get the JWT token\n    var requestObj = {\n        'endpoint': 'REMEDY JWT',\n        'method': 'POST',\n        'path': '/api/jwt/login'\n    };\n    var headers = {\n        \"Content-Type\":\"application/x-www-form-urlencoded\",\n        \"Accept\": \"*/*\"\n        };\n    requestObj.headers = headers;\n\n    // Create the request\n    var request = http.request(requestObj);\n    // Setup the authentication payload\n    var payload = \"username=\" + input.REMEDY_USERNAME + \"&password=\" + input.REMEDY_PASSWORD;\n    var response = request.write(payload);\n\n    console.log(\"Exit \" + funcName);\n    return response.body;\n}\n",
    "endpointLabel": "REMEDY JWT",
    "allowedEnvironment": "BOTH",
    "accessibleByAll": "NotShared",
    "scriptStepType": "USER",
    "inputs": [
      {
        "id": "d93fba2d-5c85-41fc-a10c-98a131dfa0b9",
        "name": "HELIX_USERNAME",
        "helpText": "",
        "defaultValue": "",
        "multiline": false,
        "required": false,
        "validationRegex": "",
        "maxLength": 50,
        "minLength": 0,
        "position": 0
      },
      {
        "id": "f2da6722-ce19-437c-917e-86461a72f125",
        "name": "HELIX_PASSWORD",
        "helpText": "",
        "defaultValue": "",
        "multiline": false,
        "required": false,
        "validationRegex": "",
        "maxLength": 50,
        "minLength": 0,
        "position": 1
      }
    ],
    "outputs": [
      {
        "id": "2efd7634-5bc1-4c85-a2f0-6f4ac80ae638",
        "name": "JWT",
        "description": "",
        "position": 0
      }
    ],
    "libraries": []
  },
  {
    "id": "01b87c9f-d600-4d43-a905-1efc4cbedafb",
    "name": "Helix | API Token | Release",
    "description": "Release token after API call",
    "icon": "http://s3-xmatters-static.s3.amazonaws.com/null/customers/e4194fdc-ee7a-4a10-8d46-875b73cbce9a/IMAGE__20190911004920602__bmc-logo-png-3.png",
    "script": "// Release the JWT token\nvar logoutRemedyApiToken = http.request({\n    autoEncodeURI: false,\n    endpoint: 'REMEDY JWT',\n    headers: {\n        Authorization: 'AR-JWT ' + input.JWT\n    },\n    method: 'POST',\n    path: '/api/jwt/logout'\n});\nvar responseLogout = logoutRemedyApiToken.write();\nconsole.log(\"Release token status: \" + responseLogout.statusCode);",
    "endpointLabel": "REMEDY JWT",
    "allowedEnvironment": "BOTH",
    "accessibleByAll": "NotShared",
    "scriptStepType": "USER",
    "inputs": [
      {
        "id": "95feccee-22d0-4f14-9ed3-f8bb577596b6",
        "name": "JWT",
        "helpText": "",
        "defaultValue": "",
        "multiline": false,
        "required": true,
        "validationRegex": "",
        "maxLength": 500,
        "minLength": 0,
        "position": 0
      }
    ],
    "outputs": [],
    "libraries": []
  },
  {
    "id": "9d5b5a2c-ee07-4213-b797-9bc741c69611",
    "name": "Helix | Get Incident | JWT Auth",
    "description": "Get Helix Incident properties using Incident ID via REST using JWT Auth",
    "icon": "http://s3-xmatters-static.s3.amazonaws.com/null/customers/757b4678-fb1f-470c-ba9f-074fd3aacdab/IMAGE__20190824031737810__bmc-logo-png-3.png",
    "script": "// Get Remedy Incident details\nvar incidentId = input['Incident ID'];\n\n// Construct the path\nvar path = '/api/arsys/v1/entry/HPD:IncidentInterface?q=%27Incident%20Number%27%20%3D%22' + encodeURIComponent(incidentId) + '%22';\n\n// Prepare the request object to get the Incident\nvar requestObj = {\n    'endpoint': 'REMEDY JWT',\n    'method': 'GET',\n    'path': path,\n    'headers': {\n        'Content-Type': 'application/json',\n        'Authorization': 'AR-JWT ' + input.JWT\n    }\n};\n\n// Create the request\nvar request = http.request(requestObj);\n// Send request to Helix\nvar response;\ntry {\n    response = request.write();\n} catch (e) {\n    response = {};\n    response.statusCode = 400;\n    errBody = {\n        \"code\":400,\n        \"message\": String(e),\n        \"reason\":\"Exception\",\n        \"subcode\":\"Exception caught in GET Incident REST call\"\n    }\n    response.body = JSON.stringify(errBody);\n}\n\n// Verify that a 200 was returned (success)\nvar incident = null;\nif (200 === response.statusCode) {\n    // See if an entry was returned\n    var remedyResult = JSON.parse(response.body);\n    if ((typeof remedyResult.entries !== \"undefined\") && (remedyResult.entries.length > 0)) {\n        incident = remedyResult.entries[0];\n    }\n}\nif (null !== incident) {\n    incident = incident.values;\n    // Convert numbers to strings\n    // This is done for compatibility with the existing Comm Plans and logic\n    for (var key in incident) {\n        if (typeof incident[key] === \"number\") {\n            incident[key] = incident[key].toString();\n        }\n    }\n} else {\n    throw \"Unable to GET form data from HPD:IncidentInterface REST Service for Incident: \" + incidentId + \" | statusCode: \" + response.statusCode;\n}\n\n// Verify Incident Number and Request ID were retrieved\nif (typeof incident['Incident Number'] === \"undefined\") {\n    console.log(logPrefix + \"Incident Number not present in payload from Helix\");\n    throw \"Incident Number not present in payload from Helix\";\n}\nif (typeof incident['Request ID'] === \"undefined\") {\n    console.log(logPrefix + \"Request ID not present in payload from Helix\");\n    throw \"Request ID not present in payload from Helix\";\n}\n\noutput['Incident JSON Object'] = incident;\n",
    "endpointLabel": "REMEDY JWT",
    "allowedEnvironment": "BOTH",
    "accessibleByAll": "NotShared",
    "scriptStepType": "USER",
    "inputs": [
      {
        "id": "f11c0649-5e9c-4929-9c7a-26997f7f490a",
        "name": "Incident ID",
        "helpText": "",
        "defaultValue": "",
        "multiline": false,
        "required": true,
        "validationRegex": "",
        "maxLength": 30,
        "minLength": 0,
        "position": 0
      },
      {
        "id": "4769871e-3c0c-4909-beca-1cbc3884eb53",
        "name": "JWT",
        "helpText": "",
        "defaultValue": "",
        "multiline": false,
        "required": true,
        "validationRegex": "",
        "maxLength": 500,
        "minLength": 0,
        "position": 1
      }
    ],
    "outputs": [
      {
        "id": "11531fac-2788-4e0b-b1aa-77926810d50a",
        "name": "Incident JSON Object",
        "description": "",
        "position": 0
      }
    ],
    "libraries": []
  },
  {
    "id": "e67f2c04-836d-48dd-9d0d-5e3783fafabf",
    "name": "Helix Inbound Request | JSON",
    "description": "Inbound REST request",
    "icon": "http://s3-xmatters-static.s3.amazonaws.com/null/customers/e4194fdc-ee7a-4a10-8d46-875b73cbce9a/IMAGE__20190911004920602__bmc-logo-png-3.png",
    "script": "// =====================================================================================================================\n// Parse data from Remedy/Helix (sent as JSON via a REST POST)\n// =====================================================================================================================\nvar data = JSON.parse(request.body);\nconsole.log('Request body via JSON.parse(request.body) = [' + JSON.stringify(data,null,4) + ']');\n\nvar action = data.action;\nvar id = data.id;\nvar form = (typeof data.form !== \"undefined\")?data.form:\"\";\nvar message = (typeof data.message !== \"undefined\")?data.message:\"\";\nvar additionalData = (typeof data.additionalData !== \"undefined\")?data.additionalData:\"\";\n\nconsole.log(\"Received action: \" + action + \" | id: \" + id + \" | form: \" + form + \" | message: \" + message + \" | additionalData: \" + additionalData);\n\nif ((typeof action !== \"string\") || action.length === 0) {\n    console.log(\"Request action not found\");\n    throw \"Request action not found\";\n}\n\nif ((typeof id !== \"string\") || id.length === 0) {\n    console.log(\"Request Incident or Change ID not found\");\n    throw \"Request Incident or Change ID not found\";\n}\noutput['Action'] = action;\noutput['ID'] = id;\noutput['Form'] = form;\noutput['Delete Message'] = message;\noutput['Additional Data'] = additionalData;\n",
    "endpointLabel": "",
    "allowedEnvironment": "HOSTED",
    "accessibleByAll": "NotShared",
    "triggerAuthType": "URL_AUTH",
    "scriptStepType": "CUSTOM_HTTP",
    "inputs": [],
    "outputs": [
      {
        "id": "c9f79121-641e-4099-b7ac-76ce282d38ab",
        "name": "Action",
        "description": "",
        "position": 0
      },
      {
        "id": "a02b1af2-68f2-4118-8214-00cb3c8548fa",
        "name": "ID",
        "description": "",
        "position": 1
      },
      {
        "id": "0b9cef85-ecc6-445b-8916-e03d3d0d00f1",
        "name": "Form",
        "description": "",
        "position": 2
      },
      {
        "id": "f02f93c2-53fa-40f8-892a-56376e54cfa1",
        "name": "Additional Data",
        "description": "",
        "position": 3
      },
      {
        "id": "dcdcec75-a589-49dc-ba9a-d1a66dc99175",
        "name": "Delete Message",
        "description": "",
        "position": 4
      }
    ],
    "libraries": []
  },
  {
    "id": "62db3574-c847-4399-a7c2-c80c7304b4e5",
    "name": "Helix Inbound Request | XML",
    "description": "Inbound SOAP request",
    "icon": "https://s3-xmatters-static.s3.amazonaws.com/null/customers/5c36e2a5-ebba-4e64-9345-e8616a36b1e0/IMAGE__20190716225527614__bmc-logo-png-3.png",
    "script": "// =====================================================================================================================\n// Parse data from Remedy/Helix (sent as XML via a SOAP POST)\n// =====================================================================================================================\nvar data = JXON.parse(request.body);\nconsole.log('Request body via JXON.parse(request.body) = [' + JSON.stringify(data,null,4) + ']');\n\n// Note: XML payload gets converted to ALL lowercase. Reference properties using \"ns0:<lowercase>\"\nvar triggerRequest = data[\"soapenv:envelope\"][\"soapenv:body\"][\"ns0:triggerrequest\"];\nvar action = triggerRequest[\"ns0:action\"];\nvar id = triggerRequest[\"ns0:id\"];\nvar additionalData = (typeof triggerRequest[\"ns0:additionaldata\"] !== \"undefined\")?triggerRequest[\"ns0:additionaldata\"]:\"\";\nvar form = (typeof triggerRequest[\"ns0:form\"] !== \"undefined\")?triggerRequest[\"ns0:form\"]:\"\";\nvar message = (typeof triggerRequest[\"ns0:message\"] !== \"undefined\")?triggerRequest[\"ns0:message\"]:\"\";\n\nconsole.log(\"Received action: \" + action + \" | id: \" + id + \" | form: \" + form + \" | message: \" + message + \" | additionalData: \" + additionalData);\n\nif ((typeof action !== \"string\") || action.length === 0) {\n    console.log(\"Request action not found\");\n    throw \"Request action not found\";\n}\n\nif ((typeof id !== \"string\") || id.length === 0) {\n    console.log(\"Request Incident or Change ID not found\");\n    throw \"Request Incident or Change ID not found\";\n}\n\n// Define outputs\noutput['Action'] = action;\noutput['ID'] = id;\noutput['Form'] = form;\noutput['Delete Message'] = message;\noutput['Additional Data'] = additionalData;\n",
    "allowedEnvironment": "HOSTED",
    "accessibleByAll": "NotShared",
    "triggerAuthType": "ALLOW_ALL",
    "scriptStepType": "CUSTOM_HTTP",
    "inputs": [],
    "outputs": [
      {
        "id": "3086f3bb-0392-4e92-84a6-70457a4f5129",
        "name": "Action",
        "position": 0
      },
      {
        "id": "5375c7bc-1f6e-45b4-9d6a-213ee0237f09",
        "name": "ID",
        "position": 1
      },
      {
        "id": "2d96d195-516d-4c3c-82cf-d7f9addb732a",
        "name": "Form",
        "position": 2
      },
      {
        "id": "d0864521-bdbf-4204-a097-74489bdc4a40",
        "name": "Additional Data",
        "position": 3
      },
      {
        "id": "8b2b0478-0f57-49f1-86a0-8276e17368df",
        "name": "Delete Message",
        "position": 4
      }
    ],
    "libraries": []
  },
  {
    "id": "b24159b6-9c3f-4bc2-8107-03e752491534",
    "name": "Helix | Prepare Trigger | Incident",
    "description": "Prepare xMatters trigger payload for Incident",
    "icon": "http://s3-xmatters-static.s3.amazonaws.com/null/customers/757b4678-fb1f-470c-ba9f-074fd3aacdab/IMAGE__20190824031737810__bmc-logo-png-3.png",
    "script": "// Assign the Incident details to trigger.properties\nvar trigger = {};\ntrigger.properties = input['Incident JSON Object'];\n\ntrigger.properties.action = input['Action'];\ntrigger.properties.triggerType = input['Form'];\n\n// =====================================================================================================================\n// Assign xM_Remedy_Action value for single-form targeting\n// =====================================================================================================================\nswitch (trigger.properties.triggerType) {\n\tcase \"New Incident Alerts\" :\n\t\ttrigger.properties.xM_Remedy_Action = \"Initial\";\n\t\tbreak;\n\tcase \"Incident Priority Upgrade Alerts\" :\n\t\ttrigger.properties.xM_Remedy_Action = \"Upgraded\";\n\t\tbreak;\n\tcase \"Incident Priority Downgrade Alerts\" :\n\t\ttrigger.properties.xM_Remedy_Action = \"Downgraded\";\n\t\tbreak;\n\tcase \"Reopened Incident Alerts\" :\n\t\ttrigger.properties.xM_Remedy_Action = \"Reopened\";\n\t\tbreak;\n\tcase \"Reassigned Incident Alerts\" :\n\t\ttrigger.properties.xM_Remedy_Action = \"Reassigned\";\n\t\tbreak;\n\tcase \"SLM Alerts\" :\n\t\ttrigger.properties.xM_Remedy_Action = String(trigger.properties['SLM Status']);\n\t\tbreak;\n\tdefault :\n\t\ttrigger.properties.xM_Remedy_Action = \"\";\n}\n\n// =====================================================================================================================\n// Set the xMatters Priority based on the Remedy Priority level\n// =====================================================================================================================\nswitch (trigger.properties.Priority.toLowerCase()) {\n\tcase \"critical\" :\n\t\ttrigger.priority = \"HIGH\";\n\t\ttrigger.properties.Priority_Short = \"P1\";\n\t\ttrigger.properties.Priority_Short_List = \"P1\";\n\t\tbreak;\n\tcase \"high\" :\n\t\ttrigger.priority = \"HIGH\";\n\t\ttrigger.properties.Priority_Short = \"P2\";\n\t\ttrigger.properties.Priority_Short_List = \"P2\";\n\t\tbreak;\n\tcase \"medium\" :\n\t\ttrigger.priority = \"MEDIUM\";\n\t\ttrigger.properties.Priority_Short = \"P3\";\n\t\ttrigger.properties.Priority_Short_List = \"P3\";\n\t\tbreak;\n\tdefault :\n\t\ttrigger.priority = \"LOW\";\n\t\ttrigger.properties.Priority_Short = \"P4\";\n\t\ttrigger.properties.Priority_Short_List = \"P4\";\n\t\tbreak;\n}\n\n// =====================================================================================================================\n// Create ticket link\n// =====================================================================================================================\n// Get the Ticket Type\nvar entryId = trigger.properties['Entry ID'];\nvar ticketType = entryId.substring(0,3).toUpperCase();\n// Determine parameters\nvar P1 = \"\";\nswitch(ticketType) {\n    case \"INC\":\n        P1 = \"HPD:Help+Desk\";\n        break;\n    case \"PBI\":\n        P1 = \"PBM:Problem+Investigation\";\n        break;\n    case \"PKE\":\n        P1 = \"PBM:Known+Error\";\n        break;\n    case \"CRQ\":\n        P1 = \"CHG:Infrastructure+Change\";\n        break;\n    case \"TSK\":\n        P1 = \"TMS:Task\";\n        break;\n    case \"WOI\":\n        P1 = \"WOI:WorkOrder\";\n        break;\n}\n \n// Create the URL\nvar theURL = \n    constants.HELIX_FQDN + \n    \"/arsys/forms/\" + \n    constants.HELIX_SERVER_NAME + \n    \"/\" +\n    P1 + \n    \"/Default+Administrator+View/?eid=\" + \n    entryId;\n\ntrigger.properties.ticketLink = theURL;\n\n// =====================================================================================================================\n// Determine recipients\n// =====================================================================================================================\nvar recipients = [];\nconsole.log('trigger.properties[Assigned Group] = [' + trigger.properties['Assigned Group'] + ']' + 'properties[Assignee Login ID] = [' + trigger.properties['Assignee Login ID'] + ']');\nif ((typeof trigger.properties['Assignee Login ID'] === \"undefined\") || \n    (trigger.properties['Assignee Login ID'] === null) || \n    (trigger.properties['Assignee Login ID'] === \"\")) {\n    if ((typeof trigger.properties['Assigned Group'] !== \"undefined\") && \n        (trigger.properties['Assigned Group'] !== null) && \n        (trigger.properties['Assigned Group'] !== \"\")) {\n        var gTargetName = trigger.properties['Assigned Support Company'] + \"*\" + trigger.properties['Assigned Support Organization'] + \"*\" + trigger.properties['Assigned Group'];\n        if (constants.HELIX_OPT_SIMPLE_GROUP_NAME === \"true\") {\n            gTargetName = trigger.properties['Assigned Group'];\n        }\n        recipients.push({\"recipientType\": \"GROUP\",\"id\": gTargetName});\n        trigger.recipients = recipients;\n    }\n} else {\n    var assigneeLoginId = trigger.properties['Assignee Login ID'];\n    recipients.push({\"recipientType\": \"PERSON\",\"id\": assigneeLoginId});\n    trigger.recipients = recipients;\n    // 2019.07.22 | Response option overrides do not trigger outbound Flow\n    /*\n    var responseIds = constants.RESPONSE_OPTIONS_INCIDENT_USER.split(\",\");\n    for (var i in responseIds)\n    {\n        responseOptions.push({\"id\": responseIds[i]});\n    \n    trigger.responseOptions = responseOptions;\n    */\n}\n\noutput['Trigger Payload'] = trigger;\n",
    "allowedEnvironment": "HOSTED",
    "accessibleByAll": "NotShared",
    "scriptStepType": "USER",
    "inputs": [
      {
        "id": "b7e22738-57ce-4d0a-8894-6d796c4dcd63",
        "name": "Incident JSON Object",
        "helpText": "",
        "defaultValue": "",
        "multiline": false,
        "required": true,
        "validationRegex": "",
        "maxLength": 30000,
        "minLength": 0,
        "position": 0
      },
      {
        "id": "f3347a82-914d-4206-b91d-5c445edb29b2",
        "name": "Action",
        "helpText": "Request Body: Action",
        "defaultValue": "",
        "multiline": false,
        "required": false,
        "validationRegex": "",
        "maxLength": 30,
        "minLength": 0,
        "position": 1
      },
      {
        "id": "1d030e02-efca-4808-b252-399f6d870059",
        "name": "Form",
        "helpText": "Request Body: Form",
        "defaultValue": "",
        "multiline": false,
        "required": false,
        "validationRegex": "",
        "maxLength": 50,
        "minLength": 0,
        "position": 2
      }
    ],
    "outputs": [
      {
        "id": "bef70e0a-cea7-4720-a918-3839279c63d1",
        "name": "Trigger Payload",
        "description": "",
        "position": 0
      }
    ],
    "libraries": []
  }
]