{
  "name": "Incident Alerts Workflow",
  "form": "1bf7c38f-300d-40f0-b079-bd97d27e1b5f",
  "blocks": [
    {
      "id": "2d8d4bc0-55f0-4ed7-8995-bf300961e9b0",
      "label": "Acknowledge",
      "environment": "HOSTED",
      "presentation": "{}",
      "step": "7487ee0d-5105-49af-be40-50c406a13fb8",
      "stepType": "INTEGRATION"
    },
    {
      "id": "318538d5-f5b4-4c03-b4a6-9067c692d4f9",
      "label": "Action",
      "environment": "HOSTED",
      "presentation": "{\"w\":60,\"x\":340,\"h\":60,\"y\":0}",
      "stepType": "SWITCH",
      "inputMappings": [
        {
          "inputPort": "input",
          "mapping": "${250c5085-97d3-4081-b70e-fcfdc39b0fd5.Action}"
        }
      ],
      "switchCases": [
        {
          "caseId": "75d2e8d0-b439-42db-842d-f04bcee48678",
          "caseValue": "Add"
        },
        {
          "caseId": "c694c63b-5051-48c7-9c89-6c9c59f0dc9a",
          "caseValue": "Delete"
        }
      ]
    },
    {
      "id": "744d13ea-272c-46bb-b8db-fbab166e5332",
      "endpoint": "Remedy JWT",
      "label": "Add Assignee | Incident | JWT Auth",
      "environment": "HOSTED",
      "presentation": "{\"w\":60,\"x\":510,\"h\":60,\"y\":2175}",
      "step": "74502b0d-968d-471d-9aed-7acae72ed74b",
      "stepType": "SCRIPT_STEP",
      "inputMappings": [
        {
          "inputPort": "input",
          "mapping": "${triggerOutputRESPONSE.respondedTo.by.firstName} ${triggerOutputRESPONSE.respondedTo.by.lastName}",
          "stepInput": "e7a3fc95-2a11-4f2b-8d64-79babfd8c65e"
        },
        {
          "inputPort": "input",
          "mapping": "${triggerOutputRESPONSE.respondedTo.by.firstName}",
          "stepInput": "a7b66907-4b7b-4f61-aa45-9182caec0009"
        },
        {
          "inputPort": "input",
          "mapping": "${triggerOutputRESPONSE.respondedTo.by.lastName}",
          "stepInput": "7557ef61-5f9b-4b2e-ac99-c8ff2f3f261e"
        },
        {
          "inputPort": "input",
          "mapping": "${triggerOutputRESPONSE.respondedTo.by.targetName}",
          "stepInput": "88835fa1-b5e6-43b0-a350-b42ed6c6eebf"
        },
        {
          "inputPort": "input",
          "mapping": "${event.properties.Incident Number}",
          "stepInput": "f1a927ce-c7ef-44ac-97de-7ec79c1716fa"
        },
        {
          "inputPort": "input",
          "mapping": "${event.properties.Request ID}",
          "stepInput": "7d2ba388-1647-4c12-a287-fae2506865be"
        },
        {
          "inputPort": "input",
          "mapping": "${event.properties.Assigned Support Company}",
          "stepInput": "e03dceab-8199-48f9-a11a-04205f54894b"
        },
        {
          "inputPort": "input",
          "mapping": "${event.properties.Assigned Support Organization}",
          "stepInput": "f17172ae-6509-45ae-aaf7-b62e99e0af18"
        },
        {
          "inputPort": "input",
          "mapping": "${event.properties.Assigned Group}",
          "stepInput": "95e698eb-e383-48f8-8a11-923bf08e6b5d"
        },
        {
          "inputPort": "input",
          "mapping": "${event.properties.Assigned Group ID}",
          "stepInput": "c49c03e7-d46e-4963-8e77-7f358565493b"
        },
        {
          "inputPort": "input",
          "mapping": "${constants.REMEDY_STATUS_IN_PROGRESS}",
          "stepInput": "8075e254-915f-40e4-ab35-d155d9fad102"
        },
        {
          "inputPort": "input",
          "mapping": "${d1a7de7c-17ba-4d1c-9142-d3daea5d0deb.JWT}",
          "stepInput": "d5eff2c5-2602-463d-8234-e7dd4c37f181"
        }
      ]
    },
    {
      "id": "91f3cc85-2f09-47bb-88d0-e0d4322972ea",
      "endpoint": "Remedy JWT",
      "label": "Add Work Info | Incident | JWT Auth",
      "environment": "HOSTED",
      "presentation": "{\"w\":60,\"x\":510,\"h\":60,\"y\":1525}",
      "step": "ff2de7db-4381-4eaa-9928-e3e30aade510",
      "stepType": "SCRIPT_STEP",
      "inputMappings": [
        {
          "inputPort": "input",
          "mapping": "${event.properties.Incident Number}",
          "stepInput": "b3be776c-a050-4a2b-b181-9839579d85ec"
        },
        {
          "inputPort": "input",
          "mapping": "${event.properties.Request ID}",
          "stepInput": "d6cfdfeb-0b29-4837-81a5-d1f160f82422"
        },
        {
          "inputPort": "input",
          "mapping": "${constants.NOTE_PREFIX_DEFAULT} Notification ${triggerOutputDELIVERYSTATUS.notification.deliveryStatus} to ${triggerOutputDELIVERYSTATUS.notification.recipient.owner.firstName} ${triggerOutputDELIVERYSTATUS.notification.recipient.owner.lastName} | ${triggerOutputDELIVERYSTATUS.notification.recipient.name}",
          "stepInput": "7cf20d6e-f93e-41fa-97a5-5090e38630f6"
        },
        {
          "inputPort": "input",
          "mapping": "${856ac467-4757-4a63-a95f-8f669dcf05af.JWT}",
          "stepInput": "14c836ee-b12a-4c9f-8304-a8898aaf8536"
        }
      ]
    },
    {
      "id": "d865fd13-f180-46ed-aa8b-374e35e72567",
      "endpoint": "Remedy JWT",
      "label": "Add Work Info | Incident | JWT Auth",
      "environment": "HOSTED",
      "presentation": "{\"w\":60,\"x\":1020,\"h\":60,\"y\":307}",
      "step": "ff2de7db-4381-4eaa-9928-e3e30aade510",
      "stepType": "SCRIPT_STEP",
      "inputMappings": [
        {
          "inputPort": "input",
          "mapping": "${250c5085-97d3-4081-b70e-fcfdc39b0fd5.ID}",
          "stepInput": "b3be776c-a050-4a2b-b181-9839579d85ec"
        },
        {
          "inputPort": "input",
          "mapping": "${constants.NOTE_PREFIX_DEFAULT}",
          "stepInput": "d6cfdfeb-0b29-4837-81a5-d1f160f82422"
        },
        {
          "inputPort": "input",
          "mapping": "${250c5085-97d3-4081-b70e-fcfdc39b0fd5.ID} | ${250c5085-97d3-4081-b70e-fcfdc39b0fd5.Delete Message}",
          "stepInput": "7cf20d6e-f93e-41fa-97a5-5090e38630f6"
        },
        {
          "inputPort": "input",
          "mapping": "${93b7fcaa-ef9a-45cf-b181-dca508826968.JWT}",
          "stepInput": "14c836ee-b12a-4c9f-8304-a8898aaf8536"
        }
      ]
    },
    {
      "id": "de3549b2-1e21-4d03-b055-605cfb53fe9d",
      "endpoint": "Remedy JWT",
      "label": "Add Work Info | Incident | JWT Auth",
      "environment": "HOSTED",
      "presentation": "{\"w\":60,\"x\":340,\"h\":60,\"y\":2175}",
      "step": "ff2de7db-4381-4eaa-9928-e3e30aade510",
      "stepType": "SCRIPT_STEP",
      "inputMappings": [
        {
          "inputPort": "input",
          "mapping": "${event.properties.Incident Number}",
          "stepInput": "b3be776c-a050-4a2b-b181-9839579d85ec"
        },
        {
          "inputPort": "input",
          "mapping": "${event.properties.Request ID}",
          "stepInput": "d6cfdfeb-0b29-4837-81a5-d1f160f82422"
        },
        {
          "inputPort": "input",
          "mapping": "${constants.NOTE_PREFIX_DEFAULT} ${triggerOutputRESPONSE.respondedTo.by.firstName} ${triggerOutputRESPONSE.respondedTo.by.lastName} | ${triggerOutputRESPONSE.response.deviceName} responded [ ${triggerOutputRESPONSE.response.response} ]",
          "stepInput": "7cf20d6e-f93e-41fa-97a5-5090e38630f6"
        },
        {
          "inputPort": "input",
          "mapping": "${d1a7de7c-17ba-4d1c-9142-d3daea5d0deb.JWT}",
          "stepInput": "14c836ee-b12a-4c9f-8304-a8898aaf8536"
        }
      ]
    },
    {
      "id": "0dd9fa4f-899c-42b0-b45b-60f788e47bf5",
      "endpoint": "Remedy JWT",
      "label": "Add Work Info | Incident | JWT Auth",
      "environment": "HOSTED",
      "presentation": "{\"w\":60,\"x\":510,\"h\":60,\"y\":741}",
      "step": "ff2de7db-4381-4eaa-9928-e3e30aade510",
      "stepType": "SCRIPT_STEP",
      "inputMappings": [
        {
          "inputPort": "input",
          "mapping": "${event.properties.Incident Number}",
          "stepInput": "b3be776c-a050-4a2b-b181-9839579d85ec"
        },
        {
          "inputPort": "input",
          "mapping": "${event.properties.Request ID}",
          "stepInput": "d6cfdfeb-0b29-4837-81a5-d1f160f82422"
        },
        {
          "inputPort": "input",
          "mapping": "${constants.NOTE_PREFIX_DEFAULT} Event [ ${event.eventId} ] created",
          "stepInput": "7cf20d6e-f93e-41fa-97a5-5090e38630f6"
        },
        {
          "inputPort": "input",
          "mapping": "${7a2cf680-d339-4f34-ba9a-4601505a8738.JWT}",
          "stepInput": "14c836ee-b12a-4c9f-8304-a8898aaf8536"
        }
      ]
    },
    {
      "id": "1fd128f1-82b2-4e36-98e3-dfa53e0e9ab6",
      "endpoint": "Remedy JWT",
      "label": "Add Work Info | Incident | JWT Auth",
      "environment": "HOSTED",
      "presentation": "{\"w\":60,\"x\":510,\"h\":60,\"y\":1081}",
      "step": "ff2de7db-4381-4eaa-9928-e3e30aade510",
      "stepType": "SCRIPT_STEP",
      "inputMappings": [
        {
          "inputPort": "input",
          "mapping": "${event.properties.Incident Number}",
          "stepInput": "b3be776c-a050-4a2b-b181-9839579d85ec"
        },
        {
          "inputPort": "input",
          "mapping": "${event.properties.Request ID}",
          "stepInput": "d6cfdfeb-0b29-4837-81a5-d1f160f82422"
        },
        {
          "inputPort": "input",
          "mapping": "${constants.NOTE_PREFIX_DEFAULT} Event [ ${event.eventId} ] completed",
          "stepInput": "7cf20d6e-f93e-41fa-97a5-5090e38630f6"
        },
        {
          "inputPort": "input",
          "mapping": "${65004bd8-26a4-4472-81f9-dfbada13845e.JWT}",
          "stepInput": "14c836ee-b12a-4c9f-8304-a8898aaf8536"
        }
      ]
    },
    {
      "id": "558c9ee1-ab70-4741-964d-02c255a2904e",
      "endpoint": "Remedy JWT",
      "label": "Add Work Info | Incident | JWT Auth",
      "environment": "HOSTED",
      "presentation": "{\"w\":60,\"x\":340,\"h\":60,\"y\":2345}",
      "step": "ff2de7db-4381-4eaa-9928-e3e30aade510",
      "stepType": "SCRIPT_STEP",
      "inputMappings": [
        {
          "inputPort": "input",
          "mapping": "${event.properties.Incident Number}",
          "stepInput": "b3be776c-a050-4a2b-b181-9839579d85ec"
        },
        {
          "inputPort": "input",
          "mapping": "${event.properties.Request ID}",
          "stepInput": "d6cfdfeb-0b29-4837-81a5-d1f160f82422"
        },
        {
          "inputPort": "input",
          "mapping": "${constants.NOTE_PREFIX_DEFAULT} ${triggerOutputRESPONSE.respondedTo.by.firstName} ${triggerOutputRESPONSE.respondedTo.by.lastName} | ${triggerOutputRESPONSE.response.deviceName} responded [ ${triggerOutputRESPONSE.response.response} ]",
          "stepInput": "7cf20d6e-f93e-41fa-97a5-5090e38630f6"
        },
        {
          "inputPort": "input",
          "mapping": "${39efe007-1ac7-4d93-804e-d090a6c3ba7b.JWT}",
          "stepInput": "14c836ee-b12a-4c9f-8304-a8898aaf8536"
        }
      ]
    },
    {
      "id": "651d53aa-17e8-4eff-8940-8fa8aeda49d9",
      "endpoint": "Remedy JWT",
      "label": "Add Work Info | Incident | JWT Auth",
      "environment": "HOSTED",
      "presentation": "{\"w\":60,\"x\":340,\"h\":60,\"y\":1842}",
      "step": "ff2de7db-4381-4eaa-9928-e3e30aade510",
      "stepType": "SCRIPT_STEP",
      "inputMappings": [
        {
          "inputPort": "input",
          "mapping": "${event.properties.Incident Number}",
          "stepInput": "b3be776c-a050-4a2b-b181-9839579d85ec"
        },
        {
          "inputPort": "input",
          "mapping": "${event.properties.Request ID}",
          "stepInput": "d6cfdfeb-0b29-4837-81a5-d1f160f82422"
        },
        {
          "inputPort": "input",
          "mapping": "${constants.NOTE_PREFIX_DEFAULT} ${triggerOutputANNOTATION.annotation.author.firstName} ${triggerOutputANNOTATION.annotation.author.lastName} | Response [ ${triggerOutputANNOTATION.annotation.response.response} ] | Commented [ ${triggerOutputANNOTATION.annotation.comment} ]",
          "stepInput": "7cf20d6e-f93e-41fa-97a5-5090e38630f6"
        },
        {
          "inputPort": "input",
          "mapping": "${ca2ad4bd-a252-492b-8c6c-e7e43acf06b3.JWT}",
          "stepInput": "14c836ee-b12a-4c9f-8304-a8898aaf8536"
        }
      ]
    },
    {
      "id": "65d67377-8a41-4b7e-9fd6-10d10571bda2",
      "endpoint": "Remedy JWT",
      "label": "Add Work Info | Incident | JWT Auth",
      "environment": "HOSTED",
      "presentation": "{\"w\":60,\"x\":510,\"h\":60,\"y\":911}",
      "step": "ff2de7db-4381-4eaa-9928-e3e30aade510",
      "stepType": "SCRIPT_STEP",
      "inputMappings": [
        {
          "inputPort": "input",
          "mapping": "${event.properties.Incident Number}",
          "stepInput": "b3be776c-a050-4a2b-b181-9839579d85ec"
        },
        {
          "inputPort": "input",
          "mapping": "${event.properties.Request ID}",
          "stepInput": "d6cfdfeb-0b29-4837-81a5-d1f160f82422"
        },
        {
          "inputPort": "input",
          "mapping": "${constants.NOTE_PREFIX_DEFAULT} Event [ ${event.eventId} ] terminated",
          "stepInput": "7cf20d6e-f93e-41fa-97a5-5090e38630f6"
        },
        {
          "inputPort": "input",
          "mapping": "${1133305a-e0ef-48e9-98f1-e035f61d0d69.JWT}",
          "stepInput": "14c836ee-b12a-4c9f-8304-a8898aaf8536"
        }
      ]
    },
    {
      "id": "d2884858-d97d-4116-9855-b2a40828a47a",
      "label": "Assign to me",
      "environment": "HOSTED",
      "presentation": "{}",
      "step": "688cbcd7-9746-4dbe-bbc4-e873c8e317b5",
      "stepType": "INTEGRATION"
    },
    {
      "id": "48ae0cc9-f496-4139-84f1-a9840246a1ec",
      "endpoint": "xMatters Basic",
      "label": "Create Event | Inbound Integration",
      "environment": "HOSTED",
      "presentation": "{\"w\":60,\"x\":1530,\"h\":60,\"y\":137}",
      "step": "324302dd-f27e-4b02-aef2-30b66102a70e",
      "stepType": "SCRIPT_STEP",
      "inputMappings": [
        {
          "inputPort": "input",
          "mapping": "${2201bb19-5031-46fc-8226-dda6c5fd2137.Trigger Payload}",
          "stepInput": "2061ed36-db11-42c6-96cc-02a518808cf0"
        }
      ]
    },
    {
      "id": "6d36bcea-fab6-4b8e-85b7-97fc88602d06",
      "label": "Delivery Status",
      "environment": "HOSTED",
      "presentation": "{\"w\":60,\"x\":170,\"h\":60,\"y\":1378}",
      "stepType": "SWITCH",
      "inputMappings": [
        {
          "inputPort": "input",
          "mapping": "${triggerOutputDELIVERYSTATUS.notification.deliveryStatus}"
        }
      ],
      "switchCases": [
        {
          "caseId": "816bcd8b-4c4b-4cb8-a84d-1e91a728c9bf",
          "caseValue": "UNCHANGED"
        }
      ]
    },
    {
      "id": "5a3ee9a4-1f6d-4f77-8a3f-203f092146c2",
      "label": "Escalate",
      "environment": "HOSTED",
      "presentation": "{}",
      "step": "0842ae28-da45-4e4c-841b-79b4417774b5",
      "stepType": "INTEGRATION"
    },
    {
      "id": "b9d57936-0541-49f9-9250-f799175e9cce",
      "label": "Event Status Change",
      "environment": "HOSTED",
      "presentation": "{\"w\":60,\"x\":170,\"h\":60,\"y\":614}",
      "stepType": "SWITCH",
      "inputMappings": [
        {
          "inputPort": "input",
          "mapping": "${triggerOutputSTATUS.statusChanged.auditType}"
        }
      ],
      "switchCases": [
        {
          "caseId": "90062ad8-0f8c-4268-8e4c-c9f2a02dde0d",
          "caseValue": "EVENT_CREATED"
        },
        {
          "caseId": "7626d972-7b6f-4510-84a4-d8c136ec7c54",
          "caseValue": "EVENT_TERMINATED"
        },
        {
          "caseId": "4d7a8b38-5e1d-4364-a092-e16db024c095",
          "caseValue": "EVENT_COMPLETED"
        }
      ]
    },
    {
      "id": "c0f79164-8bfe-45dd-a28e-dbbfe033d675",
      "label": "Get Events",
      "environment": "HOSTED",
      "presentation": "{\"w\":60,\"x\":1020,\"h\":60,\"y\":137}",
      "step": "f36cf6ba-2225-5cb3-831f-030a05527c72",
      "stepType": "SCRIPT_STEP",
      "inputMappings": [
        {
          "inputPort": "input",
          "mapping": "ACTIVE,SUSPENDED",
          "stepInput": "fa86536b-3508-56de-884b-503596bd64c2"
        },
        {
          "inputPort": "input",
          "mapping": "Incident Number#en",
          "stepInput": "72cd05cc-dfe2-5933-b85c-edcf1df9f56f"
        },
        {
          "inputPort": "input",
          "mapping": "${250c5085-97d3-4081-b70e-fcfdc39b0fd5.ID}",
          "stepInput": "b58893a5-ffaf-502d-982b-613dcd7b2232"
        },
        {
          "inputPort": "input",
          "mapping": "TRUE",
          "stepInput": "3bb89cc9-b89f-5291-9c54-1da7bc6c051a"
        }
      ]
    },
    {
      "id": "257206b1-5849-40cc-ad27-8c5bcad20d56",
      "label": "Get Events",
      "environment": "HOSTED",
      "presentation": "{\"w\":60,\"x\":510,\"h\":60,\"y\":307}",
      "step": "f36cf6ba-2225-5cb3-831f-030a05527c72",
      "stepType": "SCRIPT_STEP",
      "inputMappings": [
        {
          "inputPort": "input",
          "mapping": "ACTIVE,SUSPENDED",
          "stepInput": "fa86536b-3508-56de-884b-503596bd64c2"
        },
        {
          "inputPort": "input",
          "mapping": "Incident Number#en",
          "stepInput": "72cd05cc-dfe2-5933-b85c-edcf1df9f56f"
        },
        {
          "inputPort": "input",
          "mapping": "${250c5085-97d3-4081-b70e-fcfdc39b0fd5.ID}",
          "stepInput": "b58893a5-ffaf-502d-982b-613dcd7b2232"
        },
        {
          "inputPort": "input",
          "mapping": "TRUE",
          "stepInput": "3bb89cc9-b89f-5291-9c54-1da7bc6c051a"
        }
      ]
    },
    {
      "id": "174c04cf-b83e-40ec-9c9b-10aa8bcfb004",
      "endpoint": "Remedy JWT",
      "label": "Get Incident | JWT Auth",
      "environment": "HOSTED",
      "presentation": "{\"w\":60,\"x\":680,\"h\":60,\"y\":137}",
      "step": "9d5b5a2c-ee07-4213-b797-9bc741c69611",
      "stepType": "SCRIPT_STEP",
      "inputMappings": [
        {
          "inputPort": "input",
          "mapping": "${250c5085-97d3-4081-b70e-fcfdc39b0fd5.ID}",
          "stepInput": "f11c0649-5e9c-4929-9c7a-26997f7f490a"
        },
        {
          "inputPort": "input",
          "mapping": "${df5c3537-afe1-4bab-b739-a8dc320a227d.JWT}",
          "stepInput": "4769871e-3c0c-4909-beca-1cbc3884eb53"
        }
      ]
    },
    {
      "id": "30f76c0f-2024-4c84-98e2-702e59343683",
      "label": "Incident Alerts - Device Delivery Updates",
      "environment": "HOSTED",
      "presentation": "{\"w\":60,\"x\":0,\"h\":60,\"y\":1525}",
      "step": "05bf8bde-c9c2-4ac6-90bd-8a3d64ae5f7b",
      "stepType": "INTEGRATION"
    },
    {
      "id": "86edcb2a-0a74-464d-b223-afe1c2e98c96",
      "label": "Incident Alerts - Event Comments",
      "environment": "HOSTED",
      "presentation": "{\"w\":60,\"x\":0,\"h\":60,\"y\":1842}",
      "step": "bb36b818-7d30-409f-b727-c67b6ee6a6de",
      "stepType": "INTEGRATION"
    },
    {
      "id": "97f4f54a-7e7c-494b-8b15-1025dbbaae12",
      "label": "Incident Alerts - Event Status Updates",
      "environment": "HOSTED",
      "presentation": "{\"w\":60,\"x\":0,\"h\":60,\"y\":911}",
      "step": "7652a7d9-e2ea-496a-a0cb-b8f96ab9e571",
      "stepType": "INTEGRATION"
    },
    {
      "id": "250c5085-97d3-4081-b70e-fcfdc39b0fd5",
      "label": "Parse Inbound JSON Payload",
      "environment": "HOSTED",
      "presentation": "{\"w\":60,\"x\":170,\"h\":60,\"y\":222}",
      "step": "4f27e475-3842-48db-a967-73cadff85696",
      "stepType": "SCRIPT_STEP",
      "inputMappings": [
        {
          "inputPort": "input",
          "mapping": "${d7a6fa04-5f66-4cad-b706-ad26e0e2634e.Inbound JSON Body}",
          "stepInput": "fb01166b-15d4-47ab-a4c0-29ffdeb2d0b1"
        }
      ]
    },
    {
      "id": "2201bb19-5031-46fc-8226-dda6c5fd2137",
      "label": "Prepare Trigger | Incident",
      "environment": "HOSTED",
      "presentation": "{\"w\":60,\"x\":1360,\"h\":60,\"y\":137}",
      "step": "b24159b6-9c3f-4bc2-8107-03e752491534",
      "stepType": "SCRIPT_STEP",
      "inputMappings": [
        {
          "inputPort": "input",
          "mapping": "${174c04cf-b83e-40ec-9c9b-10aa8bcfb004.Incident JSON Object}",
          "stepInput": "b7e22738-57ce-4d0a-8894-6d796c4dcd63"
        },
        {
          "inputPort": "input",
          "mapping": "${250c5085-97d3-4081-b70e-fcfdc39b0fd5.Action}",
          "stepInput": "f3347a82-914d-4206-b91d-5c445edb29b2"
        },
        {
          "inputPort": "input",
          "mapping": "${250c5085-97d3-4081-b70e-fcfdc39b0fd5.Form}",
          "stepInput": "1d030e02-efca-4808-b252-399f6d870059"
        }
      ]
    },
    {
      "id": "856ac467-4757-4a63-a95f-8f669dcf05af",
      "endpoint": "Remedy JWT",
      "label": "Remedy API Token | Acquire",
      "environment": "HOSTED",
      "presentation": "{\"w\":60,\"x\":340,\"h\":60,\"y\":1525}",
      "step": "cefe9fa1-c3f3-4a0c-be09-62890d706913",
      "stepType": "SCRIPT_STEP",
      "inputMappings": [
        {
          "inputPort": "input",
          "mapping": "${constants.USER_REMEDY_USERNAME}",
          "stepInput": "d93fba2d-5c85-41fc-a10c-98a131dfa0b9"
        },
        {
          "inputPort": "input",
          "mapping": "${constants.USER_REMEDY_PASSWORD}",
          "stepInput": "f2da6722-ce19-437c-917e-86461a72f125"
        }
      ]
    },
    {
      "id": "93b7fcaa-ef9a-45cf-b181-dca508826968",
      "endpoint": "Remedy JWT",
      "label": "Remedy API Token | Acquire",
      "environment": "HOSTED",
      "presentation": "{\"w\":60,\"x\":850,\"h\":60,\"y\":307}",
      "step": "cefe9fa1-c3f3-4a0c-be09-62890d706913",
      "stepType": "SCRIPT_STEP",
      "inputMappings": [
        {
          "inputPort": "input",
          "mapping": "${constants.USER_REMEDY_USERNAME}",
          "stepInput": "d93fba2d-5c85-41fc-a10c-98a131dfa0b9"
        },
        {
          "inputPort": "input",
          "mapping": "${constants.USER_REMEDY_PASSWORD}",
          "stepInput": "f2da6722-ce19-437c-917e-86461a72f125"
        }
      ]
    },
    {
      "id": "ca2ad4bd-a252-492b-8c6c-e7e43acf06b3",
      "endpoint": "Remedy JWT",
      "label": "Remedy API Token | Acquire",
      "environment": "HOSTED",
      "presentation": "{\"w\":60,\"x\":170,\"h\":60,\"y\":1842}",
      "step": "cefe9fa1-c3f3-4a0c-be09-62890d706913",
      "stepType": "SCRIPT_STEP",
      "inputMappings": [
        {
          "inputPort": "input",
          "mapping": "${constants.USER_REMEDY_USERNAME}",
          "stepInput": "d93fba2d-5c85-41fc-a10c-98a131dfa0b9"
        },
        {
          "inputPort": "input",
          "mapping": "${constants.USER_REMEDY_PASSWORD}",
          "stepInput": "f2da6722-ce19-437c-917e-86461a72f125"
        }
      ]
    },
    {
      "id": "d1a7de7c-17ba-4d1c-9142-d3daea5d0deb",
      "endpoint": "Remedy JWT",
      "label": "Remedy API Token | Acquire",
      "environment": "HOSTED",
      "presentation": "{\"w\":60,\"x\":170,\"h\":60,\"y\":2175}",
      "step": "cefe9fa1-c3f3-4a0c-be09-62890d706913",
      "stepType": "SCRIPT_STEP",
      "inputMappings": [
        {
          "inputPort": "input",
          "mapping": "${constants.USER_REMEDY_USERNAME}",
          "stepInput": "d93fba2d-5c85-41fc-a10c-98a131dfa0b9"
        },
        {
          "inputPort": "input",
          "mapping": "${constants.USER_REMEDY_PASSWORD}",
          "stepInput": "f2da6722-ce19-437c-917e-86461a72f125"
        }
      ]
    },
    {
      "id": "df5c3537-afe1-4bab-b739-a8dc320a227d",
      "endpoint": "Remedy JWT",
      "label": "Remedy API Token | Acquire",
      "environment": "HOSTED",
      "presentation": "{\"w\":60,\"x\":510,\"h\":60,\"y\":137}",
      "step": "cefe9fa1-c3f3-4a0c-be09-62890d706913",
      "stepType": "SCRIPT_STEP",
      "inputMappings": [
        {
          "inputPort": "input",
          "mapping": "${constants.USER_REMEDY_USERNAME}",
          "stepInput": "d93fba2d-5c85-41fc-a10c-98a131dfa0b9"
        },
        {
          "inputPort": "input",
          "mapping": "${constants.USER_REMEDY_PASSWORD}",
          "stepInput": "f2da6722-ce19-437c-917e-86461a72f125"
        }
      ]
    },
    {
      "id": "1133305a-e0ef-48e9-98f1-e035f61d0d69",
      "endpoint": "Remedy JWT",
      "label": "Remedy API Token | Acquire",
      "environment": "HOSTED",
      "presentation": "{\"w\":60,\"x\":340,\"h\":60,\"y\":911}",
      "step": "cefe9fa1-c3f3-4a0c-be09-62890d706913",
      "stepType": "SCRIPT_STEP",
      "inputMappings": [
        {
          "inputPort": "input",
          "mapping": "${constants.USER_REMEDY_USERNAME}",
          "stepInput": "d93fba2d-5c85-41fc-a10c-98a131dfa0b9"
        },
        {
          "inputPort": "input",
          "mapping": "${constants.USER_REMEDY_PASSWORD}",
          "stepInput": "f2da6722-ce19-437c-917e-86461a72f125"
        }
      ]
    },
    {
      "id": "39efe007-1ac7-4d93-804e-d090a6c3ba7b",
      "endpoint": "Remedy JWT",
      "label": "Remedy API Token | Acquire",
      "environment": "HOSTED",
      "presentation": "{\"w\":60,\"x\":170,\"h\":60,\"y\":2345}",
      "step": "cefe9fa1-c3f3-4a0c-be09-62890d706913",
      "stepType": "SCRIPT_STEP",
      "inputMappings": [
        {
          "inputPort": "input",
          "mapping": "${constants.USER_REMEDY_USERNAME}",
          "stepInput": "d93fba2d-5c85-41fc-a10c-98a131dfa0b9"
        },
        {
          "inputPort": "input",
          "mapping": "${constants.USER_REMEDY_PASSWORD}",
          "stepInput": "f2da6722-ce19-437c-917e-86461a72f125"
        }
      ]
    },
    {
      "id": "65004bd8-26a4-4472-81f9-dfbada13845e",
      "endpoint": "Remedy JWT",
      "label": "Remedy API Token | Acquire",
      "environment": "HOSTED",
      "presentation": "{\"w\":60,\"x\":340,\"h\":60,\"y\":1081}",
      "step": "cefe9fa1-c3f3-4a0c-be09-62890d706913",
      "stepType": "SCRIPT_STEP",
      "inputMappings": [
        {
          "inputPort": "input",
          "mapping": "${constants.USER_REMEDY_USERNAME}",
          "stepInput": "d93fba2d-5c85-41fc-a10c-98a131dfa0b9"
        },
        {
          "inputPort": "input",
          "mapping": "${constants.USER_REMEDY_PASSWORD}",
          "stepInput": "f2da6722-ce19-437c-917e-86461a72f125"
        }
      ]
    },
    {
      "id": "7a2cf680-d339-4f34-ba9a-4601505a8738",
      "endpoint": "Remedy JWT",
      "label": "Remedy API Token | Acquire",
      "environment": "HOSTED",
      "presentation": "{\"w\":60,\"x\":340,\"h\":60,\"y\":741}",
      "step": "cefe9fa1-c3f3-4a0c-be09-62890d706913",
      "stepType": "SCRIPT_STEP",
      "inputMappings": [
        {
          "inputPort": "input",
          "mapping": "${constants.USER_REMEDY_USERNAME}",
          "stepInput": "d93fba2d-5c85-41fc-a10c-98a131dfa0b9"
        },
        {
          "inputPort": "input",
          "mapping": "${constants.USER_REMEDY_PASSWORD}",
          "stepInput": "f2da6722-ce19-437c-917e-86461a72f125"
        }
      ]
    },
    {
      "id": "95ff2f1a-64ce-4eb0-b7b8-8a80c785a88a",
      "endpoint": "Remedy JWT",
      "label": "Remedy API Token | Release",
      "environment": "HOSTED",
      "presentation": "{\"w\":60,\"x\":680,\"h\":60,\"y\":1525}",
      "step": "01b87c9f-d600-4d43-a905-1efc4cbedafb",
      "stepType": "SCRIPT_STEP",
      "inputMappings": [
        {
          "inputPort": "input",
          "mapping": "${856ac467-4757-4a63-a95f-8f669dcf05af.JWT}",
          "stepInput": "95feccee-22d0-4f14-9ed3-f8bb577596b6"
        }
      ]
    },
    {
      "id": "f063e112-abb7-4e9b-af33-95bff4d7bacc",
      "endpoint": "Remedy JWT",
      "label": "Remedy API Token | Release",
      "environment": "HOSTED",
      "presentation": "{\"w\":60,\"x\":680,\"h\":60,\"y\":2175}",
      "step": "01b87c9f-d600-4d43-a905-1efc4cbedafb",
      "stepType": "SCRIPT_STEP",
      "inputMappings": [
        {
          "inputPort": "input",
          "mapping": "${d1a7de7c-17ba-4d1c-9142-d3daea5d0deb.JWT}",
          "stepInput": "95feccee-22d0-4f14-9ed3-f8bb577596b6"
        }
      ]
    },
    {
      "id": "04c4b1c7-68c8-4592-9421-df67765824e5",
      "endpoint": "Remedy JWT",
      "label": "Remedy API Token | Release",
      "environment": "HOSTED",
      "presentation": "{\"w\":60,\"x\":510,\"h\":60,\"y\":1842}",
      "step": "01b87c9f-d600-4d43-a905-1efc4cbedafb",
      "stepType": "SCRIPT_STEP",
      "inputMappings": [
        {
          "inputPort": "input",
          "mapping": "${ca2ad4bd-a252-492b-8c6c-e7e43acf06b3.JWT}",
          "stepInput": "95feccee-22d0-4f14-9ed3-f8bb577596b6"
        }
      ]
    },
    {
      "id": "237103dd-3da3-4fa1-a5e3-2bafd11ca527",
      "endpoint": "Remedy JWT",
      "label": "Remedy API Token | Release",
      "environment": "HOSTED",
      "presentation": "{\"w\":60,\"x\":680,\"h\":60,\"y\":741}",
      "step": "01b87c9f-d600-4d43-a905-1efc4cbedafb",
      "stepType": "SCRIPT_STEP",
      "inputMappings": [
        {
          "inputPort": "input",
          "mapping": "${7a2cf680-d339-4f34-ba9a-4601505a8738.JWT}",
          "stepInput": "95feccee-22d0-4f14-9ed3-f8bb577596b6"
        }
      ]
    },
    {
      "id": "2c5197d6-4cb1-4e8e-9997-8ece4d53ef1f",
      "endpoint": "Remedy JWT",
      "label": "Remedy API Token | Release",
      "environment": "HOSTED",
      "presentation": "{\"w\":60,\"x\":510,\"h\":60,\"y\":2345}",
      "step": "01b87c9f-d600-4d43-a905-1efc4cbedafb",
      "stepType": "SCRIPT_STEP",
      "inputMappings": [
        {
          "inputPort": "input",
          "mapping": "${39efe007-1ac7-4d93-804e-d090a6c3ba7b.JWT}",
          "stepInput": "95feccee-22d0-4f14-9ed3-f8bb577596b6"
        }
      ]
    },
    {
      "id": "3f1a7eee-e77f-4e60-b03f-519ee54878ce",
      "endpoint": "Remedy JWT",
      "label": "Remedy API Token | Release",
      "environment": "HOSTED",
      "presentation": "{\"w\":60,\"x\":680,\"h\":60,\"y\":1081}",
      "step": "01b87c9f-d600-4d43-a905-1efc4cbedafb",
      "stepType": "SCRIPT_STEP",
      "inputMappings": [
        {
          "inputPort": "input",
          "mapping": "${65004bd8-26a4-4472-81f9-dfbada13845e.JWT}",
          "stepInput": "95feccee-22d0-4f14-9ed3-f8bb577596b6"
        }
      ]
    },
    {
      "id": "45a26877-95ba-49d6-8801-87a8d6d774af",
      "endpoint": "Remedy JWT",
      "label": "Remedy API Token | Release",
      "environment": "HOSTED",
      "presentation": "{\"w\":60,\"x\":850,\"h\":60,\"y\":137}",
      "step": "01b87c9f-d600-4d43-a905-1efc4cbedafb",
      "stepType": "SCRIPT_STEP",
      "inputMappings": [
        {
          "inputPort": "input",
          "mapping": "${df5c3537-afe1-4bab-b739-a8dc320a227d.JWT}",
          "stepInput": "95feccee-22d0-4f14-9ed3-f8bb577596b6"
        }
      ]
    },
    {
      "id": "54a32c6b-916d-44c7-a077-443fc0e18fa4",
      "endpoint": "Remedy JWT",
      "label": "Remedy API Token | Release",
      "environment": "HOSTED",
      "presentation": "{\"w\":60,\"x\":680,\"h\":60,\"y\":911}",
      "step": "01b87c9f-d600-4d43-a905-1efc4cbedafb",
      "stepType": "SCRIPT_STEP",
      "inputMappings": [
        {
          "inputPort": "input",
          "mapping": "${1133305a-e0ef-48e9-98f1-e035f61d0d69.JWT}",
          "stepInput": "95feccee-22d0-4f14-9ed3-f8bb577596b6"
        }
      ]
    },
    {
      "id": "6ca4d646-3e26-4f22-8ee4-b6f7e7d9a275",
      "endpoint": "Remedy JWT",
      "label": "Remedy API Token | Release",
      "environment": "HOSTED",
      "presentation": "{\"w\":60,\"x\":1190,\"h\":60,\"y\":307}",
      "step": "01b87c9f-d600-4d43-a905-1efc4cbedafb",
      "stepType": "SCRIPT_STEP",
      "inputMappings": [
        {
          "inputPort": "input",
          "mapping": "${93b7fcaa-ef9a-45cf-b181-dca508826968.JWT}",
          "stepInput": "95feccee-22d0-4f14-9ed3-f8bb577596b6"
        }
      ]
    },
    {
      "id": "64c2abb9-fb24-4d0f-908b-efac4bf30299",
      "label": "Responses",
      "environment": "HOSTED",
      "presentation": "{\"w\":100,\"x\":0,\"h\":50,\"y\":2012}",
      "stepType": "RESPONSES"
    },
    {
      "id": "d7a6fa04-5f66-4cad-b706-ad26e0e2634e",
      "label": "Step 01 | Inbound Request | JSON",
      "environment": "HOSTED",
      "presentation": "{\"w\":60,\"x\":0,\"h\":60,\"y\":222}",
      "step": "5f3a55c7-f585-4d5c-b88d-eec1ef90c0c3",
      "stepType": "INTEGRATION"
    },
    {
      "id": "7a4a38c2-a0ca-460c-901c-3adf9b15802a",
      "label": "Step 02 | Create Event | Incident Alert | Flow",
      "environment": "HOSTED",
      "presentation": "{\"w\":100,\"x\":-150,\"h\":50,\"y\":-200}",
      "step": "dfd66040-edfb-4966-82f2-6dd68076f76b",
      "stepType": "INTEGRATION"
    },
    {
      "id": "f704356c-2c96-41c8-9447-4f7ee86a9093",
      "label": "Terminate Events",
      "environment": "HOSTED",
      "presentation": "{\"w\":60,\"x\":680,\"h\":60,\"y\":307}",
      "step": "798e3053-b4b4-5e8c-ba84-8a11c3be6237",
      "stepType": "SCRIPT_STEP",
      "inputMappings": [
        {
          "inputPort": "input",
          "mapping": "${257206b1-5849-40cc-ad27-8c5bcad20d56.Event IDs}",
          "stepInput": "4fdf2591-4925-5682-8911-f0163d7f98dd"
        }
      ]
    },
    {
      "id": "309f5d95-83c6-46c7-86c9-4426f8d92a16",
      "label": "Terminate Events",
      "environment": "HOSTED",
      "presentation": "{\"w\":60,\"x\":1190,\"h\":60,\"y\":137}",
      "step": "798e3053-b4b4-5e8c-ba84-8a11c3be6237",
      "stepType": "SCRIPT_STEP",
      "inputMappings": [
        {
          "inputPort": "input",
          "mapping": "${c0f79164-8bfe-45dd-a28e-dbbfe033d675.Event IDs}",
          "stepInput": "4fdf2591-4925-5682-8911-f0163d7f98dd"
        }
      ]
    }
  ],
  "edges": [
    {
      "fromBlock": "856ac467-4757-4a63-a95f-8f669dcf05af",
      "fromPort": "output",
      "toBlock": "91f3cc85-2f09-47bb-88d0-e0d4322972ea",
      "toPort": "input"
    },
    {
      "fromBlock": "86edcb2a-0a74-464d-b223-afe1c2e98c96",
      "fromPort": "output",
      "toBlock": "ca2ad4bd-a252-492b-8c6c-e7e43acf06b3",
      "toPort": "input"
    },
    {
      "fromBlock": "91f3cc85-2f09-47bb-88d0-e0d4322972ea",
      "fromPort": "output",
      "toBlock": "95ff2f1a-64ce-4eb0-b7b8-8a80c785a88a",
      "toPort": "input"
    },
    {
      "fromBlock": "93b7fcaa-ef9a-45cf-b181-dca508826968",
      "fromPort": "output",
      "toBlock": "d865fd13-f180-46ed-aa8b-374e35e72567",
      "toPort": "input"
    },
    {
      "fromBlock": "97f4f54a-7e7c-494b-8b15-1025dbbaae12",
      "fromPort": "output",
      "toBlock": "b9d57936-0541-49f9-9250-f799175e9cce",
      "toPort": "input"
    },
    {
      "fromBlock": "b9d57936-0541-49f9-9250-f799175e9cce",
      "fromPort": "7626d972-7b6f-4510-84a4-d8c136ec7c54",
      "toBlock": "1133305a-e0ef-48e9-98f1-e035f61d0d69",
      "toPort": "input"
    },
    {
      "fromBlock": "b9d57936-0541-49f9-9250-f799175e9cce",
      "fromPort": "4d7a8b38-5e1d-4364-a092-e16db024c095",
      "toBlock": "65004bd8-26a4-4472-81f9-dfbada13845e",
      "toPort": "input"
    },
    {
      "fromBlock": "b9d57936-0541-49f9-9250-f799175e9cce",
      "fromPort": "90062ad8-0f8c-4268-8e4c-c9f2a02dde0d",
      "toBlock": "7a2cf680-d339-4f34-ba9a-4601505a8738",
      "toPort": "input"
    },
    {
      "fromBlock": "c0f79164-8bfe-45dd-a28e-dbbfe033d675",
      "fromPort": "output",
      "toBlock": "309f5d95-83c6-46c7-86c9-4426f8d92a16",
      "toPort": "input"
    },
    {
      "fromBlock": "ca2ad4bd-a252-492b-8c6c-e7e43acf06b3",
      "fromPort": "output",
      "toBlock": "651d53aa-17e8-4eff-8940-8fa8aeda49d9",
      "toPort": "input"
    },
    {
      "fromBlock": "d1a7de7c-17ba-4d1c-9142-d3daea5d0deb",
      "fromPort": "output",
      "toBlock": "de3549b2-1e21-4d03-b055-605cfb53fe9d",
      "toPort": "input"
    },
    {
      "fromBlock": "d2884858-d97d-4116-9855-b2a40828a47a",
      "fromPort": "output",
      "toBlock": "d1a7de7c-17ba-4d1c-9142-d3daea5d0deb",
      "toPort": "input"
    },
    {
      "fromBlock": "d7a6fa04-5f66-4cad-b706-ad26e0e2634e",
      "fromPort": "output",
      "toBlock": "250c5085-97d3-4081-b70e-fcfdc39b0fd5",
      "toPort": "input"
    },
    {
      "fromBlock": "d865fd13-f180-46ed-aa8b-374e35e72567",
      "fromPort": "output",
      "toBlock": "6ca4d646-3e26-4f22-8ee4-b6f7e7d9a275",
      "toPort": "input"
    },
    {
      "fromBlock": "de3549b2-1e21-4d03-b055-605cfb53fe9d",
      "fromPort": "output",
      "toBlock": "744d13ea-272c-46bb-b8db-fbab166e5332",
      "toPort": "input"
    },
    {
      "fromBlock": "df5c3537-afe1-4bab-b739-a8dc320a227d",
      "fromPort": "output",
      "toBlock": "174c04cf-b83e-40ec-9c9b-10aa8bcfb004",
      "toPort": "input"
    },
    {
      "fromBlock": "f704356c-2c96-41c8-9447-4f7ee86a9093",
      "fromPort": "output",
      "toBlock": "93b7fcaa-ef9a-45cf-b181-dca508826968",
      "toPort": "input"
    },
    {
      "fromBlock": "0dd9fa4f-899c-42b0-b45b-60f788e47bf5",
      "fromPort": "output",
      "toBlock": "237103dd-3da3-4fa1-a5e3-2bafd11ca527",
      "toPort": "input"
    },
    {
      "fromBlock": "1133305a-e0ef-48e9-98f1-e035f61d0d69",
      "fromPort": "output",
      "toBlock": "65d67377-8a41-4b7e-9fd6-10d10571bda2",
      "toPort": "input"
    },
    {
      "fromBlock": "174c04cf-b83e-40ec-9c9b-10aa8bcfb004",
      "fromPort": "output",
      "toBlock": "45a26877-95ba-49d6-8801-87a8d6d774af",
      "toPort": "input"
    },
    {
      "fromBlock": "1fd128f1-82b2-4e36-98e3-dfa53e0e9ab6",
      "fromPort": "output",
      "toBlock": "3f1a7eee-e77f-4e60-b03f-519ee54878ce",
      "toPort": "input"
    },
    {
      "fromBlock": "2201bb19-5031-46fc-8226-dda6c5fd2137",
      "fromPort": "output",
      "toBlock": "48ae0cc9-f496-4139-84f1-a9840246a1ec",
      "toPort": "input"
    },
    {
      "fromBlock": "250c5085-97d3-4081-b70e-fcfdc39b0fd5",
      "fromPort": "output",
      "toBlock": "318538d5-f5b4-4c03-b4a6-9067c692d4f9",
      "toPort": "input"
    },
    {
      "fromBlock": "257206b1-5849-40cc-ad27-8c5bcad20d56",
      "fromPort": "output",
      "toBlock": "f704356c-2c96-41c8-9447-4f7ee86a9093",
      "toPort": "input"
    },
    {
      "fromBlock": "2d8d4bc0-55f0-4ed7-8995-bf300961e9b0",
      "fromPort": "output",
      "toBlock": "39efe007-1ac7-4d93-804e-d090a6c3ba7b",
      "toPort": "input"
    },
    {
      "fromBlock": "309f5d95-83c6-46c7-86c9-4426f8d92a16",
      "fromPort": "output",
      "toBlock": "2201bb19-5031-46fc-8226-dda6c5fd2137",
      "toPort": "input"
    },
    {
      "fromBlock": "30f76c0f-2024-4c84-98e2-702e59343683",
      "fromPort": "output",
      "toBlock": "6d36bcea-fab6-4b8e-85b7-97fc88602d06",
      "toPort": "input"
    },
    {
      "fromBlock": "318538d5-f5b4-4c03-b4a6-9067c692d4f9",
      "fromPort": "75d2e8d0-b439-42db-842d-f04bcee48678",
      "toBlock": "df5c3537-afe1-4bab-b739-a8dc320a227d",
      "toPort": "input"
    },
    {
      "fromBlock": "318538d5-f5b4-4c03-b4a6-9067c692d4f9",
      "fromPort": "c694c63b-5051-48c7-9c89-6c9c59f0dc9a",
      "toBlock": "257206b1-5849-40cc-ad27-8c5bcad20d56",
      "toPort": "input"
    },
    {
      "fromBlock": "39efe007-1ac7-4d93-804e-d090a6c3ba7b",
      "fromPort": "output",
      "toBlock": "558c9ee1-ab70-4741-964d-02c255a2904e",
      "toPort": "input"
    },
    {
      "fromBlock": "45a26877-95ba-49d6-8801-87a8d6d774af",
      "fromPort": "output",
      "toBlock": "c0f79164-8bfe-45dd-a28e-dbbfe033d675",
      "toPort": "input"
    },
    {
      "fromBlock": "558c9ee1-ab70-4741-964d-02c255a2904e",
      "fromPort": "output",
      "toBlock": "2c5197d6-4cb1-4e8e-9997-8ece4d53ef1f",
      "toPort": "input"
    },
    {
      "fromBlock": "5a3ee9a4-1f6d-4f77-8a3f-203f092146c2",
      "fromPort": "output",
      "toBlock": "39efe007-1ac7-4d93-804e-d090a6c3ba7b",
      "toPort": "input"
    },
    {
      "fromBlock": "65004bd8-26a4-4472-81f9-dfbada13845e",
      "fromPort": "output",
      "toBlock": "1fd128f1-82b2-4e36-98e3-dfa53e0e9ab6",
      "toPort": "input"
    },
    {
      "fromBlock": "651d53aa-17e8-4eff-8940-8fa8aeda49d9",
      "fromPort": "output",
      "toBlock": "04c4b1c7-68c8-4592-9421-df67765824e5",
      "toPort": "input"
    },
    {
      "fromBlock": "65d67377-8a41-4b7e-9fd6-10d10571bda2",
      "fromPort": "output",
      "toBlock": "54a32c6b-916d-44c7-a077-443fc0e18fa4",
      "toPort": "input"
    },
    {
      "fromBlock": "6d36bcea-fab6-4b8e-85b7-97fc88602d06",
      "fromPort": "output",
      "toBlock": "856ac467-4757-4a63-a95f-8f669dcf05af",
      "toPort": "input"
    },
    {
      "fromBlock": "744d13ea-272c-46bb-b8db-fbab166e5332",
      "fromPort": "output",
      "toBlock": "f063e112-abb7-4e9b-af33-95bff4d7bacc",
      "toPort": "input"
    },
    {
      "fromBlock": "7a2cf680-d339-4f34-ba9a-4601505a8738",
      "fromPort": "output",
      "toBlock": "0dd9fa4f-899c-42b0-b45b-60f788e47bf5",
      "toPort": "input"
    }
  ]
}