{
  "integrations": [
    {
      "id": "3a3856f5-9014-47b4-872f-d74ef4ecb3b5",
      "name": "Incident Alerts - Acknowledge",
      "action": "RUN_SCRIPT",
      "type": "OUTBOUND_WEBHOOK",
      "triggeredBy": "RESPONSE",
      "responseChoice": "Acknowledge",
      "deployed": true,
      "form": "eafc1d64-c25e-4c63-82d6-313bda663364",
      "environment": "HOSTED",
      "authType": "NONE",
      "createdBy": "FLOW"
    },
    {
      "id": "8691807f-22a8-477e-a6fa-deb395e8fca1",
      "name": "Incident Alerts - Assign to me",
      "action": "RUN_SCRIPT",
      "type": "OUTBOUND_WEBHOOK",
      "triggeredBy": "RESPONSE",
      "responseChoice": "Assign to me",
      "deployed": true,
      "form": "eafc1d64-c25e-4c63-82d6-313bda663364",
      "environment": "HOSTED",
      "authType": "NONE",
      "createdBy": "FLOW"
    },
    {
      "id": "0bc8e927-7fa9-4761-82eb-8f828d76c500",
      "name": "Incident Alerts - Device Delivery Updates",
      "action": "RUN_SCRIPT",
      "type": "OUTBOUND_WEBHOOK",
      "triggeredBy": "DELIVERYSTATUS",
      "deployed": true,
      "form": "eafc1d64-c25e-4c63-82d6-313bda663364",
      "environment": "HOSTED",
      "authType": "NONE",
      "createdBy": "FLOW"
    },
    {
      "id": "0f310deb-d816-4a73-be60-c84f91b55da7",
      "name": "Incident Alerts - Escalate",
      "action": "RUN_SCRIPT",
      "type": "OUTBOUND_WEBHOOK",
      "triggeredBy": "RESPONSE",
      "responseChoice": "Escalate",
      "deployed": true,
      "form": "eafc1d64-c25e-4c63-82d6-313bda663364",
      "environment": "HOSTED",
      "authType": "NONE",
      "createdBy": "FLOW"
    },
    {
      "id": "b938c75c-68ea-463b-b1fd-5a67cd96ab22",
      "name": "Incident Alerts - Event Comments",
      "action": "RUN_SCRIPT",
      "type": "OUTBOUND_WEBHOOK",
      "triggeredBy": "ANNOTATION",
      "deployed": true,
      "form": "eafc1d64-c25e-4c63-82d6-313bda663364",
      "environment": "HOSTED",
      "authType": "NONE",
      "createdBy": "FLOW"
    },
    {
      "id": "cfc11cae-dc66-4980-b729-7c0a559dedbd",
      "name": "Incident Alerts - Event Status Updates",
      "action": "RUN_SCRIPT",
      "type": "OUTBOUND_WEBHOOK",
      "triggeredBy": "STATUS",
      "deployed": true,
      "form": "eafc1d64-c25e-4c63-82d6-313bda663364",
      "environment": "HOSTED",
      "authType": "NONE",
      "createdBy": "FLOW"
    },
    {
      "id": "2660dc6f-4180-4e03-a2bb-445e5968d34b",
      "name": "Step 00 | Incoming Remedy | xM Agent",
      "action": "RUN_SCRIPT",
      "type": "INBOUND_WEBHOOK",
      "deployed": false,
      "script": "/******************************************************************************\n * Inbound integrations - run a script\n *\n * Using an inbound integration to run a script enables you to access the full\n * functionality of the xMatters REST API with simple HTTP call.\n *\n * Each inbound integration is authenticated independently, which allows you to\n * run the script without storing the login credentials of your xMatters account\n * in an external system.\n *\n * Scripts can use the xMatters REST API to manage users, groups, and events,\n * see who is on call, or perform any other system actions available in the xMatters\n * REST API (see https://help.xmatters.com/xmAPI). Scripts can also interact with other\n * systems in your toolchain by calling endpoints over HTTP.\n *\n * When you choose the Run a script action in the Integration Builder, the script\n * is not associated with a specific form and the built-in form object is not available.\n *\n * The following sample code shows how to parse the payload from the inbound integration\n * request, extract a ticket number, and then use the xMatters REST API to find and\n * terminate matching events. You can use it as a template and then customize it to work\n * with your integration.\n */\n\n/**\n * Parse incoming data\n *\n * Typically, data is passed into an inbound integration as XML or JSON in the request\n * body, but you can represent the data in another format or include it as a query\n * parameter appended to the URL.\n *\n * The script's built-in request object enables you to access elements of the\n * request, including the payload contained in the request body and any URL\n * parameters. The following code snippets show how to retrieve these values.\n * Choose the option that matches how your system includes data in the request to\n * the inbound integration URL.\n */\n//var payload = JSON.parse(request.body);  //Use this if the payload is a JSON object in the request body\n//var payload = JXON.parse(request.body);  //Use this if the payload is XML in the request body\n//var payload = request.parameters;        //Use this if the payload is in a query parameter\n// Don't parse incoming payload. It will be parsed in the the inbound Flow.\nvar payload = request.body;\n\nconsole.log(\"Incoming payload: \" + payload);\n\n// Kickoff Inbound Flow\nvar flowRequest = http.request({\n    'endpoint': 'xMatters',\n    'path': constants.XMATTERS_INCIDENT_IB_FLOW_PATH,\n    'method': 'POST'\n});\nvar flowHttpTriggerResponse = flowRequest.write(payload);\n\n/** Check the response status code to see if the request succeeded **/\nif (flowHttpTriggerResponse.statusCode >= 200 && flowHttpTriggerResponse.statusCode < 300) {\n    console.log(\"Successfully submitted Remedy payload to kickoff inbound Flow. statusCode: \" + flowHttpTriggerResponse.statusCode);\n} else {\n    console.log(\"Failed to submit Remedy payload to kickoff inbound Flow. statusCode: \" + flowHttpTriggerResponse.statusCode);\n    return;\n}\n",
      "environment": "HOSTED",
      "authType": "ANY",
      "createdBy": "IB"
    },
    {
      "id": "a28a0031-9f22-47e8-b6f8-941ffe66f6dc",
      "name": "Step 01 - Helix Inbound Request | JSON",
      "action": "RUN_SCRIPT",
      "type": "INBOUND_WEBHOOK",
      "deployed": true,
      "form": "eafc1d64-c25e-4c63-82d6-313bda663364",
      "environment": "HOSTED",
      "authType": "ANY",
      "createdBy": "FLOW",
      "integrationScriptStepUuid": "704d52f5-8a1c-4e46-a377-f47b24c72dc9"
    },
    {
      "id": "7eb3112a-7d39-49c1-a5ea-2215cb8d73ef",
      "name": "Step 01 | Helix Inbound Request | XML",
      "action": "RUN_SCRIPT",
      "type": "INBOUND_WEBHOOK",
      "deployed": false,
      "form": "eafc1d64-c25e-4c63-82d6-313bda663364",
      "environment": "HOSTED",
      "authType": "ANY",
      "createdBy": "FLOW",
      "integrationScriptStepUuid": "7c9c0bf3-1ae4-4bd1-aea9-abf8b7de8085"
    },
    {
      "id": "f45bdf42-8967-4d4a-b153-a7807dc1e1bb",
      "name": "Step 02 | Create Event | Incident Alert | Flow",
      "action": "CREATE_EVENT",
      "type": "INBOUND_WEBHOOK",
      "deployed": true,
      "form": "eafc1d64-c25e-4c63-82d6-313bda663364",
      "script": "/**\n * Parse incoming data\n *\n * Typically, data is passed into an inbound integration as XML or JSON in the request\n * body, but you can represent the data in another format or include it as a query\n * parameter.\n *\n * The script's built-in request object enables you to access the elements of the\n * request, including the payload contained in the request body and any URL\n * parameters. The following code snippets show how to retrieve these values.\n * Choose the option that matches how your system includes data in the request to\n * the inbound integration URL.\n */\nvar payload = JSON.parse(request.body);  //Use this if the payload is a JSON object in the request body\n//var payload = JXON.parse(request.body);  //Use this if the payload is XML in the request body\n//var payload = request.parameters;        //Use this if the payload is in a query parameter\n\n/** Initiate the event*/\nvar formPostResponse = form.post(payload);\n\n// Verify successful form.post(payload)\nif (formPostResponse.statusCode >= 200 && formPostResponse.statusCode <= 299) {\n    console.log(\"Successfully posted to Form: \" + formPostResponse.statusCode);\n} else {\n    console.log(\"Failed to post to Form: \" + JSON.stringify(formPostResponse));\n    throw formPostResponse;\n}\n",
      "environment": "HOSTED",
      "authType": "ANY",
      "createdBy": "IB"
    }
  ],
  "endpoints": [
    {
      "name": "Remedy JWT",
      "baseUrl": "https://customer-restapi.onbmc.com",
      "type": "EXTERNAL",
      "authentication": "NO_AUTH"
    }
  ],
  "constants": [
    {
      "name": "HELIX_FQDN",
      "value": "https://customer.onbmc.com",
      "description": "The fully qualified domain name of the Helix Mid Tier server, ex. https://customer.onbmc.com"
    },
    {
      "name": "HELIX_OPT_SIMPLE_GROUP_NAME",
      "value": "false",
      "description": "[Use all lowercase] If true, construct group name as only Assigned_Group vs Support Company*Support Organization*Assigned_Group"
    },
    {
      "name": "HELIX_RESOLVED_RESOLUTION",
      "value": "Ticket resolved via xMatters notification response",
      "description": "Description set in the Resolution field."
    },
    {
      "name": "HELIX_RESOLVED_RESOLUTION_METHOD",
      "value": "Self-Service",
      "description": "Method set in the Resolution Method field"
    },
    {
      "name": "HELIX_SERVER_NAME",
      "value": "onbmc",
      "description": "The logical server name to target in Helix, ex. onbmc"
    },
    {
      "name": "HELIX_STATUS_IN_PROGRESS",
      "value": "In Progress",
      "description": "Value put into the Status field upon Accept (case-sensitive)"
    },
    {
      "name": "HELIX_STATUS_REASON",
      "value": "No Further Action Required",
      "description": "Value entered into the Status_Reason field upon Resolution"
    },
    {
      "name": "HELIX_STATUS_RESOLVED",
      "value": "Resolved",
      "description": "Value put into the Status field upon Resolve response (case-sensitive)"
    },
    {
      "name": "HELIX_WORKINFO_MAX_LENGTH",
      "value": "100",
      "description": "Remedy Work Info maximum character length"
    },
    {
      "name": "NOTE_PREFIX_DEFAULT",
      "value": "[xMatters]",
      "description": "The default text to precede Work Info content"
    },
    {
      "name": "RESPONSE_OPTIONS_INCIDENT_GROUP",
      "value": "UUIDs for response options separated by commas",
      "description": "Group response options for Helix Incident alerts. UUIDs separated by commas."
    },
    {
      "name": "RESPONSE_OPTIONS_INCIDENT_USER",
      "value": "UUIDs for response options separated by commas",
      "description": "User response options for Helix Incident alerts. UUIDs separated by commas."
    },
    {
      "name": "USER_HELIX_PASSWORD",
      "value": "password",
      "description": "Password for integration api user in Helix"
    },
    {
      "name": "USER_HELIX_USERNAME",
      "value": "xmatters",
      "description": "Username for integration api user in Helix"
    },
    {
      "name": "XMATTERS_INCIDENT_EVENT_IB_PATH",
      "value": "/api/integration/1/functions/[UUID]/triggers?apiKey=[apiKey]",
      "description": "Inbound Integration path to Step 02 | Create Event | Incident Alert | Flow - use URL Authentication, ex. /api/integration/1/functions/{UUID}/triggers?apiKey={apiKey}"
    },
    {
      "name": "XMATTERS_INCIDENT_IB_FLOW_PATH",
      "value": "/api/integration/1/functions/[UUID]/triggers?apiKey=[apiKey]\n\n* only required when using an xM Agent (Remedy/Helix on-premise)",
      "description": "Inbound Integration path to Step 01 | Helix | Inbound Request - use URL Authentication, ex. /api/integration/1/functions/{UUID}/triggers?apiKey={apiKey}"
    }
  ]
}