{
  "name": "Incident Alerts Workflow",
  "description": "",
  "form": "dbe3489f-f5a2-43d1-ab35-629f015ebf6a",
  "blocks": [
    {
      "id": "393eb03b-9ff2-4111-98e0-ee679455c051",
      "label": "Acknowledge",
      "environment": "HOSTED",
      "presentation": "{}",
      "step": "4706d999-921c-4674-ab5a-3bebb7682bcc",
      "stepType": "INTEGRATION"
    },
    {
      "id": "def156e3-0b76-41d4-b601-2ee6d8a00805",
      "label": "Action",
      "environment": "HOSTED",
      "presentation": "{\"w\":60,\"x\":220,\"h\":60,\"y\":55}",
      "stepType": "SWITCH",
      "inputMappings": [
        {
          "inputPort": "input",
          "mapping": "${c411587a-ad74-42db-9e64-20e69e4e9147.Action}"
        }
      ],
      "switchCases": [
        {
          "caseId": "33c3bf20-84c8-477f-9f62-872654b8d03b",
          "caseValue": "Add"
        },
        {
          "caseId": "264f23b4-7f6a-46c3-bd68-0a44c441040d",
          "caseValue": "Delete"
        }
      ]
    },
    {
      "id": "09d31dde-b118-4f7e-ae2e-73f217ce29b5",
      "label": "Assign to me",
      "environment": "HOSTED",
      "presentation": "{}",
      "step": "df518a13-9a88-495f-b4b4-3389f51bef87",
      "stepType": "INTEGRATION"
    },
    {
      "id": "56bd21e2-3cb4-439a-8b02-210f17701729",
      "label": "Delivery Status",
      "environment": "HOSTED",
      "presentation": "{\"w\":60,\"x\":220,\"h\":60,\"y\":1328}",
      "stepType": "SWITCH",
      "inputMappings": [
        {
          "inputPort": "input",
          "mapping": "${triggerOutputDELIVERYSTATUS.deliveryStatusUpdated.auditType}"
        }
      ],
      "switchCases": [
        {
          "caseId": "5f7641f0-2189-4173-8028-ede4b1c1771f",
          "caseValue": "NOTIFICATION_DELIVERED"
        },
        {
          "caseId": "156d2b7e-0728-46a1-951d-e1e952578db6",
          "caseValue": "NOTIFICATION_FAILED"
        }
      ]
    },
    {
      "id": "4ffbb2f0-0498-452e-a0bd-1299847aedee",
      "label": "Escalate",
      "environment": "HOSTED",
      "presentation": "{}",
      "step": "25f0357c-e466-4e5b-b2d8-9b8c3ec5e5d1",
      "stepType": "INTEGRATION"
    },
    {
      "id": "ffa43c67-6a3b-446f-a8c6-1df398360e45",
      "label": "Get Events",
      "environment": "HOSTED",
      "presentation": "{\"w\":60,\"x\":1100,\"h\":60,\"y\":190}",
      "step": "f36cf6ba-2225-5cb3-831f-030a05527c72",
      "stepType": "SCRIPT_STEP",
      "inputMappings": [
        {
          "inputPort": "input",
          "mapping": "ACTIVE,SUSPENDED",
          "stepInput": "fa86536b-3508-56de-884b-503596bd64c2"
        },
        {
          "inputPort": "input",
          "mapping": "Incident Number#en",
          "stepInput": "72cd05cc-dfe2-5933-b85c-edcf1df9f56f"
        },
        {
          "inputPort": "input",
          "mapping": "${c411587a-ad74-42db-9e64-20e69e4e9147.ID}",
          "stepInput": "b58893a5-ffaf-502d-982b-613dcd7b2232"
        },
        {
          "inputPort": "input",
          "mapping": "TRUE",
          "stepInput": "3bb89cc9-b89f-5291-9c54-1da7bc6c051a"
        }
      ]
    },
    {
      "id": "322d45ef-b95b-4d7e-9c9c-29acc8c0ccc8",
      "label": "Get Events",
      "environment": "HOSTED",
      "presentation": "{\"w\":60,\"x\":440,\"h\":60,\"y\":340}",
      "step": "f36cf6ba-2225-5cb3-831f-030a05527c72",
      "stepType": "SCRIPT_STEP",
      "inputMappings": [
        {
          "inputPort": "input",
          "mapping": "ACTIVE,SUSPENDED",
          "stepInput": "fa86536b-3508-56de-884b-503596bd64c2"
        },
        {
          "inputPort": "input",
          "mapping": "Incident Number#en",
          "stepInput": "72cd05cc-dfe2-5933-b85c-edcf1df9f56f"
        },
        {
          "inputPort": "input",
          "mapping": "${c411587a-ad74-42db-9e64-20e69e4e9147.ID}",
          "stepInput": "b58893a5-ffaf-502d-982b-613dcd7b2232"
        },
        {
          "inputPort": "input",
          "mapping": "TRUE",
          "stepInput": "3bb89cc9-b89f-5291-9c54-1da7bc6c051a"
        }
      ]
    },
    {
      "id": "9b4dc9a7-8074-4adf-8bc2-e9edfbc29c71",
      "endpoint": "Remedy JWT",
      "label": "Helix | API Token | Acquire",
      "environment": "HOSTED",
      "presentation": "{\"w\":60,\"x\":220,\"h\":60,\"y\":1093}",
      "step": "9242e654-9cba-4480-93a8-ee20ad15a9d5",
      "stepType": "SCRIPT_STEP",
      "inputMappings": [
        {
          "inputPort": "input",
          "mapping": "${constants.USER_HELIX_USERNAME}",
          "stepInput": "f130bd85-3605-4b33-8b67-88fc0d0e9dcc"
        },
        {
          "inputPort": "input",
          "mapping": "${constants.USER_HELIX_PASSWORD}",
          "stepInput": "ad37bfaf-78d3-4f35-907f-794f643fd364"
        }
      ]
    },
    {
      "id": "acf5d40c-e694-4f2b-a398-f36ab1cd50f2",
      "endpoint": "Remedy JWT",
      "label": "Helix | API Token | Acquire",
      "environment": "HOSTED",
      "presentation": "{\"w\":60,\"x\":220,\"h\":60,\"y\":2372}",
      "step": "9242e654-9cba-4480-93a8-ee20ad15a9d5",
      "stepType": "SCRIPT_STEP",
      "inputMappings": [
        {
          "inputPort": "input",
          "mapping": "${constants.USER_HELIX_USERNAME}",
          "stepInput": "f130bd85-3605-4b33-8b67-88fc0d0e9dcc"
        },
        {
          "inputPort": "input",
          "mapping": "${constants.USER_HELIX_PASSWORD}",
          "stepInput": "ad37bfaf-78d3-4f35-907f-794f643fd364"
        }
      ]
    },
    {
      "id": "b0772945-9ad1-4bf7-b9f7-3a92875850e9",
      "endpoint": "Remedy JWT",
      "label": "Helix | API Token | Acquire",
      "environment": "HOSTED",
      "presentation": "{\"w\":60,\"x\":1100,\"h\":60,\"y\":640}",
      "step": "9242e654-9cba-4480-93a8-ee20ad15a9d5",
      "stepType": "SCRIPT_STEP",
      "inputMappings": [
        {
          "inputPort": "input",
          "mapping": "${constants.USER_HELIX_USERNAME}",
          "stepInput": "f130bd85-3605-4b33-8b67-88fc0d0e9dcc"
        },
        {
          "inputPort": "input",
          "mapping": "${constants.USER_HELIX_PASSWORD}",
          "stepInput": "ad37bfaf-78d3-4f35-907f-794f643fd364"
        }
      ]
    },
    {
      "id": "b4866b97-b90b-412f-924f-3bee0e592161",
      "endpoint": "Remedy JWT",
      "label": "Helix | API Token | Acquire",
      "environment": "HOSTED",
      "presentation": "{\"w\":60,\"x\":440,\"h\":60,\"y\":1463}",
      "step": "9242e654-9cba-4480-93a8-ee20ad15a9d5",
      "stepType": "SCRIPT_STEP",
      "inputMappings": [
        {
          "inputPort": "input",
          "mapping": "${constants.USER_HELIX_USERNAME}",
          "stepInput": "f130bd85-3605-4b33-8b67-88fc0d0e9dcc"
        },
        {
          "inputPort": "input",
          "mapping": "${constants.USER_HELIX_PASSWORD}",
          "stepInput": "ad37bfaf-78d3-4f35-907f-794f643fd364"
        }
      ]
    },
    {
      "id": "eb55e54c-40d5-4be2-a8b8-cb028b20e4d3",
      "endpoint": "Remedy JWT",
      "label": "Helix | API Token | Acquire",
      "environment": "HOSTED",
      "presentation": "{\"w\":60,\"x\":440,\"h\":60,\"y\":190}",
      "step": "9242e654-9cba-4480-93a8-ee20ad15a9d5",
      "stepType": "SCRIPT_STEP",
      "inputMappings": [
        {
          "inputPort": "input",
          "mapping": "${constants.USER_HELIX_USERNAME}",
          "stepInput": "f130bd85-3605-4b33-8b67-88fc0d0e9dcc"
        },
        {
          "inputPort": "input",
          "mapping": "${constants.USER_HELIX_PASSWORD}",
          "stepInput": "ad37bfaf-78d3-4f35-907f-794f643fd364"
        }
      ]
    },
    {
      "id": "04542484-0fd0-439f-bd33-2c14fbdb76bf",
      "endpoint": "Remedy JWT",
      "label": "Helix | API Token | Acquire",
      "environment": "HOSTED",
      "presentation": "{\"w\":60,\"x\":220,\"h\":60,\"y\":2683}",
      "step": "9242e654-9cba-4480-93a8-ee20ad15a9d5",
      "stepType": "SCRIPT_STEP",
      "inputMappings": [
        {
          "inputPort": "input",
          "mapping": "${constants.USER_HELIX_USERNAME}",
          "stepInput": "f130bd85-3605-4b33-8b67-88fc0d0e9dcc"
        },
        {
          "inputPort": "input",
          "mapping": "${constants.USER_HELIX_PASSWORD}",
          "stepInput": "ad37bfaf-78d3-4f35-907f-794f643fd364"
        }
      ]
    },
    {
      "id": "2c2470df-230b-458b-841d-f8f885f061b1",
      "endpoint": "Remedy JWT",
      "label": "Helix | API Token | Acquire",
      "environment": "HOSTED",
      "presentation": "{\"w\":60,\"x\":440,\"h\":60,\"y\":1613}",
      "step": "9242e654-9cba-4480-93a8-ee20ad15a9d5",
      "stepType": "SCRIPT_STEP",
      "inputMappings": [
        {
          "inputPort": "input",
          "mapping": "${constants.USER_HELIX_USERNAME}",
          "stepInput": "f130bd85-3605-4b33-8b67-88fc0d0e9dcc"
        },
        {
          "inputPort": "input",
          "mapping": "${constants.USER_HELIX_PASSWORD}",
          "stepInput": "ad37bfaf-78d3-4f35-907f-794f643fd364"
        }
      ]
    },
    {
      "id": "5fc65b99-dac0-4d67-ab6c-ab3ec69915a8",
      "endpoint": "Remedy JWT",
      "label": "Helix | API Token | Acquire",
      "environment": "HOSTED",
      "presentation": "{\"w\":60,\"x\":220,\"h\":60,\"y\":1996}",
      "step": "9242e654-9cba-4480-93a8-ee20ad15a9d5",
      "stepType": "SCRIPT_STEP",
      "inputMappings": [
        {
          "inputPort": "input",
          "mapping": "${constants.USER_HELIX_USERNAME}",
          "stepInput": "f130bd85-3605-4b33-8b67-88fc0d0e9dcc"
        },
        {
          "inputPort": "input",
          "mapping": "${constants.USER_HELIX_PASSWORD}",
          "stepInput": "ad37bfaf-78d3-4f35-907f-794f643fd364"
        }
      ]
    },
    {
      "id": "8c170ae1-335f-4d8a-baf5-e001003cdf20",
      "endpoint": "Remedy JWT",
      "label": "Helix | API Token | Release",
      "environment": "HOSTED",
      "presentation": "{\"w\":60,\"x\":880,\"h\":60,\"y\":1613}",
      "step": "809b521b-8c94-40ca-b179-24570963a842",
      "stepType": "SCRIPT_STEP",
      "inputMappings": [
        {
          "inputPort": "input",
          "mapping": "${2c2470df-230b-458b-841d-f8f885f061b1.JWT}",
          "stepInput": "5d29922c-3b21-4675-8d9d-1d816f3abc0a"
        }
      ]
    },
    {
      "id": "93cdd959-bb95-48b9-a98a-6e6331a11a32",
      "endpoint": "Remedy JWT",
      "label": "Helix | API Token | Release",
      "environment": "HOSTED",
      "presentation": "{\"w\":60,\"x\":880,\"h\":60,\"y\":2372}",
      "step": "809b521b-8c94-40ca-b179-24570963a842",
      "stepType": "SCRIPT_STEP",
      "inputMappings": [
        {
          "inputPort": "input",
          "mapping": "${acf5d40c-e694-4f2b-a398-f36ab1cd50f2.JWT}",
          "stepInput": "5d29922c-3b21-4675-8d9d-1d816f3abc0a"
        }
      ]
    },
    {
      "id": "9be66c0d-86f3-4fee-9cf9-005c00d39a7b",
      "endpoint": "Remedy JWT",
      "label": "Helix | API Token | Release",
      "environment": "HOSTED",
      "presentation": "{\"w\":60,\"x\":660,\"h\":60,\"y\":1996}",
      "step": "809b521b-8c94-40ca-b179-24570963a842",
      "stepType": "SCRIPT_STEP",
      "inputMappings": [
        {
          "inputPort": "input",
          "mapping": "${5fc65b99-dac0-4d67-ab6c-ab3ec69915a8.JWT}",
          "stepInput": "5d29922c-3b21-4675-8d9d-1d816f3abc0a"
        }
      ]
    },
    {
      "id": "a971e599-c507-4d69-b12f-78739a52d3a9",
      "endpoint": "Remedy JWT",
      "label": "Helix | API Token | Release",
      "environment": "HOSTED",
      "presentation": "{\"w\":60,\"x\":660,\"h\":60,\"y\":1093}",
      "step": "809b521b-8c94-40ca-b179-24570963a842",
      "stepType": "SCRIPT_STEP",
      "inputMappings": [
        {
          "inputPort": "input",
          "mapping": "${9b4dc9a7-8074-4adf-8bc2-e9edfbc29c71.JWT}",
          "stepInput": "5d29922c-3b21-4675-8d9d-1d816f3abc0a"
        }
      ]
    },
    {
      "id": "e5567d95-3a0f-4575-9088-4f259d409bca",
      "endpoint": "Remedy JWT",
      "label": "Helix | API Token | Release",
      "environment": "HOSTED",
      "presentation": "{\"w\":60,\"x\":880,\"h\":60,\"y\":1463}",
      "step": "809b521b-8c94-40ca-b179-24570963a842",
      "stepType": "SCRIPT_STEP",
      "inputMappings": [
        {
          "inputPort": "input",
          "mapping": "${b4866b97-b90b-412f-924f-3bee0e592161.JWT}",
          "stepInput": "5d29922c-3b21-4675-8d9d-1d816f3abc0a"
        }
      ]
    },
    {
      "id": "16bcca4d-fced-444a-92cf-920d988c8d9b",
      "endpoint": "Remedy JWT",
      "label": "Helix | API Token | Release",
      "environment": "HOSTED",
      "presentation": "{\"w\":60,\"x\":880,\"h\":60,\"y\":190}",
      "step": "809b521b-8c94-40ca-b179-24570963a842",
      "stepType": "SCRIPT_STEP",
      "inputMappings": [
        {
          "inputPort": "input",
          "mapping": "${eb55e54c-40d5-4be2-a8b8-cb028b20e4d3.JWT}",
          "stepInput": "5d29922c-3b21-4675-8d9d-1d816f3abc0a"
        }
      ]
    },
    {
      "id": "2d0c3891-57f8-4b19-94ea-01c217ea2c04",
      "endpoint": "Remedy JWT",
      "label": "Helix | API Token | Release",
      "environment": "HOSTED",
      "presentation": "{\"w\":60,\"x\":660,\"h\":60,\"y\":2683}",
      "step": "809b521b-8c94-40ca-b179-24570963a842",
      "stepType": "SCRIPT_STEP",
      "inputMappings": [
        {
          "inputPort": "input",
          "mapping": "${04542484-0fd0-439f-bd33-2c14fbdb76bf.JWT}",
          "stepInput": "5d29922c-3b21-4675-8d9d-1d816f3abc0a"
        }
      ]
    },
    {
      "id": "58f697b0-3a09-4f2b-a668-9775b040d1c0",
      "endpoint": "Remedy JWT",
      "label": "Helix | API Token | Release",
      "environment": "HOSTED",
      "presentation": "{\"w\":60,\"x\":1540,\"h\":60,\"y\":643}",
      "step": "809b521b-8c94-40ca-b179-24570963a842",
      "stepType": "SCRIPT_STEP",
      "inputMappings": [
        {
          "inputPort": "input",
          "mapping": "${b0772945-9ad1-4bf7-b9f7-3a92875850e9.JWT}",
          "stepInput": "5d29922c-3b21-4675-8d9d-1d816f3abc0a"
        }
      ]
    },
    {
      "id": "be21e3fc-8a20-4140-9636-368214dbd536",
      "endpoint": "Remedy JWT",
      "label": "Helix | Add Assignee | Incident | JWT Auth",
      "environment": "HOSTED",
      "presentation": "{\"w\":60,\"x\":660,\"h\":60,\"y\":2372}",
      "step": "76bfdf5c-7939-494b-9b56-19ebc5a9a35c",
      "stepType": "SCRIPT_STEP",
      "inputMappings": [
        {
          "inputPort": "input",
          "mapping": "${triggerOutputRESPONSE.respondedTo.by.firstName} ${triggerOutputRESPONSE.respondedTo.by.lastName}",
          "stepInput": "8769c29b-555a-4461-ab9a-fe581e09467a"
        },
        {
          "inputPort": "input",
          "mapping": "${triggerOutputRESPONSE.respondedTo.by.firstName}",
          "stepInput": "4b7709fe-375c-40a4-be40-3c1512866133"
        },
        {
          "inputPort": "input",
          "mapping": "${triggerOutputRESPONSE.respondedTo.by.lastName}",
          "stepInput": "a77845a3-6250-426c-807e-beb4ba9a3ef6"
        },
        {
          "inputPort": "input",
          "mapping": "${triggerOutputRESPONSE.respondedTo.by.targetName}",
          "stepInput": "6a930d87-d705-4adf-9ae5-3b8ceec844ed"
        },
        {
          "inputPort": "input",
          "mapping": "${event.properties.Incident Number}",
          "stepInput": "2f46f904-56fc-4346-a517-d47b2786ed50"
        },
        {
          "inputPort": "input",
          "mapping": "${event.properties.Request ID}",
          "stepInput": "9b3bd8e7-08ab-40c3-b259-fd8f8be24d18"
        },
        {
          "inputPort": "input",
          "mapping": "${event.properties.Assigned Support Company}",
          "stepInput": "c985131b-74a5-4927-bffa-c87d621c6473"
        },
        {
          "inputPort": "input",
          "mapping": "${event.properties.Assigned Support Organization}",
          "stepInput": "c2cbebb4-f470-4431-b367-f47cff5fe229"
        },
        {
          "inputPort": "input",
          "mapping": "${event.properties.Assigned Group}",
          "stepInput": "fedc6451-4606-48f9-ab85-61b60b906170"
        },
        {
          "inputPort": "input",
          "mapping": "${event.properties.Assigned Group ID}",
          "stepInput": "d3ce1375-79ae-4a7d-b16c-f5dbe0dd250f"
        },
        {
          "inputPort": "input",
          "mapping": "${constants.HELIX_STATUS_IN_PROGRESS}",
          "stepInput": "4828a265-d135-4cc6-a8b5-f1641c4bf96e"
        },
        {
          "inputPort": "input",
          "mapping": "${acf5d40c-e694-4f2b-a398-f36ab1cd50f2.JWT}",
          "stepInput": "d164b628-cfa9-4c43-ad19-00da651b17e6"
        }
      ]
    },
    {
      "id": "9b574474-a615-42b9-b1cd-f1ea71bb61fe",
      "endpoint": "Remedy JWT",
      "label": "Helix | Add Work Info | Incident | JWT Auth",
      "environment": "HOSTED",
      "presentation": "{\"w\":60,\"x\":440,\"h\":60,\"y\":2372}",
      "step": "38dbf9da-4723-45eb-bbee-c9f7c1981727",
      "stepType": "SCRIPT_STEP",
      "inputMappings": [
        {
          "inputPort": "input",
          "mapping": "${event.properties.Incident Number}",
          "stepInput": "b6db7488-cefb-477c-9a7c-9df51c80b19f"
        },
        {
          "inputPort": "input",
          "mapping": "${event.properties.Request ID}",
          "stepInput": "5b74e40e-454c-46e7-b1bc-c2170ace4da8"
        },
        {
          "inputPort": "input",
          "mapping": "${constants.NOTE_PREFIX_DEFAULT} ${triggerOutputRESPONSE.respondedTo.by.firstName} ${triggerOutputRESPONSE.respondedTo.by.lastName} | ${triggerOutputRESPONSE.response.deviceName} responded [ ${triggerOutputRESPONSE.response.response} ]",
          "stepInput": "05e9337b-6b83-4eb7-ba96-c66ec49b88bc"
        },
        {
          "inputPort": "input",
          "mapping": "${acf5d40c-e694-4f2b-a398-f36ab1cd50f2.JWT}",
          "stepInput": "408fe492-5159-4943-9df5-2aab440ba188"
        }
      ]
    },
    {
      "id": "bf019706-7df6-4e79-b0d9-4bb11513d267",
      "endpoint": "Remedy JWT",
      "label": "Helix | Add Work Info | Incident | JWT Auth",
      "environment": "HOSTED",
      "presentation": "{\"w\":60,\"x\":440,\"h\":60,\"y\":2683}",
      "step": "38dbf9da-4723-45eb-bbee-c9f7c1981727",
      "stepType": "SCRIPT_STEP",
      "inputMappings": [
        {
          "inputPort": "input",
          "mapping": "${event.properties.Incident Number}",
          "stepInput": "b6db7488-cefb-477c-9a7c-9df51c80b19f"
        },
        {
          "inputPort": "input",
          "mapping": "${event.properties.Request ID}",
          "stepInput": "5b74e40e-454c-46e7-b1bc-c2170ace4da8"
        },
        {
          "inputPort": "input",
          "mapping": "${constants.NOTE_PREFIX_DEFAULT} ${triggerOutputRESPONSE.respondedTo.by.firstName} ${triggerOutputRESPONSE.respondedTo.by.lastName} | ${triggerOutputRESPONSE.response.deviceName} responded [ ${triggerOutputRESPONSE.response.response} ]",
          "stepInput": "05e9337b-6b83-4eb7-ba96-c66ec49b88bc"
        },
        {
          "inputPort": "input",
          "mapping": "${04542484-0fd0-439f-bd33-2c14fbdb76bf.JWT}",
          "stepInput": "408fe492-5159-4943-9df5-2aab440ba188"
        }
      ]
    },
    {
      "id": "df7a458b-469c-436a-89c8-97ea912f24ef",
      "endpoint": "Remedy JWT",
      "label": "Helix | Add Work Info | Incident | JWT Auth",
      "environment": "HOSTED",
      "presentation": "{\"w\":60,\"x\":660,\"h\":60,\"y\":1463}",
      "step": "38dbf9da-4723-45eb-bbee-c9f7c1981727",
      "stepType": "SCRIPT_STEP",
      "inputMappings": [
        {
          "inputPort": "input",
          "mapping": "${event.properties.Incident Number}",
          "stepInput": "b6db7488-cefb-477c-9a7c-9df51c80b19f"
        },
        {
          "inputPort": "input",
          "mapping": "${event.properties.Request ID}",
          "stepInput": "5b74e40e-454c-46e7-b1bc-c2170ace4da8"
        },
        {
          "inputPort": "input",
          "mapping": "${constants.NOTE_PREFIX_DEFAULT} Notification ${triggerOutputDELIVERYSTATUS.notification.deliveryStatus} to ${triggerOutputDELIVERYSTATUS.notification.recipient.owner.firstName} ${triggerOutputDELIVERYSTATUS.notification.recipient.owner.lastName} | ${triggerOutputDELIVERYSTATUS.notification.recipient.name}",
          "stepInput": "05e9337b-6b83-4eb7-ba96-c66ec49b88bc"
        },
        {
          "inputPort": "input",
          "mapping": "${b4866b97-b90b-412f-924f-3bee0e592161.JWT}",
          "stepInput": "408fe492-5159-4943-9df5-2aab440ba188"
        }
      ]
    },
    {
      "id": "170fd6f8-1ca3-4b7f-94c9-d51677a6245e",
      "endpoint": "Remedy JWT",
      "label": "Helix | Add Work Info | Incident | JWT Auth",
      "environment": "HOSTED",
      "presentation": "{\"w\":60,\"x\":660,\"h\":60,\"y\":1613}",
      "step": "38dbf9da-4723-45eb-bbee-c9f7c1981727",
      "stepType": "SCRIPT_STEP",
      "inputMappings": [
        {
          "inputPort": "input",
          "mapping": "${event.properties.Incident Number}",
          "stepInput": "b6db7488-cefb-477c-9a7c-9df51c80b19f"
        },
        {
          "inputPort": "input",
          "mapping": "${event.properties.Request ID}",
          "stepInput": "5b74e40e-454c-46e7-b1bc-c2170ace4da8"
        },
        {
          "inputPort": "input",
          "mapping": "${constants.NOTE_PREFIX_DEFAULT} Notification ${triggerOutputDELIVERYSTATUS.notification.deliveryStatus} to ${triggerOutputDELIVERYSTATUS.notification.recipient.targetName}",
          "stepInput": "05e9337b-6b83-4eb7-ba96-c66ec49b88bc"
        },
        {
          "inputPort": "input",
          "mapping": "${2c2470df-230b-458b-841d-f8f885f061b1.JWT}",
          "stepInput": "408fe492-5159-4943-9df5-2aab440ba188"
        }
      ]
    },
    {
      "id": "210781ef-4a1c-41e5-b064-3372ade8032b",
      "endpoint": "Remedy JWT",
      "label": "Helix | Add Work Info | Incident | JWT Auth",
      "environment": "HOSTED",
      "presentation": "{\"w\":60,\"x\":440,\"h\":60,\"y\":1996}",
      "step": "38dbf9da-4723-45eb-bbee-c9f7c1981727",
      "stepType": "SCRIPT_STEP",
      "inputMappings": [
        {
          "inputPort": "input",
          "mapping": "${event.properties.Incident Number}",
          "stepInput": "b6db7488-cefb-477c-9a7c-9df51c80b19f"
        },
        {
          "inputPort": "input",
          "mapping": "${event.properties.Request ID}",
          "stepInput": "5b74e40e-454c-46e7-b1bc-c2170ace4da8"
        },
        {
          "inputPort": "input",
          "mapping": "${constants.NOTE_PREFIX_DEFAULT} ${triggerOutputANNOTATION.annotation.author.firstName} ${triggerOutputANNOTATION.annotation.author.lastName} | Response [ ${triggerOutputANNOTATION.annotation.response.response} ] | Commented [ ${triggerOutputANNOTATION.annotation.comment} ]",
          "stepInput": "05e9337b-6b83-4eb7-ba96-c66ec49b88bc"
        },
        {
          "inputPort": "input",
          "mapping": "${5fc65b99-dac0-4d67-ab6c-ab3ec69915a8.JWT}",
          "stepInput": "408fe492-5159-4943-9df5-2aab440ba188"
        }
      ]
    },
    {
      "id": "5787a254-a202-416d-b813-eef5103169f5",
      "endpoint": "Remedy JWT",
      "label": "Helix | Add Work Info | Incident | JWT Auth",
      "environment": "HOSTED",
      "presentation": "{\"w\":60,\"x\":1320,\"h\":60,\"y\":643}",
      "step": "38dbf9da-4723-45eb-bbee-c9f7c1981727",
      "stepType": "SCRIPT_STEP",
      "inputMappings": [
        {
          "inputPort": "input",
          "mapping": "${c411587a-ad74-42db-9e64-20e69e4e9147.ID}",
          "stepInput": "b6db7488-cefb-477c-9a7c-9df51c80b19f"
        },
        {
          "inputPort": "input",
          "mapping": "${constants.NOTE_PREFIX_DEFAULT} ${c411587a-ad74-42db-9e64-20e69e4e9147.ID} | ${c411587a-ad74-42db-9e64-20e69e4e9147.Delete Message}",
          "stepInput": "05e9337b-6b83-4eb7-ba96-c66ec49b88bc"
        },
        {
          "inputPort": "input",
          "mapping": "${b0772945-9ad1-4bf7-b9f7-3a92875850e9.JWT}",
          "stepInput": "408fe492-5159-4943-9df5-2aab440ba188"
        }
      ]
    },
    {
      "id": "5f1f5d69-239e-47de-82e5-832700848c21",
      "endpoint": "Remedy JWT",
      "label": "Helix | Add Work Info | Incident | JWT Auth",
      "environment": "HOSTED",
      "presentation": "{\"w\":60,\"x\":440,\"h\":60,\"y\":1093}",
      "step": "38dbf9da-4723-45eb-bbee-c9f7c1981727",
      "stepType": "SCRIPT_STEP",
      "inputMappings": [
        {
          "inputPort": "input",
          "mapping": "${event.properties.Incident Number}",
          "stepInput": "b6db7488-cefb-477c-9a7c-9df51c80b19f"
        },
        {
          "inputPort": "input",
          "mapping": "${event.properties.Request ID}",
          "stepInput": "5b74e40e-454c-46e7-b1bc-c2170ace4da8"
        },
        {
          "inputPort": "input",
          "mapping": "${constants.NOTE_PREFIX_DEFAULT} Event [ ${event.eventId} ] ${triggerOutputSTATUS.statusChanged.auditType}",
          "stepInput": "05e9337b-6b83-4eb7-ba96-c66ec49b88bc"
        },
        {
          "inputPort": "input",
          "mapping": "${9b4dc9a7-8074-4adf-8bc2-e9edfbc29c71.JWT}",
          "stepInput": "408fe492-5159-4943-9df5-2aab440ba188"
        }
      ]
    },
    {
      "id": "8caac5a1-5a87-46a1-bfbe-7b87aa2f7556",
      "endpoint": "Remedy JWT",
      "label": "Helix | Get Incident | JWT Auth",
      "environment": "HOSTED",
      "presentation": "{\"w\":60,\"x\":660,\"h\":60,\"y\":190}",
      "step": "7f7ab8fa-cbab-4f2b-99e0-9d4663df0a5e",
      "stepType": "SCRIPT_STEP",
      "inputMappings": [
        {
          "inputPort": "input",
          "mapping": "${c411587a-ad74-42db-9e64-20e69e4e9147.ID}",
          "stepInput": "9a827d00-eb62-40f7-8289-9918a601c8d7"
        },
        {
          "inputPort": "input",
          "mapping": "${eb55e54c-40d5-4be2-a8b8-cb028b20e4d3.JWT}",
          "stepInput": "fee698d1-2fb9-464b-897d-6464a6a429f4"
        }
      ]
    },
    {
      "id": "b22c28be-9fa7-44a0-b437-011f2cd6ed3c",
      "endpoint": "xMatters",
      "label": "Helix | POST to xM IB Integration",
      "environment": "HOSTED",
      "presentation": "{\"w\":60,\"x\":1980,\"h\":60,\"y\":340}",
      "step": "95d33e48-cd76-5120-bdb5-ed5dc549ecec",
      "stepType": "SCRIPT_STEP",
      "inputMappings": [
        {
          "inputPort": "input",
          "mapping": "${constants.XMATTERS_INCIDENT_EVENT_IB_PATH}",
          "stepInput": "9c92fd36-706a-55b6-8789-7d75e10fbfa1"
        },
        {
          "inputPort": "input",
          "mapping": "application/json",
          "stepInput": "265bf232-ca30-5672-8ed7-c937d6817138"
        },
        {
          "inputPort": "input",
          "mapping": "${5064c4ae-cf08-4ff3-b1ab-14bd79ea0e71.Trigger Payload}",
          "stepInput": "084625d4-f7b5-58e6-b2d5-5dc8fd246bba"
        }
      ]
    },
    {
      "id": "5064c4ae-cf08-4ff3-b1ab-14bd79ea0e71",
      "label": "Helix | Prepare Trigger Payload",
      "environment": "HOSTED",
      "presentation": "{\"w\":60,\"x\":1760,\"h\":60,\"y\":340}",
      "step": "4261dc11-60c4-499d-afa4-eb53ea76c022",
      "stepType": "SCRIPT_STEP",
      "inputMappings": [
        {
          "inputPort": "input",
          "mapping": "${8caac5a1-5a87-46a1-bfbe-7b87aa2f7556.Incident JSON Object}",
          "stepInput": "becfcf3d-26f6-4195-bf84-d91d050cdf58"
        },
        {
          "inputPort": "input",
          "mapping": "${c411587a-ad74-42db-9e64-20e69e4e9147.Action}",
          "stepInput": "a934e718-4d0d-4983-8fd8-2c7a981693f0"
        },
        {
          "inputPort": "input",
          "mapping": "${c411587a-ad74-42db-9e64-20e69e4e9147.Form}",
          "stepInput": "7dce2d06-f6ec-4788-934e-2bff4f187594"
        },
        {
          "inputPort": "input",
          "mapping": "${constants.RESPONSE_OPTIONS_INCIDENT_GROUP}",
          "stepInput": "c56ebf8a-428f-4534-bfff-f24e025204a4"
        },
        {
          "inputPort": "input",
          "mapping": "${constants.RESPONSE_OPTIONS_INCIDENT_USER}",
          "stepInput": "c5643c2b-88b6-4e5f-8436-df7c7c3049b3"
        },
        {
          "inputPort": "input",
          "mapping": "${constants.HELIX_FQDN}",
          "stepInput": "2100d66b-9b26-4e1d-adf4-32685548d4af"
        },
        {
          "inputPort": "input",
          "mapping": "${constants.HELIX_SERVER_NAME}",
          "stepInput": "8a9f5c1a-3ea4-45b3-aaa7-ef6a18fef289"
        },
        {
          "inputPort": "input",
          "mapping": "${constants.HELIX_OPT_SIMPLE_GROUP_NAME}",
          "stepInput": "9df3e77f-5039-4a46-9173-3aae15755447"
        }
      ]
    },
    {
      "id": "47be5fd2-9a61-4ff9-9144-76c6639e3400",
      "label": "Incident Alerts - Device Delivery Updates",
      "environment": "HOSTED",
      "presentation": "{\"w\":60,\"x\":0,\"h\":60,\"y\":1313}",
      "step": "a6ecedd2-2ca8-4a51-9fab-f458e0064e4f",
      "stepType": "INTEGRATION"
    },
    {
      "id": "c35c63f2-ea00-4c5f-887e-9339fd37c60e",
      "label": "Incident Alerts - Event Comments",
      "environment": "HOSTED",
      "presentation": "{\"w\":60,\"x\":0,\"h\":60,\"y\":1996}",
      "step": "12ba9339-b5eb-4bdf-88c5-f9a5f0437fee",
      "stepType": "INTEGRATION"
    },
    {
      "id": "21f3de71-b771-4f58-beda-66b4b459b7d8",
      "label": "Incident Alerts - Event Status Updates",
      "environment": "HOSTED",
      "presentation": "{\"w\":60,\"x\":0,\"h\":60,\"y\":1093}",
      "step": "2cb1234b-18a9-4b16-85d8-54e0966c812b",
      "stepType": "INTEGRATION"
    },
    {
      "id": "a75adc98-2916-422e-8429-42cfb85a3413",
      "label": "Number Events Found",
      "environment": "HOSTED",
      "presentation": "{\"w\":60,\"x\":660,\"h\":60,\"y\":355}",
      "stepType": "SWITCH",
      "inputMappings": [
        {
          "inputPort": "input",
          "mapping": "${322d45ef-b95b-4d7e-9c9c-29acc8c0ccc8.Number of Event IDs Returned}"
        }
      ],
      "switchCases": [
        {
          "caseId": "768438af-121a-43a2-aad1-f063adc21025",
          "caseValue": "0"
        }
      ]
    },
    {
      "id": "742a8a39-bc51-44d2-9889-638cacacf6bd",
      "label": "Number Events Found",
      "environment": "HOSTED",
      "presentation": "{\"w\":60,\"x\":1320,\"h\":60,\"y\":205}",
      "stepType": "SWITCH",
      "inputMappings": [
        {
          "inputPort": "input",
          "mapping": "${ffa43c67-6a3b-446f-a8c6-1df398360e45.Number of Event IDs Returned}"
        }
      ],
      "switchCases": [
        {
          "caseId": "8b304185-e6fb-4370-9c20-701d49a413cc",
          "caseValue": "0"
        }
      ]
    },
    {
      "id": "279c7121-c5bd-4d20-b4bd-5ef2ba12a6b1",
      "label": "Responses",
      "environment": "HOSTED",
      "presentation": "{\"w\":100,\"x\":0,\"h\":50,\"y\":2216}",
      "stepType": "RESPONSES"
    },
    {
      "id": "c411587a-ad74-42db-9e64-20e69e4e9147",
      "label": "Step 01 - Helix Inbound Request | JSON",
      "environment": "HOSTED",
      "presentation": "{\"w\":60,\"x\":0,\"h\":60,\"y\":40}",
      "step": "fb78b125-7d23-4bac-b91b-f0656a18cd12",
      "stepType": "INTEGRATION"
    },
    {
      "id": "2e8985ec-2ab0-4d96-a303-c900ba519098",
      "label": "Step 01 | Helix Inbound Request | XML",
      "environment": "HOSTED",
      "presentation": "{\"w\":60,\"x\":0,\"h\":60,\"y\":873}",
      "step": "940a119c-941f-469d-851c-5afd7c8ab43b",
      "stepType": "INTEGRATION"
    },
    {
      "id": "fb8b3855-1113-4d84-b307-b7e9c53e7ad8",
      "label": "Terminate Events",
      "environment": "HOSTED",
      "presentation": "{\"w\":60,\"x\":880,\"h\":60,\"y\":640}",
      "step": "798e3053-b4b4-5e8c-ba84-8a11c3be6237",
      "stepType": "SCRIPT_STEP",
      "inputMappings": [
        {
          "inputPort": "input",
          "mapping": "${322d45ef-b95b-4d7e-9c9c-29acc8c0ccc8.Event IDs}",
          "stepInput": "4fdf2591-4925-5682-8911-f0163d7f98dd"
        }
      ]
    },
    {
      "id": "3ee05f63-d6be-4b30-825e-cd4f3a221993",
      "label": "Terminate Events",
      "environment": "HOSTED",
      "presentation": "{\"w\":60,\"x\":1540,\"h\":60,\"y\":490}",
      "step": "798e3053-b4b4-5e8c-ba84-8a11c3be6237",
      "stepType": "SCRIPT_STEP",
      "inputMappings": [
        {
          "inputPort": "input",
          "mapping": "${ffa43c67-6a3b-446f-a8c6-1df398360e45.Event IDs}",
          "stepInput": "4fdf2591-4925-5682-8911-f0163d7f98dd"
        }
      ]
    }
  ],
  "edges": [
    {
      "fromBlock": "8caac5a1-5a87-46a1-bfbe-7b87aa2f7556",
      "fromPort": "output",
      "toBlock": "16bcca4d-fced-444a-92cf-920d988c8d9b",
      "toPort": "input"
    },
    {
      "fromBlock": "9b4dc9a7-8074-4adf-8bc2-e9edfbc29c71",
      "fromPort": "output",
      "toBlock": "5f1f5d69-239e-47de-82e5-832700848c21",
      "toPort": "input"
    },
    {
      "fromBlock": "9b574474-a615-42b9-b1cd-f1ea71bb61fe",
      "fromPort": "output",
      "toBlock": "be21e3fc-8a20-4140-9636-368214dbd536",
      "toPort": "input"
    },
    {
      "fromBlock": "a75adc98-2916-422e-8429-42cfb85a3413",
      "fromPort": "output",
      "toBlock": "fb8b3855-1113-4d84-b307-b7e9c53e7ad8",
      "toPort": "input"
    },
    {
      "fromBlock": "acf5d40c-e694-4f2b-a398-f36ab1cd50f2",
      "fromPort": "output",
      "toBlock": "9b574474-a615-42b9-b1cd-f1ea71bb61fe",
      "toPort": "input"
    },
    {
      "fromBlock": "b0772945-9ad1-4bf7-b9f7-3a92875850e9",
      "fromPort": "output",
      "toBlock": "5787a254-a202-416d-b813-eef5103169f5",
      "toPort": "input"
    },
    {
      "fromBlock": "b4866b97-b90b-412f-924f-3bee0e592161",
      "fromPort": "output",
      "toBlock": "df7a458b-469c-436a-89c8-97ea912f24ef",
      "toPort": "input"
    },
    {
      "fromBlock": "be21e3fc-8a20-4140-9636-368214dbd536",
      "fromPort": "output",
      "toBlock": "93cdd959-bb95-48b9-a98a-6e6331a11a32",
      "toPort": "input"
    },
    {
      "fromBlock": "bf019706-7df6-4e79-b0d9-4bb11513d267",
      "fromPort": "output",
      "toBlock": "2d0c3891-57f8-4b19-94ea-01c217ea2c04",
      "toPort": "input"
    },
    {
      "fromBlock": "c35c63f2-ea00-4c5f-887e-9339fd37c60e",
      "fromPort": "output",
      "toBlock": "5fc65b99-dac0-4d67-ab6c-ab3ec69915a8",
      "toPort": "input"
    },
    {
      "fromBlock": "c411587a-ad74-42db-9e64-20e69e4e9147",
      "fromPort": "output",
      "toBlock": "def156e3-0b76-41d4-b601-2ee6d8a00805",
      "toPort": "input"
    },
    {
      "fromBlock": "def156e3-0b76-41d4-b601-2ee6d8a00805",
      "fromPort": "33c3bf20-84c8-477f-9f62-872654b8d03b",
      "toBlock": "eb55e54c-40d5-4be2-a8b8-cb028b20e4d3",
      "toPort": "input"
    },
    {
      "fromBlock": "def156e3-0b76-41d4-b601-2ee6d8a00805",
      "fromPort": "264f23b4-7f6a-46c3-bd68-0a44c441040d",
      "toBlock": "322d45ef-b95b-4d7e-9c9c-29acc8c0ccc8",
      "toPort": "input"
    },
    {
      "fromBlock": "df7a458b-469c-436a-89c8-97ea912f24ef",
      "fromPort": "output",
      "toBlock": "e5567d95-3a0f-4575-9088-4f259d409bca",
      "toPort": "input"
    },
    {
      "fromBlock": "eb55e54c-40d5-4be2-a8b8-cb028b20e4d3",
      "fromPort": "output",
      "toBlock": "8caac5a1-5a87-46a1-bfbe-7b87aa2f7556",
      "toPort": "input"
    },
    {
      "fromBlock": "fb8b3855-1113-4d84-b307-b7e9c53e7ad8",
      "fromPort": "output",
      "toBlock": "b0772945-9ad1-4bf7-b9f7-3a92875850e9",
      "toPort": "input"
    },
    {
      "fromBlock": "ffa43c67-6a3b-446f-a8c6-1df398360e45",
      "fromPort": "output",
      "toBlock": "742a8a39-bc51-44d2-9889-638cacacf6bd",
      "toPort": "input"
    },
    {
      "fromBlock": "04542484-0fd0-439f-bd33-2c14fbdb76bf",
      "fromPort": "output",
      "toBlock": "bf019706-7df6-4e79-b0d9-4bb11513d267",
      "toPort": "input"
    },
    {
      "fromBlock": "09d31dde-b118-4f7e-ae2e-73f217ce29b5",
      "fromPort": "output",
      "toBlock": "acf5d40c-e694-4f2b-a398-f36ab1cd50f2",
      "toPort": "input"
    },
    {
      "fromBlock": "16bcca4d-fced-444a-92cf-920d988c8d9b",
      "fromPort": "output",
      "toBlock": "ffa43c67-6a3b-446f-a8c6-1df398360e45",
      "toPort": "input"
    },
    {
      "fromBlock": "170fd6f8-1ca3-4b7f-94c9-d51677a6245e",
      "fromPort": "output",
      "toBlock": "8c170ae1-335f-4d8a-baf5-e001003cdf20",
      "toPort": "input"
    },
    {
      "fromBlock": "210781ef-4a1c-41e5-b064-3372ade8032b",
      "fromPort": "output",
      "toBlock": "9be66c0d-86f3-4fee-9cf9-005c00d39a7b",
      "toPort": "input"
    },
    {
      "fromBlock": "21f3de71-b771-4f58-beda-66b4b459b7d8",
      "fromPort": "output",
      "toBlock": "9b4dc9a7-8074-4adf-8bc2-e9edfbc29c71",
      "toPort": "input"
    },
    {
      "fromBlock": "2c2470df-230b-458b-841d-f8f885f061b1",
      "fromPort": "output",
      "toBlock": "170fd6f8-1ca3-4b7f-94c9-d51677a6245e",
      "toPort": "input"
    },
    {
      "fromBlock": "322d45ef-b95b-4d7e-9c9c-29acc8c0ccc8",
      "fromPort": "output",
      "toBlock": "a75adc98-2916-422e-8429-42cfb85a3413",
      "toPort": "input"
    },
    {
      "fromBlock": "393eb03b-9ff2-4111-98e0-ee679455c051",
      "fromPort": "output",
      "toBlock": "04542484-0fd0-439f-bd33-2c14fbdb76bf",
      "toPort": "input"
    },
    {
      "fromBlock": "3ee05f63-d6be-4b30-825e-cd4f3a221993",
      "fromPort": "output",
      "toBlock": "5064c4ae-cf08-4ff3-b1ab-14bd79ea0e71",
      "toPort": "input"
    },
    {
      "fromBlock": "47be5fd2-9a61-4ff9-9144-76c6639e3400",
      "fromPort": "output",
      "toBlock": "56bd21e2-3cb4-439a-8b02-210f17701729",
      "toPort": "input"
    },
    {
      "fromBlock": "4ffbb2f0-0498-452e-a0bd-1299847aedee",
      "fromPort": "output",
      "toBlock": "04542484-0fd0-439f-bd33-2c14fbdb76bf",
      "toPort": "input"
    },
    {
      "fromBlock": "5064c4ae-cf08-4ff3-b1ab-14bd79ea0e71",
      "fromPort": "output",
      "toBlock": "b22c28be-9fa7-44a0-b437-011f2cd6ed3c",
      "toPort": "input"
    },
    {
      "fromBlock": "56bd21e2-3cb4-439a-8b02-210f17701729",
      "fromPort": "5f7641f0-2189-4173-8028-ede4b1c1771f",
      "toBlock": "b4866b97-b90b-412f-924f-3bee0e592161",
      "toPort": "input"
    },
    {
      "fromBlock": "56bd21e2-3cb4-439a-8b02-210f17701729",
      "fromPort": "156d2b7e-0728-46a1-951d-e1e952578db6",
      "toBlock": "2c2470df-230b-458b-841d-f8f885f061b1",
      "toPort": "input"
    },
    {
      "fromBlock": "5787a254-a202-416d-b813-eef5103169f5",
      "fromPort": "output",
      "toBlock": "58f697b0-3a09-4f2b-a668-9775b040d1c0",
      "toPort": "input"
    },
    {
      "fromBlock": "5f1f5d69-239e-47de-82e5-832700848c21",
      "fromPort": "output",
      "toBlock": "a971e599-c507-4d69-b12f-78739a52d3a9",
      "toPort": "input"
    },
    {
      "fromBlock": "5fc65b99-dac0-4d67-ab6c-ab3ec69915a8",
      "fromPort": "output",
      "toBlock": "210781ef-4a1c-41e5-b064-3372ade8032b",
      "toPort": "input"
    },
    {
      "fromBlock": "742a8a39-bc51-44d2-9889-638cacacf6bd",
      "fromPort": "output",
      "toBlock": "3ee05f63-d6be-4b30-825e-cd4f3a221993",
      "toPort": "input"
    },
    {
      "fromBlock": "742a8a39-bc51-44d2-9889-638cacacf6bd",
      "fromPort": "8b304185-e6fb-4370-9c20-701d49a413cc",
      "toBlock": "5064c4ae-cf08-4ff3-b1ab-14bd79ea0e71",
      "toPort": "input"
    }
  ]
}