{
  "version": "1.9",
  "name": "BMC Helix ITSM | Incident | 7.6",
  "description": "BMC Remedy/Helix ITSM Incident Integration On-Premise (xM Agent) or On-Demand for v19.08 or higher. Also contains steps to work with XML in v19.02 and earlier.",
  "isActive": false,
  "order": 17,
  "iconOverride": "https://s3-xmatters-static.s3.amazonaws.com/image_library/customers/5c36e2a5-ebba-4e64-9345-e8616a36b1e0/IMAGE__20211201221219250__bmc_logo_png_3.png",
  "documentLink": "",
  "documentLabel": "",
  "originType": "",
  "productType": "XM"
}