{
  "name": "Incident Alerts Workflow",
  "form": "5bbcbfef-c80b-4921-94c1-e4c47f5dd457",
  "blocks": [
    {
      "id": "a2d70d00-e51e-4bf3-9f2f-11e69e858b8b",
      "label": "Acknowledge",
      "environment": "HOSTED",
      "presentation": "{}",
      "step": "4a32402f-ed60-4612-b8f8-cf341d447d0e",
      "stepType": "INTEGRATION"
    },
    {
      "id": "dee03fd4-4b17-4761-ac83-2902579c841f",
      "label": "Action",
      "environment": "HOSTED",
      "presentation": "{\"w\":60,\"x\":340,\"h\":60,\"y\":0}",
      "stepType": "SWITCH",
      "inputMappings": [
        {
          "inputPort": "input",
          "mapping": "${685993e2-a7c7-46ef-94e4-250269603be8.Action}"
        }
      ],
      "switchCases": [
        {
          "caseId": "73adccad-3f8c-465e-ad51-a6632c85fc72",
          "caseValue": "Add"
        },
        {
          "caseId": "e2fa8f88-794c-42ae-9346-b2bc59c95da6",
          "caseValue": "Delete"
        }
      ]
    },
    {
      "id": "5dfe9e6f-a71d-49d2-bc0d-828b57a4f97d",
      "label": "Assign to me",
      "environment": "HOSTED",
      "presentation": "{}",
      "step": "fc7762af-526f-4b57-bab8-8f613e556556",
      "stepType": "INTEGRATION"
    },
    {
      "id": "ba818939-7715-4349-b135-6ce8090ca323",
      "endpoint": "xMatters",
      "label": "Create Event | Inbound Integration",
      "environment": "HOSTED",
      "presentation": "{\"w\":60,\"x\":1677,\"h\":60,\"y\":135}",
      "step": "324302dd-f27e-4b02-aef2-30b66102a70e",
      "stepType": "SCRIPT_STEP",
      "inputMappings": [
        {
          "inputPort": "input",
          "mapping": "${802dd92c-bf02-49de-b4dd-96a075fde1bc.Trigger Payload}",
          "stepInput": "2061ed36-db11-42c6-96cc-02a518808cf0"
        }
      ]
    },
    {
      "id": "24122ff8-034e-4e7b-b3cd-92216702c7c0",
      "label": "Delivery Status",
      "environment": "HOSTED",
      "presentation": "{\"w\":60,\"x\":170,\"h\":60,\"y\":1378}",
      "stepType": "SWITCH",
      "inputMappings": [
        {
          "inputPort": "input",
          "mapping": "${triggerOutputDELIVERYSTATUS.notification.deliveryStatus}"
        }
      ],
      "switchCases": [
        {
          "caseId": "34c15f14-d591-44c4-98f7-94e1f3f467b4",
          "caseValue": "UNCHANGED"
        }
      ]
    },
    {
      "id": "bd672e1f-180a-4108-b593-9f70a8f5497c",
      "label": "Escalate",
      "environment": "HOSTED",
      "presentation": "{}",
      "step": "e331bc14-c8b0-48d8-834a-5e281aadd514",
      "stepType": "INTEGRATION"
    },
    {
      "id": "a48fe542-2d07-473e-81a8-99ef10869f52",
      "label": "Event Status Change",
      "environment": "HOSTED",
      "presentation": "{\"w\":60,\"x\":170,\"h\":60,\"y\":614}",
      "stepType": "SWITCH",
      "inputMappings": [
        {
          "inputPort": "input",
          "mapping": "${triggerOutputSTATUS.statusChanged.auditType}"
        }
      ],
      "switchCases": [
        {
          "caseId": "6fa78721-1012-4601-95ae-23ecfee45750",
          "caseValue": "EVENT_CREATED"
        },
        {
          "caseId": "c044e584-8f72-4f79-bb48-2737fffd8d7a",
          "caseValue": "EVENT_TERMINATED"
        },
        {
          "caseId": "b1932a46-c7d9-460e-a4c4-fa9dcf9fdecd",
          "caseValue": "EVENT_COMPLETED"
        }
      ]
    },
    {
      "id": "8f5f90a1-5f41-494e-914d-b5441ea96076",
      "label": "Get Events",
      "environment": "HOSTED",
      "presentation": "{\"w\":60,\"x\":509,\"h\":60,\"y\":285}",
      "step": "f36cf6ba-2225-5cb3-831f-030a05527c72",
      "stepType": "SCRIPT_STEP",
      "inputMappings": [
        {
          "inputPort": "input",
          "mapping": "ACTIVE,SUSPENDED",
          "stepInput": "fa86536b-3508-56de-884b-503596bd64c2"
        },
        {
          "inputPort": "input",
          "mapping": "Incident Number#en",
          "stepInput": "72cd05cc-dfe2-5933-b85c-edcf1df9f56f"
        },
        {
          "inputPort": "input",
          "mapping": "${685993e2-a7c7-46ef-94e4-250269603be8.ID}",
          "stepInput": "b58893a5-ffaf-502d-982b-613dcd7b2232"
        },
        {
          "inputPort": "input",
          "mapping": "TRUE",
          "stepInput": "3bb89cc9-b89f-5291-9c54-1da7bc6c051a"
        }
      ]
    },
    {
      "id": "0451513d-8b53-40a6-b9a1-7655ca731003",
      "label": "Get Events",
      "environment": "HOSTED",
      "presentation": "{\"w\":60,\"x\":949,\"h\":60,\"y\":136}",
      "step": "f36cf6ba-2225-5cb3-831f-030a05527c72",
      "stepType": "SCRIPT_STEP",
      "inputMappings": [
        {
          "inputPort": "input",
          "mapping": "ACTIVE,SUSPENDED",
          "stepInput": "fa86536b-3508-56de-884b-503596bd64c2"
        },
        {
          "inputPort": "input",
          "mapping": "Incident Number#en",
          "stepInput": "72cd05cc-dfe2-5933-b85c-edcf1df9f56f"
        },
        {
          "inputPort": "input",
          "mapping": "${685993e2-a7c7-46ef-94e4-250269603be8.ID}",
          "stepInput": "b58893a5-ffaf-502d-982b-613dcd7b2232"
        },
        {
          "inputPort": "input",
          "mapping": "TRUE",
          "stepInput": "3bb89cc9-b89f-5291-9c54-1da7bc6c051a"
        }
      ]
    },
    {
      "id": "9ef562c0-78a7-4c5d-92df-f5ffbcd6409f",
      "endpoint": "Remedy JWT",
      "label": "Helix | API Token | Acquire",
      "environment": "HOSTED",
      "presentation": "{\"w\":60,\"x\":347,\"h\":60,\"y\":1663}",
      "step": "cefe9fa1-c3f3-4a0c-be09-62890d706913",
      "stepType": "SCRIPT_STEP",
      "inputMappings": [
        {
          "inputPort": "input",
          "mapping": "${constants.USER_HELIX_USERNAME}",
          "stepInput": "d93fba2d-5c85-41fc-a10c-98a131dfa0b9"
        },
        {
          "inputPort": "input",
          "mapping": "${constants.USER_HELIX_PASSWORD}",
          "stepInput": "f2da6722-ce19-437c-917e-86461a72f125"
        }
      ]
    },
    {
      "id": "ab74782a-8a36-4c9a-9e9c-e397e00d128f",
      "endpoint": "Remedy JWT",
      "label": "Helix | API Token | Acquire",
      "environment": "HOSTED",
      "presentation": "{\"w\":60,\"x\":181,\"h\":60,\"y\":2168}",
      "step": "cefe9fa1-c3f3-4a0c-be09-62890d706913",
      "stepType": "SCRIPT_STEP",
      "inputMappings": [
        {
          "inputPort": "input",
          "mapping": "${constants.USER_HELIX_USERNAME}",
          "stepInput": "d93fba2d-5c85-41fc-a10c-98a131dfa0b9"
        },
        {
          "inputPort": "input",
          "mapping": "${constants.USER_HELIX_PASSWORD}",
          "stepInput": "f2da6722-ce19-437c-917e-86461a72f125"
        }
      ]
    },
    {
      "id": "ddf668e8-9a83-42cc-8453-5e79ca24d691",
      "endpoint": "Remedy JWT",
      "label": "Helix | API Token | Acquire",
      "environment": "HOSTED",
      "presentation": "{\"w\":60,\"x\":969,\"h\":60,\"y\":585}",
      "step": "cefe9fa1-c3f3-4a0c-be09-62890d706913",
      "stepType": "SCRIPT_STEP",
      "inputMappings": [
        {
          "inputPort": "input",
          "mapping": "${constants.USER_HELIX_USERNAME}",
          "stepInput": "d93fba2d-5c85-41fc-a10c-98a131dfa0b9"
        },
        {
          "inputPort": "input",
          "mapping": "${constants.USER_HELIX_PASSWORD}",
          "stepInput": "f2da6722-ce19-437c-917e-86461a72f125"
        }
      ]
    },
    {
      "id": "e39c1421-586a-41d3-8450-cac1ac00f164",
      "endpoint": "Remedy JWT",
      "label": "Helix | API Token | Acquire",
      "environment": "HOSTED",
      "presentation": "{\"w\":60,\"x\":156,\"h\":60,\"y\":1842}",
      "step": "cefe9fa1-c3f3-4a0c-be09-62890d706913",
      "stepType": "SCRIPT_STEP",
      "inputMappings": [
        {
          "inputPort": "input",
          "mapping": "${constants.USER_HELIX_USERNAME}",
          "stepInput": "d93fba2d-5c85-41fc-a10c-98a131dfa0b9"
        },
        {
          "inputPort": "input",
          "mapping": "${constants.USER_HELIX_PASSWORD}",
          "stepInput": "f2da6722-ce19-437c-917e-86461a72f125"
        }
      ]
    },
    {
      "id": "ffb25269-3b95-4543-9275-6515a3d000f7",
      "endpoint": "Remedy JWT",
      "label": "Helix | API Token | Acquire",
      "environment": "HOSTED",
      "presentation": "{\"w\":60,\"x\":340,\"h\":60,\"y\":899}",
      "step": "cefe9fa1-c3f3-4a0c-be09-62890d706913",
      "stepType": "SCRIPT_STEP",
      "inputMappings": [
        {
          "inputPort": "input",
          "mapping": "${constants.USER_HELIX_USERNAME}",
          "stepInput": "d93fba2d-5c85-41fc-a10c-98a131dfa0b9"
        },
        {
          "inputPort": "input",
          "mapping": "${constants.USER_HELIX_PASSWORD}",
          "stepInput": "f2da6722-ce19-437c-917e-86461a72f125"
        }
      ]
    },
    {
      "id": "25c7923e-445f-442f-8b49-36e95e783cdf",
      "endpoint": "Remedy JWT",
      "label": "Helix | API Token | Acquire",
      "environment": "HOSTED",
      "presentation": "{\"w\":60,\"x\":339,\"h\":60,\"y\":749}",
      "step": "cefe9fa1-c3f3-4a0c-be09-62890d706913",
      "stepType": "SCRIPT_STEP",
      "inputMappings": [
        {
          "inputPort": "input",
          "mapping": "${constants.USER_HELIX_USERNAME}",
          "stepInput": "d93fba2d-5c85-41fc-a10c-98a131dfa0b9"
        },
        {
          "inputPort": "input",
          "mapping": "${constants.USER_HELIX_PASSWORD}",
          "stepInput": "f2da6722-ce19-437c-917e-86461a72f125"
        }
      ]
    },
    {
      "id": "2b7f4835-6019-4c73-8be1-476a445d98ef",
      "endpoint": "Remedy JWT",
      "label": "Helix | API Token | Acquire",
      "environment": "HOSTED",
      "presentation": "{\"w\":60,\"x\":184,\"h\":60,\"y\":2324}",
      "step": "cefe9fa1-c3f3-4a0c-be09-62890d706913",
      "stepType": "SCRIPT_STEP",
      "inputMappings": [
        {
          "inputPort": "input",
          "mapping": "${constants.USER_HELIX_USERNAME}",
          "stepInput": "d93fba2d-5c85-41fc-a10c-98a131dfa0b9"
        },
        {
          "inputPort": "input",
          "mapping": "${constants.USER_HELIX_PASSWORD}",
          "stepInput": "f2da6722-ce19-437c-917e-86461a72f125"
        }
      ]
    },
    {
      "id": "4556e03e-ba7f-48a4-a12f-48dac8d9a368",
      "endpoint": "Remedy JWT",
      "label": "Helix | API Token | Acquire",
      "environment": "HOSTED",
      "presentation": "{\"w\":60,\"x\":342,\"h\":60,\"y\":1049}",
      "step": "cefe9fa1-c3f3-4a0c-be09-62890d706913",
      "stepType": "SCRIPT_STEP",
      "inputMappings": [
        {
          "inputPort": "input",
          "mapping": "${constants.USER_HELIX_USERNAME}",
          "stepInput": "d93fba2d-5c85-41fc-a10c-98a131dfa0b9"
        },
        {
          "inputPort": "input",
          "mapping": "${constants.USER_HELIX_PASSWORD}",
          "stepInput": "f2da6722-ce19-437c-917e-86461a72f125"
        }
      ]
    },
    {
      "id": "7b3d9899-9718-47bf-b476-d05aa3fa16b2",
      "endpoint": "Remedy JWT",
      "label": "Helix | API Token | Acquire",
      "environment": "HOSTED",
      "presentation": "{\"w\":60,\"x\":508,\"h\":60,\"y\":135}",
      "step": "cefe9fa1-c3f3-4a0c-be09-62890d706913",
      "stepType": "SCRIPT_STEP",
      "inputMappings": [
        {
          "inputPort": "input",
          "mapping": "${constants.USER_HELIX_USERNAME}",
          "stepInput": "d93fba2d-5c85-41fc-a10c-98a131dfa0b9"
        },
        {
          "inputPort": "input",
          "mapping": "${constants.USER_HELIX_PASSWORD}",
          "stepInput": "f2da6722-ce19-437c-917e-86461a72f125"
        }
      ]
    },
    {
      "id": "b5af160e-3a45-427d-be37-127e7f55cdbd",
      "endpoint": "Remedy JWT",
      "label": "Helix | API Token | Release",
      "environment": "HOSTED",
      "presentation": "{\"w\":60,\"x\":644,\"h\":60,\"y\":899}",
      "step": "01b87c9f-d600-4d43-a905-1efc4cbedafb",
      "stepType": "SCRIPT_STEP",
      "inputMappings": [
        {
          "inputPort": "input",
          "mapping": "${ffb25269-3b95-4543-9275-6515a3d000f7.JWT}",
          "stepInput": "95feccee-22d0-4f14-9ed3-f8bb577596b6"
        }
      ]
    },
    {
      "id": "d18f2dbe-a895-4c26-97d3-5322efc0e88d",
      "endpoint": "Remedy JWT",
      "label": "Helix | API Token | Release",
      "environment": "HOSTED",
      "presentation": "{\"w\":60,\"x\":485,\"h\":60,\"y\":1842}",
      "step": "01b87c9f-d600-4d43-a905-1efc4cbedafb",
      "stepType": "SCRIPT_STEP",
      "inputMappings": [
        {
          "inputPort": "input",
          "mapping": "${e39c1421-586a-41d3-8450-cac1ac00f164.JWT}",
          "stepInput": "95feccee-22d0-4f14-9ed3-f8bb577596b6"
        }
      ]
    },
    {
      "id": "e9b9937d-6d4a-47aa-b3da-c93a37c96a1c",
      "endpoint": "Remedy JWT",
      "label": "Helix | API Token | Release",
      "environment": "HOSTED",
      "presentation": "{\"w\":60,\"x\":671,\"h\":60,\"y\":2168}",
      "step": "01b87c9f-d600-4d43-a905-1efc4cbedafb",
      "stepType": "SCRIPT_STEP",
      "inputMappings": [
        {
          "inputPort": "input",
          "mapping": "${ab74782a-8a36-4c9a-9e9c-e397e00d128f.JWT}",
          "stepInput": "95feccee-22d0-4f14-9ed3-f8bb577596b6"
        }
      ]
    },
    {
      "id": "01be436d-2483-458f-a2c9-dca40e46baa0",
      "endpoint": "Remedy JWT",
      "label": "Helix | API Token | Release",
      "environment": "HOSTED",
      "presentation": "{\"w\":60,\"x\":649,\"h\":60,\"y\":1049}",
      "step": "01b87c9f-d600-4d43-a905-1efc4cbedafb",
      "stepType": "SCRIPT_STEP",
      "inputMappings": [
        {
          "inputPort": "input",
          "mapping": "${4556e03e-ba7f-48a4-a12f-48dac8d9a368.JWT}",
          "stepInput": "95feccee-22d0-4f14-9ed3-f8bb577596b6"
        }
      ]
    },
    {
      "id": "073ae96e-3978-4c62-b745-4420b5b31e0f",
      "endpoint": "Remedy JWT",
      "label": "Helix | API Token | Release",
      "environment": "HOSTED",
      "presentation": "{\"w\":60,\"x\":1280,\"h\":60,\"y\":585}",
      "step": "01b87c9f-d600-4d43-a905-1efc4cbedafb",
      "stepType": "SCRIPT_STEP",
      "inputMappings": [
        {
          "inputPort": "input",
          "mapping": "${ddf668e8-9a83-42cc-8453-5e79ca24d691.JWT}",
          "stepInput": "95feccee-22d0-4f14-9ed3-f8bb577596b6"
        }
      ]
    },
    {
      "id": "11b6d1f0-3759-4533-94db-79fb859cdc13",
      "endpoint": "Remedy JWT",
      "label": "Helix | API Token | Release",
      "environment": "HOSTED",
      "presentation": "{\"w\":60,\"x\":806,\"h\":60,\"y\":136}",
      "step": "01b87c9f-d600-4d43-a905-1efc4cbedafb",
      "stepType": "SCRIPT_STEP",
      "inputMappings": [
        {
          "inputPort": "input",
          "mapping": "${7b3d9899-9718-47bf-b476-d05aa3fa16b2.JWT}",
          "stepInput": "95feccee-22d0-4f14-9ed3-f8bb577596b6"
        }
      ]
    },
    {
      "id": "5f16ada6-66e0-48f2-ba1c-140b19977e2b",
      "endpoint": "Remedy JWT",
      "label": "Helix | API Token | Release",
      "environment": "HOSTED",
      "presentation": "{\"w\":60,\"x\":665,\"h\":60,\"y\":1663}",
      "step": "01b87c9f-d600-4d43-a905-1efc4cbedafb",
      "stepType": "SCRIPT_STEP",
      "inputMappings": [
        {
          "inputPort": "input",
          "mapping": "${9ef562c0-78a7-4c5d-92df-f5ffbcd6409f.JWT}",
          "stepInput": "95feccee-22d0-4f14-9ed3-f8bb577596b6"
        }
      ]
    },
    {
      "id": "61a14ba1-9470-4d96-92df-80b5e8881c01",
      "endpoint": "Remedy JWT",
      "label": "Helix | API Token | Release",
      "environment": "HOSTED",
      "presentation": "{\"w\":60,\"x\":639,\"h\":60,\"y\":749}",
      "step": "01b87c9f-d600-4d43-a905-1efc4cbedafb",
      "stepType": "SCRIPT_STEP",
      "inputMappings": [
        {
          "inputPort": "input",
          "mapping": "${25c7923e-445f-442f-8b49-36e95e783cdf.JWT}",
          "stepInput": "95feccee-22d0-4f14-9ed3-f8bb577596b6"
        }
      ]
    },
    {
      "id": "7d52ed70-4bd5-492d-b234-352dc2865458",
      "endpoint": "Remedy JWT",
      "label": "Helix | API Token | Release",
      "environment": "HOSTED",
      "presentation": "{\"w\":60,\"x\":512,\"h\":60,\"y\":2324}",
      "step": "01b87c9f-d600-4d43-a905-1efc4cbedafb",
      "stepType": "SCRIPT_STEP",
      "inputMappings": [
        {
          "inputPort": "input",
          "mapping": "${2b7f4835-6019-4c73-8be1-476a445d98ef.JWT}",
          "stepInput": "95feccee-22d0-4f14-9ed3-f8bb577596b6"
        }
      ]
    },
    {
      "id": "46c867a2-e58b-4bbf-a597-4c3e5beace76",
      "endpoint": "Remedy JWT",
      "label": "Helix | Add Assignee | Incident | JWT Auth",
      "environment": "HOSTED",
      "presentation": "{\"w\":60,\"x\":506,\"h\":60,\"y\":2168}",
      "step": "74502b0d-968d-471d-9aed-7acae72ed74b",
      "stepType": "SCRIPT_STEP",
      "inputMappings": [
        {
          "inputPort": "input",
          "mapping": "${triggerOutputRESPONSE.respondedTo.by.firstName} ${triggerOutputRESPONSE.respondedTo.by.lastName}",
          "stepInput": "e7a3fc95-2a11-4f2b-8d64-79babfd8c65e"
        },
        {
          "inputPort": "input",
          "mapping": "${triggerOutputRESPONSE.respondedTo.by.firstName}",
          "stepInput": "a7b66907-4b7b-4f61-aa45-9182caec0009"
        },
        {
          "inputPort": "input",
          "mapping": "${triggerOutputRESPONSE.respondedTo.by.lastName}",
          "stepInput": "7557ef61-5f9b-4b2e-ac99-c8ff2f3f261e"
        },
        {
          "inputPort": "input",
          "mapping": "${triggerOutputRESPONSE.respondedTo.by.targetName}",
          "stepInput": "88835fa1-b5e6-43b0-a350-b42ed6c6eebf"
        },
        {
          "inputPort": "input",
          "mapping": "${event.properties.Incident Number}",
          "stepInput": "f1a927ce-c7ef-44ac-97de-7ec79c1716fa"
        },
        {
          "inputPort": "input",
          "mapping": "${event.properties.Request ID}",
          "stepInput": "7d2ba388-1647-4c12-a287-fae2506865be"
        },
        {
          "inputPort": "input",
          "mapping": "${event.properties.Assigned Support Company}",
          "stepInput": "e03dceab-8199-48f9-a11a-04205f54894b"
        },
        {
          "inputPort": "input",
          "mapping": "${event.properties.Assigned Support Organization}",
          "stepInput": "f17172ae-6509-45ae-aaf7-b62e99e0af18"
        },
        {
          "inputPort": "input",
          "mapping": "${event.properties.Assigned Group}",
          "stepInput": "95e698eb-e383-48f8-8a11-923bf08e6b5d"
        },
        {
          "inputPort": "input",
          "mapping": "${event.properties.Assigned Group ID}",
          "stepInput": "c49c03e7-d46e-4963-8e77-7f358565493b"
        },
        {
          "inputPort": "input",
          "mapping": "${constants.HELIX_STATUS_IN_PROGRESS}",
          "stepInput": "8075e254-915f-40e4-ab35-d155d9fad102"
        },
        {
          "inputPort": "input",
          "mapping": "${ab74782a-8a36-4c9a-9e9c-e397e00d128f.JWT}",
          "stepInput": "d5eff2c5-2602-463d-8234-e7dd4c37f181"
        }
      ]
    },
    {
      "id": "9822f499-fcbe-4255-9672-1714a0c56c17",
      "endpoint": "Remedy JWT",
      "label": "Helix | Add Work Info | Incident | JWT Auth",
      "environment": "HOSTED",
      "presentation": "{\"w\":60,\"x\":503,\"h\":60,\"y\":1663}",
      "step": "ff2de7db-4381-4eaa-9928-e3e30aade510",
      "stepType": "SCRIPT_STEP",
      "inputMappings": [
        {
          "inputPort": "input",
          "mapping": "${event.properties.Incident Number}",
          "stepInput": "b3be776c-a050-4a2b-b181-9839579d85ec"
        },
        {
          "inputPort": "input",
          "mapping": "${event.properties.Request ID}",
          "stepInput": "d6cfdfeb-0b29-4837-81a5-d1f160f82422"
        },
        {
          "inputPort": "input",
          "mapping": "${constants.NOTE_PREFIX_DEFAULT} Notification ${triggerOutputDELIVERYSTATUS.notification.deliveryStatus} to ${triggerOutputDELIVERYSTATUS.notification.recipient.owner.firstName} ${triggerOutputDELIVERYSTATUS.notification.recipient.owner.lastName} | ${triggerOutputDELIVERYSTATUS.notification.recipient.name}",
          "stepInput": "7cf20d6e-f93e-41fa-97a5-5090e38630f6"
        },
        {
          "inputPort": "input",
          "mapping": "${9ef562c0-78a7-4c5d-92df-f5ffbcd6409f.JWT}",
          "stepInput": "14c836ee-b12a-4c9f-8304-a8898aaf8536"
        }
      ]
    },
    {
      "id": "d658d3ff-9af0-4ace-85e5-99d705275cba",
      "endpoint": "Remedy JWT",
      "label": "Helix | Add Work Info | Incident | JWT Auth",
      "environment": "HOSTED",
      "presentation": "{\"w\":60,\"x\":489,\"h\":60,\"y\":899}",
      "step": "ff2de7db-4381-4eaa-9928-e3e30aade510",
      "stepType": "SCRIPT_STEP",
      "inputMappings": [
        {
          "inputPort": "input",
          "mapping": "${event.properties.Incident Number}",
          "stepInput": "b3be776c-a050-4a2b-b181-9839579d85ec"
        },
        {
          "inputPort": "input",
          "mapping": "${event.properties.Request ID}",
          "stepInput": "d6cfdfeb-0b29-4837-81a5-d1f160f82422"
        },
        {
          "inputPort": "input",
          "mapping": "${constants.NOTE_PREFIX_DEFAULT} Event [ ${event.eventId} ] terminated",
          "stepInput": "7cf20d6e-f93e-41fa-97a5-5090e38630f6"
        },
        {
          "inputPort": "input",
          "mapping": "${ffb25269-3b95-4543-9275-6515a3d000f7.JWT}",
          "stepInput": "14c836ee-b12a-4c9f-8304-a8898aaf8536"
        }
      ]
    },
    {
      "id": "0668ad5e-061a-4cf9-8d02-5bcf307ed579",
      "endpoint": "Remedy JWT",
      "label": "Helix | Add Work Info | Incident | JWT Auth",
      "environment": "HOSTED",
      "presentation": "{\"w\":60,\"x\":341,\"h\":60,\"y\":2324}",
      "step": "ff2de7db-4381-4eaa-9928-e3e30aade510",
      "stepType": "SCRIPT_STEP",
      "inputMappings": [
        {
          "inputPort": "input",
          "mapping": "${event.properties.Incident Number}",
          "stepInput": "b3be776c-a050-4a2b-b181-9839579d85ec"
        },
        {
          "inputPort": "input",
          "mapping": "${event.properties.Request ID}",
          "stepInput": "d6cfdfeb-0b29-4837-81a5-d1f160f82422"
        },
        {
          "inputPort": "input",
          "mapping": "${constants.NOTE_PREFIX_DEFAULT} ${triggerOutputRESPONSE.respondedTo.by.firstName} ${triggerOutputRESPONSE.respondedTo.by.lastName} | ${triggerOutputRESPONSE.response.deviceName} responded [ ${triggerOutputRESPONSE.response.response} ]",
          "stepInput": "7cf20d6e-f93e-41fa-97a5-5090e38630f6"
        },
        {
          "inputPort": "input",
          "mapping": "${2b7f4835-6019-4c73-8be1-476a445d98ef.JWT}",
          "stepInput": "14c836ee-b12a-4c9f-8304-a8898aaf8536"
        }
      ]
    },
    {
      "id": "118d5a9a-6e60-44de-9d32-c1c8148ee9ca",
      "endpoint": "Remedy JWT",
      "label": "Helix | Add Work Info | Incident | JWT Auth",
      "environment": "HOSTED",
      "presentation": "{\"w\":60,\"x\":487,\"h\":60,\"y\":749}",
      "step": "ff2de7db-4381-4eaa-9928-e3e30aade510",
      "stepType": "SCRIPT_STEP",
      "inputMappings": [
        {
          "inputPort": "input",
          "mapping": "${event.properties.Incident Number}",
          "stepInput": "b3be776c-a050-4a2b-b181-9839579d85ec"
        },
        {
          "inputPort": "input",
          "mapping": "${event.properties.Request ID}",
          "stepInput": "d6cfdfeb-0b29-4837-81a5-d1f160f82422"
        },
        {
          "inputPort": "input",
          "mapping": "${constants.NOTE_PREFIX_DEFAULT} Event [ ${event.eventId} ] created",
          "stepInput": "7cf20d6e-f93e-41fa-97a5-5090e38630f6"
        },
        {
          "inputPort": "input",
          "mapping": "${25c7923e-445f-442f-8b49-36e95e783cdf.JWT}",
          "stepInput": "14c836ee-b12a-4c9f-8304-a8898aaf8536"
        }
      ]
    },
    {
      "id": "3cfcaf20-5941-4cae-a7d1-28c3c4e75808",
      "endpoint": "Remedy JWT",
      "label": "Helix | Add Work Info | Incident | JWT Auth",
      "environment": "HOSTED",
      "presentation": "{\"w\":60,\"x\":320,\"h\":60,\"y\":1842}",
      "step": "ff2de7db-4381-4eaa-9928-e3e30aade510",
      "stepType": "SCRIPT_STEP",
      "inputMappings": [
        {
          "inputPort": "input",
          "mapping": "${event.properties.Incident Number}",
          "stepInput": "b3be776c-a050-4a2b-b181-9839579d85ec"
        },
        {
          "inputPort": "input",
          "mapping": "${event.properties.Request ID}",
          "stepInput": "d6cfdfeb-0b29-4837-81a5-d1f160f82422"
        },
        {
          "inputPort": "input",
          "mapping": "${constants.NOTE_PREFIX_DEFAULT} ${triggerOutputANNOTATION.annotation.author.firstName} ${triggerOutputANNOTATION.annotation.author.lastName} | Response [ ${triggerOutputANNOTATION.annotation.response.response} ] | Commented [ ${triggerOutputANNOTATION.annotation.comment} ]",
          "stepInput": "7cf20d6e-f93e-41fa-97a5-5090e38630f6"
        },
        {
          "inputPort": "input",
          "mapping": "${e39c1421-586a-41d3-8450-cac1ac00f164.JWT}",
          "stepInput": "14c836ee-b12a-4c9f-8304-a8898aaf8536"
        }
      ]
    },
    {
      "id": "40aee96f-0d0b-49fb-846c-cde1c926795c",
      "endpoint": "Remedy JWT",
      "label": "Helix | Add Work Info | Incident | JWT Auth",
      "environment": "HOSTED",
      "presentation": "{\"w\":60,\"x\":1124,\"h\":60,\"y\":585}",
      "step": "ff2de7db-4381-4eaa-9928-e3e30aade510",
      "stepType": "SCRIPT_STEP",
      "inputMappings": [
        {
          "inputPort": "input",
          "mapping": "${685993e2-a7c7-46ef-94e4-250269603be8.ID}",
          "stepInput": "b3be776c-a050-4a2b-b181-9839579d85ec"
        },
        {
          "inputPort": "input",
          "mapping": "${constants.NOTE_PREFIX_DEFAULT}",
          "stepInput": "d6cfdfeb-0b29-4837-81a5-d1f160f82422"
        },
        {
          "inputPort": "input",
          "mapping": "${685993e2-a7c7-46ef-94e4-250269603be8.ID} | ${685993e2-a7c7-46ef-94e4-250269603be8.Delete Message}",
          "stepInput": "7cf20d6e-f93e-41fa-97a5-5090e38630f6"
        },
        {
          "inputPort": "input",
          "mapping": "${ddf668e8-9a83-42cc-8453-5e79ca24d691.JWT}",
          "stepInput": "14c836ee-b12a-4c9f-8304-a8898aaf8536"
        }
      ]
    },
    {
      "id": "5a8c0d12-b06c-4946-9895-25b69d4ee7f3",
      "endpoint": "Remedy JWT",
      "label": "Helix | Add Work Info | Incident | JWT Auth",
      "environment": "HOSTED",
      "presentation": "{\"w\":60,\"x\":340,\"h\":60,\"y\":2168}",
      "step": "ff2de7db-4381-4eaa-9928-e3e30aade510",
      "stepType": "SCRIPT_STEP",
      "inputMappings": [
        {
          "inputPort": "input",
          "mapping": "${event.properties.Incident Number}",
          "stepInput": "b3be776c-a050-4a2b-b181-9839579d85ec"
        },
        {
          "inputPort": "input",
          "mapping": "${event.properties.Request ID}",
          "stepInput": "d6cfdfeb-0b29-4837-81a5-d1f160f82422"
        },
        {
          "inputPort": "input",
          "mapping": "${constants.NOTE_PREFIX_DEFAULT} ${triggerOutputRESPONSE.respondedTo.by.firstName} ${triggerOutputRESPONSE.respondedTo.by.lastName} | ${triggerOutputRESPONSE.response.deviceName} responded [ ${triggerOutputRESPONSE.response.response} ]",
          "stepInput": "7cf20d6e-f93e-41fa-97a5-5090e38630f6"
        },
        {
          "inputPort": "input",
          "mapping": "${ab74782a-8a36-4c9a-9e9c-e397e00d128f.JWT}",
          "stepInput": "14c836ee-b12a-4c9f-8304-a8898aaf8536"
        }
      ]
    },
    {
      "id": "5fb009e5-417e-41cf-959d-978042500685",
      "endpoint": "Remedy JWT",
      "label": "Helix | Add Work Info | Incident | JWT Auth",
      "environment": "HOSTED",
      "presentation": "{\"w\":60,\"x\":493,\"h\":60,\"y\":1049}",
      "step": "ff2de7db-4381-4eaa-9928-e3e30aade510",
      "stepType": "SCRIPT_STEP",
      "inputMappings": [
        {
          "inputPort": "input",
          "mapping": "${event.properties.Incident Number}",
          "stepInput": "b3be776c-a050-4a2b-b181-9839579d85ec"
        },
        {
          "inputPort": "input",
          "mapping": "${event.properties.Request ID}",
          "stepInput": "d6cfdfeb-0b29-4837-81a5-d1f160f82422"
        },
        {
          "inputPort": "input",
          "mapping": "${constants.NOTE_PREFIX_DEFAULT} Event [ ${event.eventId} ] completed",
          "stepInput": "7cf20d6e-f93e-41fa-97a5-5090e38630f6"
        },
        {
          "inputPort": "input",
          "mapping": "${4556e03e-ba7f-48a4-a12f-48dac8d9a368.JWT}",
          "stepInput": "14c836ee-b12a-4c9f-8304-a8898aaf8536"
        }
      ]
    },
    {
      "id": "b57034ad-034c-459f-bebc-49fe6ffad560",
      "endpoint": "Remedy JWT",
      "label": "Helix | Get Incident | JWT Auth",
      "environment": "HOSTED",
      "presentation": "{\"w\":60,\"x\":656,\"h\":60,\"y\":135}",
      "step": "9d5b5a2c-ee07-4213-b797-9bc741c69611",
      "stepType": "SCRIPT_STEP",
      "inputMappings": [
        {
          "inputPort": "input",
          "mapping": "${685993e2-a7c7-46ef-94e4-250269603be8.ID}",
          "stepInput": "f11c0649-5e9c-4929-9c7a-26997f7f490a"
        },
        {
          "inputPort": "input",
          "mapping": "${7b3d9899-9718-47bf-b476-d05aa3fa16b2.JWT}",
          "stepInput": "4769871e-3c0c-4909-beca-1cbc3884eb53"
        }
      ]
    },
    {
      "id": "802dd92c-bf02-49de-b4dd-96a075fde1bc",
      "label": "Helix | Prepare Trigger | Incident",
      "environment": "HOSTED",
      "presentation": "{\"w\":60,\"x\":1523,\"h\":60,\"y\":135}",
      "step": "b24159b6-9c3f-4bc2-8107-03e752491534",
      "stepType": "SCRIPT_STEP",
      "inputMappings": [
        {
          "inputPort": "input",
          "mapping": "${b57034ad-034c-459f-bebc-49fe6ffad560.Incident JSON Object}",
          "stepInput": "b7e22738-57ce-4d0a-8894-6d796c4dcd63"
        },
        {
          "inputPort": "input",
          "mapping": "${685993e2-a7c7-46ef-94e4-250269603be8.Action}",
          "stepInput": "f3347a82-914d-4206-b91d-5c445edb29b2"
        },
        {
          "inputPort": "input",
          "mapping": "${685993e2-a7c7-46ef-94e4-250269603be8.Form}",
          "stepInput": "1d030e02-efca-4808-b252-399f6d870059"
        }
      ]
    },
    {
      "id": "bb72f474-4061-46a0-9c6d-39c5d77cbf7e",
      "label": "Incident Alerts - Device Delivery Updates",
      "environment": "HOSTED",
      "presentation": "{\"w\":60,\"x\":0,\"h\":60,\"y\":1525}",
      "step": "ee2cb825-b31f-4321-bb07-636adbf76b4a",
      "stepType": "INTEGRATION"
    },
    {
      "id": "35f366bf-5544-40fe-a422-ffbf9d168a77",
      "label": "Incident Alerts - Event Comments",
      "environment": "HOSTED",
      "presentation": "{\"w\":60,\"x\":0,\"h\":60,\"y\":1842}",
      "step": "bece6aa3-c938-4d32-8146-bbb661f39136",
      "stepType": "INTEGRATION"
    },
    {
      "id": "8b206831-acb7-4a57-8369-4d2a262da32d",
      "label": "Incident Alerts - Event Status Updates",
      "environment": "HOSTED",
      "presentation": "{\"w\":60,\"x\":0,\"h\":60,\"y\":911}",
      "step": "5ec2663d-0bc5-4649-a2ad-938b11eea665",
      "stepType": "INTEGRATION"
    },
    {
      "id": "fbe62283-0960-479a-a9a9-cbe68e5b5a32",
      "label": "Number Events Found",
      "environment": "HOSTED",
      "presentation": "{\"w\":60,\"x\":1117,\"h\":60,\"y\":-150}",
      "stepType": "SWITCH",
      "inputMappings": [
        {
          "inputPort": "input",
          "mapping": "${0451513d-8b53-40a6-b9a1-7655ca731003.Number of Event IDs Returned}"
        }
      ],
      "switchCases": [
        {
          "caseId": "22d11263-c66b-4d4a-a14a-8e181bcb9cec",
          "caseValue": "0"
        }
      ]
    },
    {
      "id": "79f6141b-d4cc-4e60-b2a6-c100eac8f028",
      "label": "Number Events Found",
      "environment": "HOSTED",
      "presentation": "{\"w\":60,\"x\":662,\"h\":60,\"y\":300}",
      "stepType": "SWITCH",
      "inputMappings": [
        {
          "inputPort": "input",
          "mapping": "${8f5f90a1-5f41-494e-914d-b5441ea96076.Number of Event IDs Returned}"
        }
      ],
      "switchCases": [
        {
          "caseId": "46c4d2d1-622a-440e-b3cc-353bf9587ad1",
          "caseValue": "0"
        }
      ]
    },
    {
      "id": "bf88ab98-8a5c-4441-bc56-89cefb34284f",
      "label": "Responses",
      "environment": "HOSTED",
      "presentation": "{\"w\":100,\"x\":0,\"h\":50,\"y\":2012}",
      "stepType": "RESPONSES"
    },
    {
      "id": "685993e2-a7c7-46ef-94e4-250269603be8",
      "label": "Step 01 | Helix Inbound Request | JSON",
      "environment": "HOSTED",
      "presentation": "{\"w\":60,\"x\":79,\"h\":60,\"y\":-15}",
      "step": "4c515982-56b2-4474-b574-b58c0f3e59f1",
      "stepType": "INTEGRATION"
    },
    {
      "id": "d4b284af-62eb-4577-96be-afb79edbcd68",
      "label": "Step 01 | Helix Inbound Request | XML",
      "environment": "HOSTED",
      "presentation": "{\"w\":60,\"x\":81,\"h\":60,\"y\":157}",
      "step": "e592d2b1-1b58-45da-848c-71e4c44f4975",
      "stepType": "INTEGRATION"
    },
    {
      "id": "daf005ca-6ac4-4d12-8eea-68097fb80f38",
      "label": "Terminate Events",
      "environment": "HOSTED",
      "presentation": "{\"w\":60,\"x\":823,\"h\":60,\"y\":585}",
      "step": "798e3053-b4b4-5e8c-ba84-8a11c3be6237",
      "stepType": "SCRIPT_STEP",
      "inputMappings": [
        {
          "inputPort": "input",
          "mapping": "${8f5f90a1-5f41-494e-914d-b5441ea96076.Event IDs}",
          "stepInput": "4fdf2591-4925-5682-8911-f0163d7f98dd"
        }
      ]
    },
    {
      "id": "2cf6962a-a2eb-47a6-8786-d7d77396c2d3",
      "label": "Terminate Events",
      "environment": "HOSTED",
      "presentation": "{\"w\":60,\"x\":1293,\"h\":60,\"y\":135}",
      "step": "798e3053-b4b4-5e8c-ba84-8a11c3be6237",
      "stepType": "SCRIPT_STEP",
      "inputMappings": [
        {
          "inputPort": "input",
          "mapping": "${0451513d-8b53-40a6-b9a1-7655ca731003.Event IDs}",
          "stepInput": "4fdf2591-4925-5682-8911-f0163d7f98dd"
        }
      ]
    }
  ],
  "edges": [
    {
      "fromBlock": "802dd92c-bf02-49de-b4dd-96a075fde1bc",
      "fromPort": "output",
      "toBlock": "ba818939-7715-4349-b135-6ce8090ca323",
      "toPort": "input"
    },
    {
      "fromBlock": "8b206831-acb7-4a57-8369-4d2a262da32d",
      "fromPort": "output",
      "toBlock": "a48fe542-2d07-473e-81a8-99ef10869f52",
      "toPort": "input"
    },
    {
      "fromBlock": "8f5f90a1-5f41-494e-914d-b5441ea96076",
      "fromPort": "output",
      "toBlock": "79f6141b-d4cc-4e60-b2a6-c100eac8f028",
      "toPort": "input"
    },
    {
      "fromBlock": "9822f499-fcbe-4255-9672-1714a0c56c17",
      "fromPort": "output",
      "toBlock": "5f16ada6-66e0-48f2-ba1c-140b19977e2b",
      "toPort": "input"
    },
    {
      "fromBlock": "9ef562c0-78a7-4c5d-92df-f5ffbcd6409f",
      "fromPort": "output",
      "toBlock": "9822f499-fcbe-4255-9672-1714a0c56c17",
      "toPort": "input"
    },
    {
      "fromBlock": "a2d70d00-e51e-4bf3-9f2f-11e69e858b8b",
      "fromPort": "output",
      "toBlock": "2b7f4835-6019-4c73-8be1-476a445d98ef",
      "toPort": "input"
    },
    {
      "fromBlock": "a48fe542-2d07-473e-81a8-99ef10869f52",
      "fromPort": "c044e584-8f72-4f79-bb48-2737fffd8d7a",
      "toBlock": "ffb25269-3b95-4543-9275-6515a3d000f7",
      "toPort": "input"
    },
    {
      "fromBlock": "a48fe542-2d07-473e-81a8-99ef10869f52",
      "fromPort": "6fa78721-1012-4601-95ae-23ecfee45750",
      "toBlock": "25c7923e-445f-442f-8b49-36e95e783cdf",
      "toPort": "input"
    },
    {
      "fromBlock": "a48fe542-2d07-473e-81a8-99ef10869f52",
      "fromPort": "b1932a46-c7d9-460e-a4c4-fa9dcf9fdecd",
      "toBlock": "4556e03e-ba7f-48a4-a12f-48dac8d9a368",
      "toPort": "input"
    },
    {
      "fromBlock": "ab74782a-8a36-4c9a-9e9c-e397e00d128f",
      "fromPort": "output",
      "toBlock": "5a8c0d12-b06c-4946-9895-25b69d4ee7f3",
      "toPort": "input"
    },
    {
      "fromBlock": "b57034ad-034c-459f-bebc-49fe6ffad560",
      "fromPort": "output",
      "toBlock": "11b6d1f0-3759-4533-94db-79fb859cdc13",
      "toPort": "input"
    },
    {
      "fromBlock": "bb72f474-4061-46a0-9c6d-39c5d77cbf7e",
      "fromPort": "output",
      "toBlock": "24122ff8-034e-4e7b-b3cd-92216702c7c0",
      "toPort": "input"
    },
    {
      "fromBlock": "d658d3ff-9af0-4ace-85e5-99d705275cba",
      "fromPort": "output",
      "toBlock": "b5af160e-3a45-427d-be37-127e7f55cdbd",
      "toPort": "input"
    },
    {
      "fromBlock": "daf005ca-6ac4-4d12-8eea-68097fb80f38",
      "fromPort": "output",
      "toBlock": "ddf668e8-9a83-42cc-8453-5e79ca24d691",
      "toPort": "input"
    },
    {
      "fromBlock": "ddf668e8-9a83-42cc-8453-5e79ca24d691",
      "fromPort": "output",
      "toBlock": "40aee96f-0d0b-49fb-846c-cde1c926795c",
      "toPort": "input"
    },
    {
      "fromBlock": "dee03fd4-4b17-4761-ac83-2902579c841f",
      "fromPort": "e2fa8f88-794c-42ae-9346-b2bc59c95da6",
      "toBlock": "8f5f90a1-5f41-494e-914d-b5441ea96076",
      "toPort": "input"
    },
    {
      "fromBlock": "dee03fd4-4b17-4761-ac83-2902579c841f",
      "fromPort": "73adccad-3f8c-465e-ad51-a6632c85fc72",
      "toBlock": "7b3d9899-9718-47bf-b476-d05aa3fa16b2",
      "toPort": "input"
    },
    {
      "fromBlock": "e39c1421-586a-41d3-8450-cac1ac00f164",
      "fromPort": "output",
      "toBlock": "3cfcaf20-5941-4cae-a7d1-28c3c4e75808",
      "toPort": "input"
    },
    {
      "fromBlock": "fbe62283-0960-479a-a9a9-cbe68e5b5a32",
      "fromPort": "22d11263-c66b-4d4a-a14a-8e181bcb9cec",
      "toBlock": "802dd92c-bf02-49de-b4dd-96a075fde1bc",
      "toPort": "input"
    },
    {
      "fromBlock": "fbe62283-0960-479a-a9a9-cbe68e5b5a32",
      "fromPort": "output",
      "toBlock": "2cf6962a-a2eb-47a6-8786-d7d77396c2d3",
      "toPort": "input"
    },
    {
      "fromBlock": "ffb25269-3b95-4543-9275-6515a3d000f7",
      "fromPort": "output",
      "toBlock": "d658d3ff-9af0-4ace-85e5-99d705275cba",
      "toPort": "input"
    },
    {
      "fromBlock": "0451513d-8b53-40a6-b9a1-7655ca731003",
      "fromPort": "output",
      "toBlock": "fbe62283-0960-479a-a9a9-cbe68e5b5a32",
      "toPort": "input"
    },
    {
      "fromBlock": "0668ad5e-061a-4cf9-8d02-5bcf307ed579",
      "fromPort": "output",
      "toBlock": "7d52ed70-4bd5-492d-b234-352dc2865458",
      "toPort": "input"
    },
    {
      "fromBlock": "118d5a9a-6e60-44de-9d32-c1c8148ee9ca",
      "fromPort": "output",
      "toBlock": "61a14ba1-9470-4d96-92df-80b5e8881c01",
      "toPort": "input"
    },
    {
      "fromBlock": "11b6d1f0-3759-4533-94db-79fb859cdc13",
      "fromPort": "output",
      "toBlock": "0451513d-8b53-40a6-b9a1-7655ca731003",
      "toPort": "input"
    },
    {
      "fromBlock": "24122ff8-034e-4e7b-b3cd-92216702c7c0",
      "fromPort": "output",
      "toBlock": "9ef562c0-78a7-4c5d-92df-f5ffbcd6409f",
      "toPort": "input"
    },
    {
      "fromBlock": "25c7923e-445f-442f-8b49-36e95e783cdf",
      "fromPort": "output",
      "toBlock": "118d5a9a-6e60-44de-9d32-c1c8148ee9ca",
      "toPort": "input"
    },
    {
      "fromBlock": "2b7f4835-6019-4c73-8be1-476a445d98ef",
      "fromPort": "output",
      "toBlock": "0668ad5e-061a-4cf9-8d02-5bcf307ed579",
      "toPort": "input"
    },
    {
      "fromBlock": "2cf6962a-a2eb-47a6-8786-d7d77396c2d3",
      "fromPort": "output",
      "toBlock": "802dd92c-bf02-49de-b4dd-96a075fde1bc",
      "toPort": "input"
    },
    {
      "fromBlock": "35f366bf-5544-40fe-a422-ffbf9d168a77",
      "fromPort": "output",
      "toBlock": "e39c1421-586a-41d3-8450-cac1ac00f164",
      "toPort": "input"
    },
    {
      "fromBlock": "3cfcaf20-5941-4cae-a7d1-28c3c4e75808",
      "fromPort": "output",
      "toBlock": "d18f2dbe-a895-4c26-97d3-5322efc0e88d",
      "toPort": "input"
    },
    {
      "fromBlock": "40aee96f-0d0b-49fb-846c-cde1c926795c",
      "fromPort": "output",
      "toBlock": "073ae96e-3978-4c62-b745-4420b5b31e0f",
      "toPort": "input"
    },
    {
      "fromBlock": "4556e03e-ba7f-48a4-a12f-48dac8d9a368",
      "fromPort": "output",
      "toBlock": "5fb009e5-417e-41cf-959d-978042500685",
      "toPort": "input"
    },
    {
      "fromBlock": "46c867a2-e58b-4bbf-a597-4c3e5beace76",
      "fromPort": "output",
      "toBlock": "e9b9937d-6d4a-47aa-b3da-c93a37c96a1c",
      "toPort": "input"
    },
    {
      "fromBlock": "5a8c0d12-b06c-4946-9895-25b69d4ee7f3",
      "fromPort": "output",
      "toBlock": "46c867a2-e58b-4bbf-a597-4c3e5beace76",
      "toPort": "input"
    },
    {
      "fromBlock": "5dfe9e6f-a71d-49d2-bc0d-828b57a4f97d",
      "fromPort": "output",
      "toBlock": "ab74782a-8a36-4c9a-9e9c-e397e00d128f",
      "toPort": "input"
    },
    {
      "fromBlock": "5fb009e5-417e-41cf-959d-978042500685",
      "fromPort": "output",
      "toBlock": "01be436d-2483-458f-a2c9-dca40e46baa0",
      "toPort": "input"
    },
    {
      "fromBlock": "685993e2-a7c7-46ef-94e4-250269603be8",
      "fromPort": "output",
      "toBlock": "dee03fd4-4b17-4761-ac83-2902579c841f",
      "toPort": "input"
    },
    {
      "fromBlock": "79f6141b-d4cc-4e60-b2a6-c100eac8f028",
      "fromPort": "output",
      "toBlock": "daf005ca-6ac4-4d12-8eea-68097fb80f38",
      "toPort": "input"
    },
    {
      "fromBlock": "7b3d9899-9718-47bf-b476-d05aa3fa16b2",
      "fromPort": "output",
      "toBlock": "b57034ad-034c-459f-bebc-49fe6ffad560",
      "toPort": "input"
    }
  ]
}