{
  "name": "Incident Alerts Workflow",
  "form": "d819c3bd-ce0d-45f4-97c0-074cecf5b19d",
  "blocks": [
    {
      "id": "af625a2d-49fa-4f62-810d-b68b85b4aac1",
      "label": "Action",
      "environment": "HOSTED",
      "presentation": "{\"w\":60,\"x\":340,\"h\":60,\"y\":0}",
      "stepType": "SWITCH",
      "inputMappings": [
        {
          "inputPort": "input",
          "mapping": "${5fe882cf-cc57-41fc-ad1a-8f45415f4520.Action}"
        }
      ],
      "switchCases": [
        {
          "caseId": "addeb7db-cd94-4fba-8fae-20008aea2dda",
          "caseValue": "Add"
        },
        {
          "caseId": "23670765-4ae7-4317-825a-4df397b7fecd",
          "caseValue": "Delete"
        }
      ]
    },
    {
      "id": "23099d23-1f47-4f30-92f4-612571647d0c",
      "label": "Assign to me",
      "environment": "HOSTED",
      "presentation": "{}",
      "step": "044962e7-4c29-4efd-982d-369e877780f1",
      "stepType": "INTEGRATION"
    },
    {
      "id": "617f9bd1-67d6-4d27-8d57-7d3a378503d9",
      "endpoint": "xMatters",
      "label": "Create Event | Inbound Integration",
      "environment": "HOSTED",
      "presentation": "{\"w\":60,\"x\":1677,\"h\":60,\"y\":135}",
      "step": "324302dd-f27e-4b02-aef2-30b66102a70e",
      "stepType": "SCRIPT_STEP",
      "inputMappings": [
        {
          "inputPort": "input",
          "mapping": "${a8fb6d9f-f04a-4f0c-9728-ac55accb31b2.Trigger Payload}",
          "stepInput": "2061ed36-db11-42c6-96cc-02a518808cf0"
        }
      ]
    },
    {
      "id": "13bdabdc-589d-446c-a775-92baa43f427a",
      "label": "Delivery Status",
      "environment": "HOSTED",
      "presentation": "{\"w\":60,\"x\":170,\"h\":60,\"y\":1378}",
      "stepType": "SWITCH",
      "inputMappings": [
        {
          "inputPort": "input",
          "mapping": "${triggerOutputDELIVERYSTATUS.notification.deliveryStatus}"
        }
      ],
      "switchCases": [
        {
          "caseId": "147eada3-6cb3-424e-a1a7-f7b8ad98b389",
          "caseValue": "UNCHANGED"
        }
      ]
    },
    {
      "id": "6346d6e4-7eaf-45f5-92fe-d9cccadb6380",
      "label": "Escalate",
      "environment": "HOSTED",
      "presentation": "{}",
      "step": "ea43536c-053d-476b-b71b-179dc93e4543",
      "stepType": "INTEGRATION"
    },
    {
      "id": "acb30d31-a7d2-49a9-92bd-2e92fd622c58",
      "label": "Event Status Change",
      "environment": "HOSTED",
      "presentation": "{\"w\":60,\"x\":170,\"h\":60,\"y\":614}",
      "stepType": "SWITCH",
      "inputMappings": [
        {
          "inputPort": "input",
          "mapping": "${triggerOutputSTATUS.statusChanged.auditType}"
        }
      ],
      "switchCases": [
        {
          "caseId": "f5ec151f-0a75-4827-beae-4ce4ba0282cd",
          "caseValue": "EVENT_CREATED"
        },
        {
          "caseId": "51b52869-0f46-45c7-8dc0-27a96eabbc99",
          "caseValue": "EVENT_TERMINATED"
        },
        {
          "caseId": "009ae9ee-c7e6-46ae-ab08-9cbb9ad36742",
          "caseValue": "EVENT_COMPLETED"
        }
      ]
    },
    {
      "id": "dceab8ab-77f3-4c72-9441-8d78c2261c21",
      "label": "Get Events",
      "environment": "HOSTED",
      "presentation": "{\"w\":60,\"x\":949,\"h\":60,\"y\":136}",
      "step": "f36cf6ba-2225-5cb3-831f-030a05527c72",
      "stepType": "SCRIPT_STEP",
      "inputMappings": [
        {
          "inputPort": "input",
          "mapping": "ACTIVE,SUSPENDED",
          "stepInput": "fa86536b-3508-56de-884b-503596bd64c2"
        },
        {
          "inputPort": "input",
          "mapping": "Incident Number#en",
          "stepInput": "72cd05cc-dfe2-5933-b85c-edcf1df9f56f"
        },
        {
          "inputPort": "input",
          "mapping": "${5fe882cf-cc57-41fc-ad1a-8f45415f4520.ID}",
          "stepInput": "b58893a5-ffaf-502d-982b-613dcd7b2232"
        },
        {
          "inputPort": "input",
          "mapping": "TRUE",
          "stepInput": "3bb89cc9-b89f-5291-9c54-1da7bc6c051a"
        }
      ]
    },
    {
      "id": "5aee6ceb-eac3-47bb-861c-82df1b1a589a",
      "label": "Get Events",
      "environment": "HOSTED",
      "presentation": "{\"w\":60,\"x\":509,\"h\":60,\"y\":285}",
      "step": "f36cf6ba-2225-5cb3-831f-030a05527c72",
      "stepType": "SCRIPT_STEP",
      "inputMappings": [
        {
          "inputPort": "input",
          "mapping": "ACTIVE,SUSPENDED",
          "stepInput": "fa86536b-3508-56de-884b-503596bd64c2"
        },
        {
          "inputPort": "input",
          "mapping": "Incident Number#en",
          "stepInput": "72cd05cc-dfe2-5933-b85c-edcf1df9f56f"
        },
        {
          "inputPort": "input",
          "mapping": "${5fe882cf-cc57-41fc-ad1a-8f45415f4520.ID}",
          "stepInput": "b58893a5-ffaf-502d-982b-613dcd7b2232"
        },
        {
          "inputPort": "input",
          "mapping": "TRUE",
          "stepInput": "3bb89cc9-b89f-5291-9c54-1da7bc6c051a"
        }
      ]
    },
    {
      "id": "80c8d813-0042-4efe-b55f-5e75f8045923",
      "endpoint": "Remedy JWT",
      "label": "Helix | API Token | Acquire",
      "environment": "HOSTED",
      "presentation": "{\"w\":60,\"x\":508,\"h\":60,\"y\":135}",
      "step": "cefe9fa1-c3f3-4a0c-be09-62890d706913",
      "stepType": "SCRIPT_STEP",
      "inputMappings": [
        {
          "inputPort": "input",
          "mapping": "${constants.USER_HELIX_USERNAME}",
          "stepInput": "d93fba2d-5c85-41fc-a10c-98a131dfa0b9"
        },
        {
          "inputPort": "input",
          "mapping": "${constants.USER_HELIX_PASSWORD}",
          "stepInput": "f2da6722-ce19-437c-917e-86461a72f125"
        }
      ]
    },
    {
      "id": "a2150d22-610e-4120-9bae-ccbee3b95f17",
      "endpoint": "Remedy JWT",
      "label": "Helix | API Token | Acquire",
      "environment": "HOSTED",
      "presentation": "{\"w\":60,\"x\":184,\"h\":60,\"y\":2324}",
      "step": "cefe9fa1-c3f3-4a0c-be09-62890d706913",
      "stepType": "SCRIPT_STEP",
      "inputMappings": [
        {
          "inputPort": "input",
          "mapping": "${constants.USER_HELIX_USERNAME}",
          "stepInput": "d93fba2d-5c85-41fc-a10c-98a131dfa0b9"
        },
        {
          "inputPort": "input",
          "mapping": "${constants.USER_HELIX_PASSWORD}",
          "stepInput": "f2da6722-ce19-437c-917e-86461a72f125"
        }
      ]
    },
    {
      "id": "e289dd7f-7184-466f-85cc-5a7b4f8195af",
      "endpoint": "Remedy JWT",
      "label": "Helix | API Token | Acquire",
      "environment": "HOSTED",
      "presentation": "{\"w\":60,\"x\":969,\"h\":60,\"y\":585}",
      "step": "cefe9fa1-c3f3-4a0c-be09-62890d706913",
      "stepType": "SCRIPT_STEP",
      "inputMappings": [
        {
          "inputPort": "input",
          "mapping": "${constants.USER_HELIX_USERNAME}",
          "stepInput": "d93fba2d-5c85-41fc-a10c-98a131dfa0b9"
        },
        {
          "inputPort": "input",
          "mapping": "${constants.USER_HELIX_PASSWORD}",
          "stepInput": "f2da6722-ce19-437c-917e-86461a72f125"
        }
      ]
    },
    {
      "id": "f036c654-17e1-4db4-b0b7-8a51550ea4a6",
      "endpoint": "Remedy JWT",
      "label": "Helix | API Token | Acquire",
      "environment": "HOSTED",
      "presentation": "{\"w\":60,\"x\":156,\"h\":60,\"y\":1842}",
      "step": "cefe9fa1-c3f3-4a0c-be09-62890d706913",
      "stepType": "SCRIPT_STEP",
      "inputMappings": [
        {
          "inputPort": "input",
          "mapping": "${constants.USER_HELIX_USERNAME}",
          "stepInput": "d93fba2d-5c85-41fc-a10c-98a131dfa0b9"
        },
        {
          "inputPort": "input",
          "mapping": "${constants.USER_HELIX_PASSWORD}",
          "stepInput": "f2da6722-ce19-437c-917e-86461a72f125"
        }
      ]
    },
    {
      "id": "ffb5911e-05cb-436d-a4c6-0e2790e2c350",
      "endpoint": "Remedy JWT",
      "label": "Helix | API Token | Acquire",
      "environment": "HOSTED",
      "presentation": "{\"w\":60,\"x\":340,\"h\":60,\"y\":899}",
      "step": "cefe9fa1-c3f3-4a0c-be09-62890d706913",
      "stepType": "SCRIPT_STEP",
      "inputMappings": [
        {
          "inputPort": "input",
          "mapping": "${constants.USER_HELIX_USERNAME}",
          "stepInput": "d93fba2d-5c85-41fc-a10c-98a131dfa0b9"
        },
        {
          "inputPort": "input",
          "mapping": "${constants.USER_HELIX_PASSWORD}",
          "stepInput": "f2da6722-ce19-437c-917e-86461a72f125"
        }
      ]
    },
    {
      "id": "279de2f4-9128-4d59-9bc2-a05356be3627",
      "endpoint": "Remedy JWT",
      "label": "Helix | API Token | Acquire",
      "environment": "HOSTED",
      "presentation": "{\"w\":60,\"x\":339,\"h\":60,\"y\":749}",
      "step": "cefe9fa1-c3f3-4a0c-be09-62890d706913",
      "stepType": "SCRIPT_STEP",
      "inputMappings": [
        {
          "inputPort": "input",
          "mapping": "${constants.USER_HELIX_USERNAME}",
          "stepInput": "d93fba2d-5c85-41fc-a10c-98a131dfa0b9"
        },
        {
          "inputPort": "input",
          "mapping": "${constants.USER_HELIX_PASSWORD}",
          "stepInput": "f2da6722-ce19-437c-917e-86461a72f125"
        }
      ]
    },
    {
      "id": "3a2dc576-cd39-410f-a21c-d850687d1828",
      "endpoint": "Remedy JWT",
      "label": "Helix | API Token | Acquire",
      "environment": "HOSTED",
      "presentation": "{\"w\":60,\"x\":181,\"h\":60,\"y\":2168}",
      "step": "cefe9fa1-c3f3-4a0c-be09-62890d706913",
      "stepType": "SCRIPT_STEP",
      "inputMappings": [
        {
          "inputPort": "input",
          "mapping": "${constants.USER_HELIX_USERNAME}",
          "stepInput": "d93fba2d-5c85-41fc-a10c-98a131dfa0b9"
        },
        {
          "inputPort": "input",
          "mapping": "${constants.USER_HELIX_PASSWORD}",
          "stepInput": "f2da6722-ce19-437c-917e-86461a72f125"
        }
      ]
    },
    {
      "id": "3f568813-e7fa-4b27-8d6f-3dc505bb2bd6",
      "endpoint": "Remedy JWT",
      "label": "Helix | API Token | Acquire",
      "environment": "HOSTED",
      "presentation": "{\"w\":60,\"x\":342,\"h\":60,\"y\":1049}",
      "step": "cefe9fa1-c3f3-4a0c-be09-62890d706913",
      "stepType": "SCRIPT_STEP",
      "inputMappings": [
        {
          "inputPort": "input",
          "mapping": "${constants.USER_HELIX_USERNAME}",
          "stepInput": "d93fba2d-5c85-41fc-a10c-98a131dfa0b9"
        },
        {
          "inputPort": "input",
          "mapping": "${constants.USER_HELIX_PASSWORD}",
          "stepInput": "f2da6722-ce19-437c-917e-86461a72f125"
        }
      ]
    },
    {
      "id": "53acf876-ac6e-4d38-8d44-19dfb945dea7",
      "endpoint": "Remedy JWT",
      "label": "Helix | API Token | Acquire",
      "environment": "HOSTED",
      "presentation": "{\"w\":60,\"x\":347,\"h\":60,\"y\":1663}",
      "step": "cefe9fa1-c3f3-4a0c-be09-62890d706913",
      "stepType": "SCRIPT_STEP",
      "inputMappings": [
        {
          "inputPort": "input",
          "mapping": "${constants.USER_HELIX_USERNAME}",
          "stepInput": "d93fba2d-5c85-41fc-a10c-98a131dfa0b9"
        },
        {
          "inputPort": "input",
          "mapping": "${constants.USER_HELIX_PASSWORD}",
          "stepInput": "f2da6722-ce19-437c-917e-86461a72f125"
        }
      ]
    },
    {
      "id": "99fd4da9-3a49-4457-9797-9f507e0fc30d",
      "endpoint": "Remedy JWT",
      "label": "Helix | API Token | Release",
      "environment": "HOSTED",
      "presentation": "{\"w\":60,\"x\":665,\"h\":60,\"y\":1663}",
      "step": "01b87c9f-d600-4d43-a905-1efc4cbedafb",
      "stepType": "SCRIPT_STEP",
      "inputMappings": [
        {
          "inputPort": "input",
          "mapping": "${53acf876-ac6e-4d38-8d44-19dfb945dea7.JWT}",
          "stepInput": "95feccee-22d0-4f14-9ed3-f8bb577596b6"
        }
      ]
    },
    {
      "id": "badf8f9c-2e46-43ad-b4c2-46f1823a4094",
      "endpoint": "Remedy JWT",
      "label": "Helix | API Token | Release",
      "environment": "HOSTED",
      "presentation": "{\"w\":60,\"x\":639,\"h\":60,\"y\":749}",
      "step": "01b87c9f-d600-4d43-a905-1efc4cbedafb",
      "stepType": "SCRIPT_STEP",
      "inputMappings": [
        {
          "inputPort": "input",
          "mapping": "${279de2f4-9128-4d59-9bc2-a05356be3627.JWT}",
          "stepInput": "95feccee-22d0-4f14-9ed3-f8bb577596b6"
        }
      ]
    },
    {
      "id": "c4788065-6aa6-47d9-b643-34c90708fa2f",
      "endpoint": "Remedy JWT",
      "label": "Helix | API Token | Release",
      "environment": "HOSTED",
      "presentation": "{\"w\":60,\"x\":649,\"h\":60,\"y\":1049}",
      "step": "01b87c9f-d600-4d43-a905-1efc4cbedafb",
      "stepType": "SCRIPT_STEP",
      "inputMappings": [
        {
          "inputPort": "input",
          "mapping": "${3f568813-e7fa-4b27-8d6f-3dc505bb2bd6.JWT}",
          "stepInput": "95feccee-22d0-4f14-9ed3-f8bb577596b6"
        }
      ]
    },
    {
      "id": "f185c29d-60d9-4cd1-b3dd-58dded549419",
      "endpoint": "Remedy JWT",
      "label": "Helix | API Token | Release",
      "environment": "HOSTED",
      "presentation": "{\"w\":60,\"x\":485,\"h\":60,\"y\":1842}",
      "step": "01b87c9f-d600-4d43-a905-1efc4cbedafb",
      "stepType": "SCRIPT_STEP",
      "inputMappings": [
        {
          "inputPort": "input",
          "mapping": "${f036c654-17e1-4db4-b0b7-8a51550ea4a6.JWT}",
          "stepInput": "95feccee-22d0-4f14-9ed3-f8bb577596b6"
        }
      ]
    },
    {
      "id": "11e4edbb-a78d-497f-8926-f2483a5a9090",
      "endpoint": "Remedy JWT",
      "label": "Helix | API Token | Release",
      "environment": "HOSTED",
      "presentation": "{\"w\":60,\"x\":512,\"h\":60,\"y\":2324}",
      "step": "01b87c9f-d600-4d43-a905-1efc4cbedafb",
      "stepType": "SCRIPT_STEP",
      "inputMappings": [
        {
          "inputPort": "input",
          "mapping": "${a2150d22-610e-4120-9bae-ccbee3b95f17.JWT}",
          "stepInput": "95feccee-22d0-4f14-9ed3-f8bb577596b6"
        }
      ]
    },
    {
      "id": "2468693d-7bfb-40bb-996b-e8e954b382e9",
      "endpoint": "Remedy JWT",
      "label": "Helix | API Token | Release",
      "environment": "HOSTED",
      "presentation": "{\"w\":60,\"x\":644,\"h\":60,\"y\":899}",
      "step": "01b87c9f-d600-4d43-a905-1efc4cbedafb",
      "stepType": "SCRIPT_STEP",
      "inputMappings": [
        {
          "inputPort": "input",
          "mapping": "${ffb5911e-05cb-436d-a4c6-0e2790e2c350.JWT}",
          "stepInput": "95feccee-22d0-4f14-9ed3-f8bb577596b6"
        }
      ]
    },
    {
      "id": "3900c015-5e4d-496a-9d1b-ce2ccc9edb4e",
      "endpoint": "Remedy JWT",
      "label": "Helix | API Token | Release",
      "environment": "HOSTED",
      "presentation": "{\"w\":60,\"x\":1280,\"h\":60,\"y\":585}",
      "step": "01b87c9f-d600-4d43-a905-1efc4cbedafb",
      "stepType": "SCRIPT_STEP",
      "inputMappings": [
        {
          "inputPort": "input",
          "mapping": "${e289dd7f-7184-466f-85cc-5a7b4f8195af.JWT}",
          "stepInput": "95feccee-22d0-4f14-9ed3-f8bb577596b6"
        }
      ]
    },
    {
      "id": "3fc265b0-46b9-4c63-a790-ef1dfcc38180",
      "endpoint": "Remedy JWT",
      "label": "Helix | API Token | Release",
      "environment": "HOSTED",
      "presentation": "{\"w\":60,\"x\":671,\"h\":60,\"y\":2168}",
      "step": "01b87c9f-d600-4d43-a905-1efc4cbedafb",
      "stepType": "SCRIPT_STEP",
      "inputMappings": [
        {
          "inputPort": "input",
          "mapping": "${3a2dc576-cd39-410f-a21c-d850687d1828.JWT}",
          "stepInput": "95feccee-22d0-4f14-9ed3-f8bb577596b6"
        }
      ]
    },
    {
      "id": "49f8b6a0-d645-478a-a37e-6c8b8abfea41",
      "endpoint": "Remedy JWT",
      "label": "Helix | API Token | Release",
      "environment": "HOSTED",
      "presentation": "{\"w\":60,\"x\":806,\"h\":60,\"y\":136}",
      "step": "01b87c9f-d600-4d43-a905-1efc4cbedafb",
      "stepType": "SCRIPT_STEP",
      "inputMappings": [
        {
          "inputPort": "input",
          "mapping": "${80c8d813-0042-4efe-b55f-5e75f8045923.JWT}",
          "stepInput": "95feccee-22d0-4f14-9ed3-f8bb577596b6"
        }
      ]
    },
    {
      "id": "4cd9fb45-fca6-473c-878a-05ba4c7a7ee6",
      "endpoint": "Remedy JWT",
      "label": "Helix | Add Assignee | Incident | JWT Auth",
      "environment": "HOSTED",
      "presentation": "{\"w\":60,\"x\":506,\"h\":60,\"y\":2168}",
      "step": "74502b0d-968d-471d-9aed-7acae72ed74b",
      "stepType": "SCRIPT_STEP",
      "inputMappings": [
        {
          "inputPort": "input",
          "mapping": "${triggerOutputRESPONSE.respondedTo.by.firstName} ${triggerOutputRESPONSE.respondedTo.by.lastName}",
          "stepInput": "e7a3fc95-2a11-4f2b-8d64-79babfd8c65e"
        },
        {
          "inputPort": "input",
          "mapping": "${triggerOutputRESPONSE.respondedTo.by.firstName}",
          "stepInput": "a7b66907-4b7b-4f61-aa45-9182caec0009"
        },
        {
          "inputPort": "input",
          "mapping": "${triggerOutputRESPONSE.respondedTo.by.lastName}",
          "stepInput": "7557ef61-5f9b-4b2e-ac99-c8ff2f3f261e"
        },
        {
          "inputPort": "input",
          "mapping": "${triggerOutputRESPONSE.respondedTo.by.targetName}",
          "stepInput": "88835fa1-b5e6-43b0-a350-b42ed6c6eebf"
        },
        {
          "inputPort": "input",
          "mapping": "${event.properties.Incident Number}",
          "stepInput": "f1a927ce-c7ef-44ac-97de-7ec79c1716fa"
        },
        {
          "inputPort": "input",
          "mapping": "${event.properties.Request ID}",
          "stepInput": "7d2ba388-1647-4c12-a287-fae2506865be"
        },
        {
          "inputPort": "input",
          "mapping": "${event.properties.Assigned Support Company}",
          "stepInput": "e03dceab-8199-48f9-a11a-04205f54894b"
        },
        {
          "inputPort": "input",
          "mapping": "${event.properties.Assigned Support Organization}",
          "stepInput": "f17172ae-6509-45ae-aaf7-b62e99e0af18"
        },
        {
          "inputPort": "input",
          "mapping": "${event.properties.Assigned Group}",
          "stepInput": "95e698eb-e383-48f8-8a11-923bf08e6b5d"
        },
        {
          "inputPort": "input",
          "mapping": "${event.properties.Assigned Group ID}",
          "stepInput": "c49c03e7-d46e-4963-8e77-7f358565493b"
        },
        {
          "inputPort": "input",
          "mapping": "${constants.HELIX_STATUS_IN_PROGRESS}",
          "stepInput": "8075e254-915f-40e4-ab35-d155d9fad102"
        },
        {
          "inputPort": "input",
          "mapping": "${3a2dc576-cd39-410f-a21c-d850687d1828.JWT}",
          "stepInput": "d5eff2c5-2602-463d-8234-e7dd4c37f181"
        }
      ]
    },
    {
      "id": "a1afbf3d-b1ee-4e9a-a43a-7e03cff571b0",
      "endpoint": "Remedy JWT",
      "label": "Helix | Add Work Info | Incident | JWT Auth",
      "environment": "HOSTED",
      "presentation": "{\"w\":60,\"x\":493,\"h\":60,\"y\":1049}",
      "step": "ff2de7db-4381-4eaa-9928-e3e30aade510",
      "stepType": "SCRIPT_STEP",
      "inputMappings": [
        {
          "inputPort": "input",
          "mapping": "${event.properties.Incident Number}",
          "stepInput": "b3be776c-a050-4a2b-b181-9839579d85ec"
        },
        {
          "inputPort": "input",
          "mapping": "${event.properties.Request ID}",
          "stepInput": "d6cfdfeb-0b29-4837-81a5-d1f160f82422"
        },
        {
          "inputPort": "input",
          "mapping": "${constants.NOTE_PREFIX_DEFAULT} Event [ ${event.eventId} ] completed",
          "stepInput": "7cf20d6e-f93e-41fa-97a5-5090e38630f6"
        },
        {
          "inputPort": "input",
          "mapping": "${3f568813-e7fa-4b27-8d6f-3dc505bb2bd6.JWT}",
          "stepInput": "14c836ee-b12a-4c9f-8304-a8898aaf8536"
        }
      ]
    },
    {
      "id": "b5d97232-1ef5-4940-a820-d38a4a7e1231",
      "endpoint": "Remedy JWT",
      "label": "Helix | Add Work Info | Incident | JWT Auth",
      "environment": "HOSTED",
      "presentation": "{\"w\":60,\"x\":503,\"h\":60,\"y\":1663}",
      "step": "ff2de7db-4381-4eaa-9928-e3e30aade510",
      "stepType": "SCRIPT_STEP",
      "inputMappings": [
        {
          "inputPort": "input",
          "mapping": "${event.properties.Incident Number}",
          "stepInput": "b3be776c-a050-4a2b-b181-9839579d85ec"
        },
        {
          "inputPort": "input",
          "mapping": "${event.properties.Request ID}",
          "stepInput": "d6cfdfeb-0b29-4837-81a5-d1f160f82422"
        },
        {
          "inputPort": "input",
          "mapping": "${constants.NOTE_PREFIX_DEFAULT} Notification ${triggerOutputDELIVERYSTATUS.notification.deliveryStatus} to ${triggerOutputDELIVERYSTATUS.notification.recipient.owner.firstName} ${triggerOutputDELIVERYSTATUS.notification.recipient.owner.lastName} | ${triggerOutputDELIVERYSTATUS.notification.recipient.name}",
          "stepInput": "7cf20d6e-f93e-41fa-97a5-5090e38630f6"
        },
        {
          "inputPort": "input",
          "mapping": "${53acf876-ac6e-4d38-8d44-19dfb945dea7.JWT}",
          "stepInput": "14c836ee-b12a-4c9f-8304-a8898aaf8536"
        }
      ]
    },
    {
      "id": "baccaad4-7b84-4c90-8bcf-4b34624e0abc",
      "endpoint": "Remedy JWT",
      "label": "Helix | Add Work Info | Incident | JWT Auth",
      "environment": "HOSTED",
      "presentation": "{\"w\":60,\"x\":1124,\"h\":60,\"y\":585}",
      "step": "ff2de7db-4381-4eaa-9928-e3e30aade510",
      "stepType": "SCRIPT_STEP",
      "inputMappings": [
        {
          "inputPort": "input",
          "mapping": "${5fe882cf-cc57-41fc-ad1a-8f45415f4520.ID}",
          "stepInput": "b3be776c-a050-4a2b-b181-9839579d85ec"
        },
        {
          "inputPort": "input",
          "mapping": "${constants.NOTE_PREFIX_DEFAULT}",
          "stepInput": "d6cfdfeb-0b29-4837-81a5-d1f160f82422"
        },
        {
          "inputPort": "input",
          "mapping": "${5fe882cf-cc57-41fc-ad1a-8f45415f4520.ID} | ${5fe882cf-cc57-41fc-ad1a-8f45415f4520.Delete Message}",
          "stepInput": "7cf20d6e-f93e-41fa-97a5-5090e38630f6"
        },
        {
          "inputPort": "input",
          "mapping": "${e289dd7f-7184-466f-85cc-5a7b4f8195af.JWT}",
          "stepInput": "14c836ee-b12a-4c9f-8304-a8898aaf8536"
        }
      ]
    },
    {
      "id": "c224057a-3c3e-42e7-a129-7ec3bf71ee7d",
      "endpoint": "Remedy JWT",
      "label": "Helix | Add Work Info | Incident | JWT Auth",
      "environment": "HOSTED",
      "presentation": "{\"w\":60,\"x\":489,\"h\":60,\"y\":899}",
      "step": "ff2de7db-4381-4eaa-9928-e3e30aade510",
      "stepType": "SCRIPT_STEP",
      "inputMappings": [
        {
          "inputPort": "input",
          "mapping": "${event.properties.Incident Number}",
          "stepInput": "b3be776c-a050-4a2b-b181-9839579d85ec"
        },
        {
          "inputPort": "input",
          "mapping": "${event.properties.Request ID}",
          "stepInput": "d6cfdfeb-0b29-4837-81a5-d1f160f82422"
        },
        {
          "inputPort": "input",
          "mapping": "${constants.NOTE_PREFIX_DEFAULT} Event [ ${event.eventId} ] terminated",
          "stepInput": "7cf20d6e-f93e-41fa-97a5-5090e38630f6"
        },
        {
          "inputPort": "input",
          "mapping": "${ffb5911e-05cb-436d-a4c6-0e2790e2c350.JWT}",
          "stepInput": "14c836ee-b12a-4c9f-8304-a8898aaf8536"
        }
      ]
    },
    {
      "id": "3248e71b-0669-46a0-9f31-5c2fcaa8852f",
      "endpoint": "Remedy JWT",
      "label": "Helix | Add Work Info | Incident | JWT Auth",
      "environment": "HOSTED",
      "presentation": "{\"w\":60,\"x\":341,\"h\":60,\"y\":2324}",
      "step": "ff2de7db-4381-4eaa-9928-e3e30aade510",
      "stepType": "SCRIPT_STEP",
      "inputMappings": [
        {
          "inputPort": "input",
          "mapping": "${event.properties.Incident Number}",
          "stepInput": "b3be776c-a050-4a2b-b181-9839579d85ec"
        },
        {
          "inputPort": "input",
          "mapping": "${event.properties.Request ID}",
          "stepInput": "d6cfdfeb-0b29-4837-81a5-d1f160f82422"
        },
        {
          "inputPort": "input",
          "mapping": "${constants.NOTE_PREFIX_DEFAULT} ${triggerOutputRESPONSE.respondedTo.by.firstName} ${triggerOutputRESPONSE.respondedTo.by.lastName} | ${triggerOutputRESPONSE.response.deviceName} responded [ ${triggerOutputRESPONSE.response.response} ]",
          "stepInput": "7cf20d6e-f93e-41fa-97a5-5090e38630f6"
        },
        {
          "inputPort": "input",
          "mapping": "${a2150d22-610e-4120-9bae-ccbee3b95f17.JWT}",
          "stepInput": "14c836ee-b12a-4c9f-8304-a8898aaf8536"
        }
      ]
    },
    {
      "id": "3b8d2949-cb74-4ba0-a340-2609cf13748f",
      "endpoint": "Remedy JWT",
      "label": "Helix | Add Work Info | Incident | JWT Auth",
      "environment": "HOSTED",
      "presentation": "{\"w\":60,\"x\":487,\"h\":60,\"y\":749}",
      "step": "ff2de7db-4381-4eaa-9928-e3e30aade510",
      "stepType": "SCRIPT_STEP",
      "inputMappings": [
        {
          "inputPort": "input",
          "mapping": "${event.properties.Incident Number}",
          "stepInput": "b3be776c-a050-4a2b-b181-9839579d85ec"
        },
        {
          "inputPort": "input",
          "mapping": "${event.properties.Request ID}",
          "stepInput": "d6cfdfeb-0b29-4837-81a5-d1f160f82422"
        },
        {
          "inputPort": "input",
          "mapping": "${constants.NOTE_PREFIX_DEFAULT} Event [ ${event.eventId} ] created",
          "stepInput": "7cf20d6e-f93e-41fa-97a5-5090e38630f6"
        },
        {
          "inputPort": "input",
          "mapping": "${279de2f4-9128-4d59-9bc2-a05356be3627.JWT}",
          "stepInput": "14c836ee-b12a-4c9f-8304-a8898aaf8536"
        }
      ]
    },
    {
      "id": "570fcf85-89c7-418f-a3ad-e23b1a80f83c",
      "endpoint": "Remedy JWT",
      "label": "Helix | Add Work Info | Incident | JWT Auth",
      "environment": "HOSTED",
      "presentation": "{\"w\":60,\"x\":340,\"h\":60,\"y\":2168}",
      "step": "ff2de7db-4381-4eaa-9928-e3e30aade510",
      "stepType": "SCRIPT_STEP",
      "inputMappings": [
        {
          "inputPort": "input",
          "mapping": "${event.properties.Incident Number}",
          "stepInput": "b3be776c-a050-4a2b-b181-9839579d85ec"
        },
        {
          "inputPort": "input",
          "mapping": "${event.properties.Request ID}",
          "stepInput": "d6cfdfeb-0b29-4837-81a5-d1f160f82422"
        },
        {
          "inputPort": "input",
          "mapping": "${constants.NOTE_PREFIX_DEFAULT} ${triggerOutputRESPONSE.respondedTo.by.firstName} ${triggerOutputRESPONSE.respondedTo.by.lastName} | ${triggerOutputRESPONSE.response.deviceName} responded [ ${triggerOutputRESPONSE.response.response} ]",
          "stepInput": "7cf20d6e-f93e-41fa-97a5-5090e38630f6"
        },
        {
          "inputPort": "input",
          "mapping": "${3a2dc576-cd39-410f-a21c-d850687d1828.JWT}",
          "stepInput": "14c836ee-b12a-4c9f-8304-a8898aaf8536"
        }
      ]
    },
    {
      "id": "6d3b3350-687a-4f80-b5c6-30b095c4aa67",
      "endpoint": "Remedy JWT",
      "label": "Helix | Add Work Info | Incident | JWT Auth",
      "environment": "HOSTED",
      "presentation": "{\"w\":60,\"x\":320,\"h\":60,\"y\":1842}",
      "step": "ff2de7db-4381-4eaa-9928-e3e30aade510",
      "stepType": "SCRIPT_STEP",
      "inputMappings": [
        {
          "inputPort": "input",
          "mapping": "${event.properties.Incident Number}",
          "stepInput": "b3be776c-a050-4a2b-b181-9839579d85ec"
        },
        {
          "inputPort": "input",
          "mapping": "${event.properties.Request ID}",
          "stepInput": "d6cfdfeb-0b29-4837-81a5-d1f160f82422"
        },
        {
          "inputPort": "input",
          "mapping": "${constants.NOTE_PREFIX_DEFAULT} ${triggerOutputANNOTATION.annotation.author.firstName} ${triggerOutputANNOTATION.annotation.author.lastName} | Response [ ${triggerOutputANNOTATION.annotation.response.response} ] | Commented [ ${triggerOutputANNOTATION.annotation.comment} ]",
          "stepInput": "7cf20d6e-f93e-41fa-97a5-5090e38630f6"
        },
        {
          "inputPort": "input",
          "mapping": "${f036c654-17e1-4db4-b0b7-8a51550ea4a6.JWT}",
          "stepInput": "14c836ee-b12a-4c9f-8304-a8898aaf8536"
        }
      ]
    },
    {
      "id": "4ea57baf-7dae-4fdc-bc83-2e2dfa9e0e0c",
      "endpoint": "Remedy JWT",
      "label": "Helix | Get Incident | JWT Auth",
      "environment": "HOSTED",
      "presentation": "{\"w\":60,\"x\":656,\"h\":60,\"y\":135}",
      "step": "9d5b5a2c-ee07-4213-b797-9bc741c69611",
      "stepType": "SCRIPT_STEP",
      "inputMappings": [
        {
          "inputPort": "input",
          "mapping": "${5fe882cf-cc57-41fc-ad1a-8f45415f4520.ID}",
          "stepInput": "f11c0649-5e9c-4929-9c7a-26997f7f490a"
        },
        {
          "inputPort": "input",
          "mapping": "${80c8d813-0042-4efe-b55f-5e75f8045923.JWT}",
          "stepInput": "4769871e-3c0c-4909-beca-1cbc3884eb53"
        }
      ]
    },
    {
      "id": "a8fb6d9f-f04a-4f0c-9728-ac55accb31b2",
      "label": "Helix | Prepare Trigger | Incident",
      "environment": "HOSTED",
      "presentation": "{\"w\":60,\"x\":1523,\"h\":60,\"y\":135}",
      "step": "b24159b6-9c3f-4bc2-8107-03e752491534",
      "stepType": "SCRIPT_STEP",
      "inputMappings": [
        {
          "inputPort": "input",
          "mapping": "${4ea57baf-7dae-4fdc-bc83-2e2dfa9e0e0c.Incident JSON Object}",
          "stepInput": "b7e22738-57ce-4d0a-8894-6d796c4dcd63"
        },
        {
          "inputPort": "input",
          "mapping": "${5fe882cf-cc57-41fc-ad1a-8f45415f4520.Action}",
          "stepInput": "f3347a82-914d-4206-b91d-5c445edb29b2"
        },
        {
          "inputPort": "input",
          "mapping": "${5fe882cf-cc57-41fc-ad1a-8f45415f4520.Form}",
          "stepInput": "1d030e02-efca-4808-b252-399f6d870059"
        }
      ]
    },
    {
      "id": "38b9b4cc-cbfa-46e9-84cb-6f7a44af037f",
      "label": "Incident Alerts - Device Delivery Updates",
      "environment": "HOSTED",
      "presentation": "{\"w\":60,\"x\":0,\"h\":60,\"y\":1525}",
      "step": "427d526a-80fd-4c11-a279-2d9d1e590620",
      "stepType": "INTEGRATION"
    },
    {
      "id": "8c77fb06-7003-4882-bc92-cc1379e7fbf1",
      "label": "Incident Alerts - Event Comments",
      "environment": "HOSTED",
      "presentation": "{\"w\":60,\"x\":0,\"h\":60,\"y\":1842}",
      "step": "a969c95d-49f9-43b9-adb0-93f800f17711",
      "stepType": "INTEGRATION"
    },
    {
      "id": "eeb6ce79-efbe-48f5-bbb0-8321f6e07254",
      "label": "Incident Alerts - Event Status Updates",
      "environment": "HOSTED",
      "presentation": "{\"w\":60,\"x\":0,\"h\":60,\"y\":911}",
      "step": "fda48e93-f943-4968-87de-6535f03738a6",
      "stepType": "INTEGRATION"
    },
    {
      "id": "9c352d7d-eccd-4b70-9566-9a601e9ef13c",
      "label": "Number Events Found",
      "environment": "HOSTED",
      "presentation": "{\"w\":60,\"x\":662,\"h\":60,\"y\":300}",
      "stepType": "SWITCH",
      "inputMappings": [
        {
          "inputPort": "input",
          "mapping": "${5aee6ceb-eac3-47bb-861c-82df1b1a589a.Number of Event IDs Returned}"
        }
      ],
      "switchCases": [
        {
          "caseId": "7eb43cb6-e167-4960-9ade-a5fbc90b88bc",
          "caseValue": "0"
        }
      ]
    },
    {
      "id": "e95f6fdb-8e8f-4c7c-99ef-8f9a2689797d",
      "label": "Number Events Found",
      "environment": "HOSTED",
      "presentation": "{\"w\":60,\"x\":1117,\"h\":60,\"y\":-150}",
      "stepType": "SWITCH",
      "inputMappings": [
        {
          "inputPort": "input",
          "mapping": "${dceab8ab-77f3-4c72-9441-8d78c2261c21.Number of Event IDs Returned}"
        }
      ],
      "switchCases": [
        {
          "caseId": "48a5727a-5f08-4de1-9949-58fc7f46eb6d",
          "caseValue": "0"
        }
      ]
    },
    {
      "id": "af4b65a7-cdf1-4fd6-821d-f5f6b89562d0",
      "label": "Responses",
      "environment": "HOSTED",
      "presentation": "{\"w\":100,\"x\":0,\"h\":50,\"y\":2012}",
      "stepType": "RESPONSES"
    },
    {
      "id": "5fe882cf-cc57-41fc-ad1a-8f45415f4520",
      "label": "Step 01 | Helix Inbound Request | JSON",
      "environment": "HOSTED",
      "presentation": "{\"w\":60,\"x\":79,\"h\":60,\"y\":-15}",
      "step": "875c4bac-87ff-4822-a91b-5b438cbf3571",
      "stepType": "INTEGRATION"
    },
    {
      "id": "e16d7796-41fe-4d4b-8b6b-0de2f4f8fdae",
      "label": "Step 01 | Helix Inbound Request | XML",
      "environment": "HOSTED",
      "presentation": "{\"w\":60,\"x\":81,\"h\":60,\"y\":157}",
      "step": "0b060e04-f864-4df6-ae9c-695cafa5b35b",
      "stepType": "INTEGRATION"
    },
    {
      "id": "dfba5ad0-6fd8-45c6-8990-31b8a78a4d80",
      "label": "Step 02 | Create Event | Incident Alert | Flow",
      "environment": "HOSTED",
      "presentation": "{\"w\":100,\"x\":-150,\"h\":50,\"y\":-350}",
      "step": "fea265eb-ad0c-40df-b393-bef6e64271ae",
      "stepType": "INTEGRATION"
    },
    {
      "id": "99a1ebf2-4f9f-4eda-a9c9-1e154e14bbc6",
      "label": "Terminate Events",
      "environment": "HOSTED",
      "presentation": "{\"w\":60,\"x\":823,\"h\":60,\"y\":585}",
      "step": "798e3053-b4b4-5e8c-ba84-8a11c3be6237",
      "stepType": "SCRIPT_STEP",
      "inputMappings": [
        {
          "inputPort": "input",
          "mapping": "${5aee6ceb-eac3-47bb-861c-82df1b1a589a.Event IDs}",
          "stepInput": "4fdf2591-4925-5682-8911-f0163d7f98dd"
        }
      ]
    },
    {
      "id": "16862a1f-48e3-40ec-a509-cf99b302946a",
      "label": "Terminate Events",
      "environment": "HOSTED",
      "presentation": "{\"w\":60,\"x\":1293,\"h\":60,\"y\":135}",
      "step": "798e3053-b4b4-5e8c-ba84-8a11c3be6237",
      "stepType": "SCRIPT_STEP",
      "inputMappings": [
        {
          "inputPort": "input",
          "mapping": "${dceab8ab-77f3-4c72-9441-8d78c2261c21.Event IDs}",
          "stepInput": "4fdf2591-4925-5682-8911-f0163d7f98dd"
        }
      ]
    }
  ],
  "edges": [
    {
      "fromBlock": "80c8d813-0042-4efe-b55f-5e75f8045923",
      "fromPort": "output",
      "toBlock": "4ea57baf-7dae-4fdc-bc83-2e2dfa9e0e0c",
      "toPort": "input"
    },
    {
      "fromBlock": "8c77fb06-7003-4882-bc92-cc1379e7fbf1",
      "fromPort": "output",
      "toBlock": "f036c654-17e1-4db4-b0b7-8a51550ea4a6",
      "toPort": "input"
    },
    {
      "fromBlock": "99a1ebf2-4f9f-4eda-a9c9-1e154e14bbc6",
      "fromPort": "output",
      "toBlock": "e289dd7f-7184-466f-85cc-5a7b4f8195af",
      "toPort": "input"
    },
    {
      "fromBlock": "9c352d7d-eccd-4b70-9566-9a601e9ef13c",
      "fromPort": "output",
      "toBlock": "99a1ebf2-4f9f-4eda-a9c9-1e154e14bbc6",
      "toPort": "input"
    },
    {
      "fromBlock": "a1afbf3d-b1ee-4e9a-a43a-7e03cff571b0",
      "fromPort": "output",
      "toBlock": "c4788065-6aa6-47d9-b643-34c90708fa2f",
      "toPort": "input"
    },
    {
      "fromBlock": "a2150d22-610e-4120-9bae-ccbee3b95f17",
      "fromPort": "output",
      "toBlock": "3248e71b-0669-46a0-9f31-5c2fcaa8852f",
      "toPort": "input"
    },
    {
      "fromBlock": "a8fb6d9f-f04a-4f0c-9728-ac55accb31b2",
      "fromPort": "output",
      "toBlock": "617f9bd1-67d6-4d27-8d57-7d3a378503d9",
      "toPort": "input"
    },
    {
      "fromBlock": "acb30d31-a7d2-49a9-92bd-2e92fd622c58",
      "fromPort": "51b52869-0f46-45c7-8dc0-27a96eabbc99",
      "toBlock": "ffb5911e-05cb-436d-a4c6-0e2790e2c350",
      "toPort": "input"
    },
    {
      "fromBlock": "acb30d31-a7d2-49a9-92bd-2e92fd622c58",
      "fromPort": "f5ec151f-0a75-4827-beae-4ce4ba0282cd",
      "toBlock": "279de2f4-9128-4d59-9bc2-a05356be3627",
      "toPort": "input"
    },
    {
      "fromBlock": "acb30d31-a7d2-49a9-92bd-2e92fd622c58",
      "fromPort": "009ae9ee-c7e6-46ae-ab08-9cbb9ad36742",
      "toBlock": "3f568813-e7fa-4b27-8d6f-3dc505bb2bd6",
      "toPort": "input"
    },
    {
      "fromBlock": "af625a2d-49fa-4f62-810d-b68b85b4aac1",
      "fromPort": "addeb7db-cd94-4fba-8fae-20008aea2dda",
      "toBlock": "80c8d813-0042-4efe-b55f-5e75f8045923",
      "toPort": "input"
    },
    {
      "fromBlock": "af625a2d-49fa-4f62-810d-b68b85b4aac1",
      "fromPort": "23670765-4ae7-4317-825a-4df397b7fecd",
      "toBlock": "5aee6ceb-eac3-47bb-861c-82df1b1a589a",
      "toPort": "input"
    },
    {
      "fromBlock": "b5d97232-1ef5-4940-a820-d38a4a7e1231",
      "fromPort": "output",
      "toBlock": "99fd4da9-3a49-4457-9797-9f507e0fc30d",
      "toPort": "input"
    },
    {
      "fromBlock": "baccaad4-7b84-4c90-8bcf-4b34624e0abc",
      "fromPort": "output",
      "toBlock": "3900c015-5e4d-496a-9d1b-ce2ccc9edb4e",
      "toPort": "input"
    },
    {
      "fromBlock": "c224057a-3c3e-42e7-a129-7ec3bf71ee7d",
      "fromPort": "output",
      "toBlock": "2468693d-7bfb-40bb-996b-e8e954b382e9",
      "toPort": "input"
    },
    {
      "fromBlock": "dceab8ab-77f3-4c72-9441-8d78c2261c21",
      "fromPort": "output",
      "toBlock": "e95f6fdb-8e8f-4c7c-99ef-8f9a2689797d",
      "toPort": "input"
    },
    {
      "fromBlock": "e289dd7f-7184-466f-85cc-5a7b4f8195af",
      "fromPort": "output",
      "toBlock": "baccaad4-7b84-4c90-8bcf-4b34624e0abc",
      "toPort": "input"
    },
    {
      "fromBlock": "e95f6fdb-8e8f-4c7c-99ef-8f9a2689797d",
      "fromPort": "48a5727a-5f08-4de1-9949-58fc7f46eb6d",
      "toBlock": "a8fb6d9f-f04a-4f0c-9728-ac55accb31b2",
      "toPort": "input"
    },
    {
      "fromBlock": "e95f6fdb-8e8f-4c7c-99ef-8f9a2689797d",
      "fromPort": "output",
      "toBlock": "16862a1f-48e3-40ec-a509-cf99b302946a",
      "toPort": "input"
    },
    {
      "fromBlock": "eeb6ce79-efbe-48f5-bbb0-8321f6e07254",
      "fromPort": "output",
      "toBlock": "acb30d31-a7d2-49a9-92bd-2e92fd622c58",
      "toPort": "input"
    },
    {
      "fromBlock": "f036c654-17e1-4db4-b0b7-8a51550ea4a6",
      "fromPort": "output",
      "toBlock": "6d3b3350-687a-4f80-b5c6-30b095c4aa67",
      "toPort": "input"
    },
    {
      "fromBlock": "ffb5911e-05cb-436d-a4c6-0e2790e2c350",
      "fromPort": "output",
      "toBlock": "c224057a-3c3e-42e7-a129-7ec3bf71ee7d",
      "toPort": "input"
    },
    {
      "fromBlock": "13bdabdc-589d-446c-a775-92baa43f427a",
      "fromPort": "output",
      "toBlock": "53acf876-ac6e-4d38-8d44-19dfb945dea7",
      "toPort": "input"
    },
    {
      "fromBlock": "16862a1f-48e3-40ec-a509-cf99b302946a",
      "fromPort": "output",
      "toBlock": "a8fb6d9f-f04a-4f0c-9728-ac55accb31b2",
      "toPort": "input"
    },
    {
      "fromBlock": "23099d23-1f47-4f30-92f4-612571647d0c",
      "fromPort": "output",
      "toBlock": "3a2dc576-cd39-410f-a21c-d850687d1828",
      "toPort": "input"
    },
    {
      "fromBlock": "279de2f4-9128-4d59-9bc2-a05356be3627",
      "fromPort": "output",
      "toBlock": "3b8d2949-cb74-4ba0-a340-2609cf13748f",
      "toPort": "input"
    },
    {
      "fromBlock": "3248e71b-0669-46a0-9f31-5c2fcaa8852f",
      "fromPort": "output",
      "toBlock": "11e4edbb-a78d-497f-8926-f2483a5a9090",
      "toPort": "input"
    },
    {
      "fromBlock": "38b9b4cc-cbfa-46e9-84cb-6f7a44af037f",
      "fromPort": "output",
      "toBlock": "13bdabdc-589d-446c-a775-92baa43f427a",
      "toPort": "input"
    },
    {
      "fromBlock": "3a2dc576-cd39-410f-a21c-d850687d1828",
      "fromPort": "output",
      "toBlock": "570fcf85-89c7-418f-a3ad-e23b1a80f83c",
      "toPort": "input"
    },
    {
      "fromBlock": "3b8d2949-cb74-4ba0-a340-2609cf13748f",
      "fromPort": "output",
      "toBlock": "badf8f9c-2e46-43ad-b4c2-46f1823a4094",
      "toPort": "input"
    },
    {
      "fromBlock": "3f568813-e7fa-4b27-8d6f-3dc505bb2bd6",
      "fromPort": "output",
      "toBlock": "a1afbf3d-b1ee-4e9a-a43a-7e03cff571b0",
      "toPort": "input"
    },
    {
      "fromBlock": "49f8b6a0-d645-478a-a37e-6c8b8abfea41",
      "fromPort": "output",
      "toBlock": "dceab8ab-77f3-4c72-9441-8d78c2261c21",
      "toPort": "input"
    },
    {
      "fromBlock": "4cd9fb45-fca6-473c-878a-05ba4c7a7ee6",
      "fromPort": "output",
      "toBlock": "3fc265b0-46b9-4c63-a790-ef1dfcc38180",
      "toPort": "input"
    },
    {
      "fromBlock": "4ea57baf-7dae-4fdc-bc83-2e2dfa9e0e0c",
      "fromPort": "output",
      "toBlock": "49f8b6a0-d645-478a-a37e-6c8b8abfea41",
      "toPort": "input"
    },
    {
      "fromBlock": "53acf876-ac6e-4d38-8d44-19dfb945dea7",
      "fromPort": "output",
      "toBlock": "b5d97232-1ef5-4940-a820-d38a4a7e1231",
      "toPort": "input"
    },
    {
      "fromBlock": "570fcf85-89c7-418f-a3ad-e23b1a80f83c",
      "fromPort": "output",
      "toBlock": "4cd9fb45-fca6-473c-878a-05ba4c7a7ee6",
      "toPort": "input"
    },
    {
      "fromBlock": "5aee6ceb-eac3-47bb-861c-82df1b1a589a",
      "fromPort": "output",
      "toBlock": "9c352d7d-eccd-4b70-9566-9a601e9ef13c",
      "toPort": "input"
    },
    {
      "fromBlock": "5fe882cf-cc57-41fc-ad1a-8f45415f4520",
      "fromPort": "output",
      "toBlock": "af625a2d-49fa-4f62-810d-b68b85b4aac1",
      "toPort": "input"
    },
    {
      "fromBlock": "6d3b3350-687a-4f80-b5c6-30b095c4aa67",
      "fromPort": "output",
      "toBlock": "f185c29d-60d9-4cd1-b3dd-58dded549419",
      "toPort": "input"
    }
  ]
}