[
  {
    "baseType": 3,
    "name": "Assigned Group",
    "defaultValue": "",
    "description": "",
    "helpText": "",
    "isSystem": false,
    "minLength": 0,
    "maxLength": 2000,
    "validationRegex": "",
    "isValidate": false,
    "uuid": "557000bd-e51a-4971-be82-b40bc1ac925c"
  },
  {
    "baseType": 3,
    "name": "Assigned Group ID",
    "defaultValue": "",
    "description": "",
    "helpText": "",
    "isSystem": false,
    "minLength": 0,
    "maxLength": 200,
    "validationRegex": "",
    "isValidate": false,
    "uuid": "d3ba174e-6b7d-4647-b03a-186ac0a205bf"
  },
  {
    "baseType": 3,
    "name": "Assigned Group Shift ID",
    "defaultValue": "",
    "description": "",
    "helpText": "",
    "isSystem": false,
    "minLength": 0,
    "maxLength": 30,
    "validationRegex": "",
    "isValidate": false,
    "uuid": "37fca6f4-c8fc-4279-811c-3ca6c8f4b07e"
  },
  {
    "baseType": 3,
    "name": "Assigned Group Shift Name",
    "defaultValue": "",
    "description": "",
    "helpText": "",
    "isSystem": false,
    "minLength": 0,
    "maxLength": 2000,
    "validationRegex": "",
    "isValidate": false,
    "uuid": "c47ec647-a39a-4bfd-852e-309faf89f633"
  },
  {
    "baseType": 3,
    "name": "Assigned Support Company",
    "defaultValue": "",
    "description": "",
    "helpText": "",
    "isSystem": false,
    "minLength": 0,
    "maxLength": 2000,
    "validationRegex": "",
    "isValidate": false,
    "uuid": "91b52c20-d7c2-4fa1-ab15-cfdf16fe84e2"
  },
  {
    "baseType": 3,
    "name": "Assigned Support Organization",
    "defaultValue": "",
    "description": "",
    "helpText": "",
    "isSystem": false,
    "minLength": 0,
    "maxLength": 2000,
    "validationRegex": "",
    "isValidate": false,
    "uuid": "87eca2ef-4bc3-4754-876e-7768f823bea4"
  },
  {
    "baseType": 3,
    "name": "Assignee",
    "defaultValue": "",
    "description": "",
    "helpText": "",
    "isSystem": false,
    "minLength": 0,
    "maxLength": 2000,
    "validationRegex": "",
    "isValidate": false,
    "uuid": "831546f9-d58b-4efa-ba58-e17fe1be8da6"
  },
  {
    "baseType": 3,
    "name": "Assignee Login ID",
    "defaultValue": "",
    "description": "",
    "helpText": "",
    "isSystem": false,
    "minLength": 0,
    "maxLength": 20,
    "validationRegex": "",
    "isValidate": false,
    "uuid": "394d2072-e48d-423c-a184-c3d369cc5938"
  },
  {
    "baseType": 3,
    "name": "Categorization Tier 1",
    "defaultValue": "",
    "description": "",
    "helpText": "",
    "isSystem": false,
    "minLength": 0,
    "maxLength": 2000,
    "validationRegex": "",
    "isValidate": false,
    "uuid": "5d29553e-c04d-4c0c-943e-05ddba852b47"
  },
  {
    "baseType": 3,
    "name": "Categorization Tier 2",
    "defaultValue": "",
    "description": "",
    "helpText": "",
    "isSystem": false,
    "minLength": 0,
    "maxLength": 2000,
    "validationRegex": "",
    "isValidate": false,
    "uuid": "053785d8-8697-4ed0-a015-2fd56e44888e"
  },
  {
    "baseType": 3,
    "name": "Categorization Tier 3",
    "defaultValue": "",
    "description": "",
    "helpText": "",
    "isSystem": false,
    "minLength": 0,
    "maxLength": 2000,
    "validationRegex": "",
    "isValidate": false,
    "uuid": "8d4ab763-8cd3-47fd-9978-c2579e20fb6d"
  },
  {
    "baseType": 3,
    "name": "City",
    "defaultValue": "",
    "description": "",
    "helpText": "",
    "isSystem": false,
    "minLength": 0,
    "maxLength": 2000,
    "validationRegex": "",
    "isValidate": false,
    "uuid": "8f21e797-c609-4668-9006-bd0d5222dfa8"
  },
  {
    "baseType": 3,
    "name": "Closure Manufacturer",
    "defaultValue": "",
    "description": "",
    "helpText": "",
    "isSystem": false,
    "minLength": 0,
    "maxLength": 2000,
    "validationRegex": "",
    "isValidate": false,
    "uuid": "73de607f-f258-450b-af7a-19221e0da9bb"
  },
  {
    "baseType": 3,
    "name": "Closure Product Category Tier1",
    "defaultValue": "",
    "description": "",
    "helpText": "",
    "isSystem": false,
    "minLength": 0,
    "maxLength": 2000,
    "validationRegex": "",
    "isValidate": false,
    "uuid": "6b9940aa-1886-4c6f-a12c-cfde3fdd2ef9"
  },
  {
    "baseType": 3,
    "name": "Closure Product Category Tier2",
    "defaultValue": "",
    "description": "",
    "helpText": "",
    "isSystem": false,
    "minLength": 0,
    "maxLength": 2000,
    "validationRegex": "",
    "isValidate": false,
    "uuid": "fc5789db-923f-4f70-b3f5-f6ebab443b28"
  },
  {
    "baseType": 3,
    "name": "Closure Product Category Tier3",
    "defaultValue": "",
    "description": "",
    "helpText": "",
    "isSystem": false,
    "minLength": 0,
    "maxLength": 2000,
    "validationRegex": "",
    "isValidate": false,
    "uuid": "07aa3d09-273f-4795-947f-6bbed5a907c4"
  },
  {
    "baseType": 3,
    "name": "Closure Product Model/Version",
    "defaultValue": "",
    "description": "",
    "helpText": "",
    "isSystem": false,
    "minLength": 0,
    "maxLength": 2000,
    "validationRegex": "",
    "isValidate": false,
    "uuid": "59c91a37-d858-4575-a2d6-e7673ec510e7"
  },
  {
    "baseType": 3,
    "name": "Closure Product Name",
    "defaultValue": "",
    "description": "",
    "helpText": "",
    "isSystem": false,
    "minLength": 0,
    "maxLength": 2000,
    "validationRegex": "",
    "isValidate": false,
    "uuid": "2556c980-0ae8-4ba2-bf7e-4a6077484465"
  },
  {
    "baseType": 22,
    "name": "Company",
    "description": "",
    "helpText": "",
    "isSystem": false,
    "values": [
      {
        "value": "Acme Inc",
        "isDefault": false,
        "isVisible": true
      }
    ],
    "uuid": "6ba50667-fdfb-4815-aef5-5d9b3d48641d"
  },
  {
    "baseType": 3,
    "name": "Contact Company",
    "defaultValue": "",
    "description": "",
    "helpText": "",
    "isSystem": false,
    "minLength": 0,
    "maxLength": 2000,
    "validationRegex": "",
    "isValidate": false,
    "uuid": "9fe5f6d1-83a3-4e81-ac90-02fa6b47604e"
  },
  {
    "baseType": 3,
    "name": "Contact Organization",
    "defaultValue": "",
    "description": "",
    "helpText": "",
    "isSystem": false,
    "minLength": 0,
    "maxLength": 2000,
    "validationRegex": "",
    "isValidate": false,
    "uuid": "615f562b-de7d-4254-b81e-3c38402acd58"
  },
  {
    "baseType": 22,
    "name": "Contact Sensitivity",
    "description": "",
    "helpText": "",
    "isSystem": false,
    "values": [
      {
        "value": "Standard",
        "isDefault": false,
        "isVisible": true
      },
      {
        "value": "Sensitive",
        "isDefault": false,
        "isVisible": true
      }
    ],
    "uuid": "8eb4902e-83c6-4875-acc5-8ecacb74e696"
  },
  {
    "baseType": 3,
    "name": "Country",
    "defaultValue": "",
    "description": "",
    "helpText": "",
    "isSystem": false,
    "minLength": 0,
    "maxLength": 2000,
    "validationRegex": "",
    "isValidate": false,
    "uuid": "f31b6d5e-e468-462d-b0bf-d2e2f5ffe6b3"
  },
  {
    "baseType": 3,
    "name": "Department",
    "defaultValue": "",
    "description": "",
    "helpText": "",
    "isSystem": false,
    "minLength": 0,
    "maxLength": 2000,
    "validationRegex": "",
    "isValidate": false,
    "uuid": "200a5d97-a665-4bde-90f3-2bdeac7e60b9"
  },
  {
    "baseType": 3,
    "name": "Description",
    "defaultValue": "",
    "description": "Remedy 'Summary'",
    "helpText": "",
    "isSystem": false,
    "minLength": 0,
    "maxLength": 2000,
    "validationRegex": "",
    "isValidate": false,
    "uuid": "9a1cc7b1-b4fd-4e52-bb48-4f3117a3c8e3"
  },
  {
    "baseType": 3,
    "name": "Detailed Decription",
    "defaultValue": "",
    "description": "Remedy 'Notes'. This property is incorrectly spelled in Remedy as \"Detailed Decription\"",
    "helpText": "",
    "isSystem": false,
    "minLength": 0,
    "maxLength": 2000,
    "validationRegex": "",
    "isValidate": false,
    "uuid": "b37f6de6-d129-497e-ac36-10aee3bcd6c1"
  },
  {
    "baseType": 3,
    "name": "Direct Contact First Name",
    "defaultValue": "",
    "description": "",
    "helpText": "",
    "isSystem": false,
    "minLength": 0,
    "maxLength": 2000,
    "validationRegex": "",
    "isValidate": false,
    "uuid": "8f80239b-8b40-463a-81c9-f4645f915541"
  },
  {
    "baseType": 3,
    "name": "Direct Contact Last Name",
    "defaultValue": "",
    "description": "",
    "helpText": "",
    "isSystem": false,
    "minLength": 0,
    "maxLength": 2000,
    "validationRegex": "",
    "isValidate": false,
    "uuid": "b66c1acf-191d-47ea-acae-69d3787ea572"
  },
  {
    "baseType": 3,
    "name": "Direct Contact Phone Number",
    "defaultValue": "",
    "description": "",
    "helpText": "",
    "isSystem": false,
    "minLength": 0,
    "maxLength": 2000,
    "validationRegex": "",
    "isValidate": false,
    "uuid": "eb2e90c1-418b-400a-a406-9cac338a50ec"
  },
  {
    "baseType": 3,
    "name": "Engage_Message",
    "defaultValue": "",
    "description": "",
    "helpText": "",
    "isSystem": false,
    "minLength": 0,
    "maxLength": 20000,
    "validationRegex": "",
    "isValidate": false,
    "uuid": "8d5ce897-bbfe-44d4-acc4-d1df870464a3"
  },
  {
    "baseType": 3,
    "name": "Engage_Subject",
    "defaultValue": "",
    "description": "",
    "helpText": "",
    "isSystem": false,
    "minLength": 0,
    "maxLength": 100,
    "validationRegex": "",
    "isValidate": false,
    "uuid": "ee23c736-98f6-4e9c-aa83-c790ca1f6ea8"
  },
  {
    "baseType": 3,
    "name": "Engage_Targets",
    "defaultValue": "",
    "description": "",
    "helpText": "",
    "isSystem": false,
    "minLength": 0,
    "maxLength": 2000,
    "validationRegex": "",
    "isValidate": false,
    "uuid": "98e96045-cd24-48fc-bedd-ebf871947cd3"
  },
  {
    "baseType": 3,
    "name": "Environment",
    "defaultValue": "",
    "description": "",
    "helpText": "",
    "isSystem": false,
    "minLength": 0,
    "maxLength": 30,
    "validationRegex": "",
    "isValidate": false,
    "uuid": "debaabe8-0856-4a65-aa7e-42f6312a1520"
  },
  {
    "baseType": 22,
    "name": "Escalated",
    "description": "",
    "helpText": "",
    "isSystem": false,
    "values": [
      {
        "value": "Yes",
        "isDefault": false,
        "isVisible": true
      },
      {
        "value": "No",
        "isDefault": false,
        "isVisible": true
      }
    ],
    "uuid": "77fabe6a-6be5-441a-8b72-62e900f68659"
  },
  {
    "baseType": 21,
    "name": "Escalations ESC tags",
    "description": "",
    "helpText": "",
    "isSystem": false,
    "values": [
      {
        "value": "ESC1",
        "isDefault": false,
        "isVisible": true
      },
      {
        "value": "ESC2",
        "isDefault": false,
        "isVisible": true
      },
      {
        "value": "ESC3",
        "isDefault": false,
        "isVisible": true
      }
    ],
    "uuid": "45ca7eaf-2406-409a-a06a-12190adf1a0e"
  },
  {
    "baseType": 3,
    "name": "First Name",
    "defaultValue": "",
    "description": "",
    "helpText": "",
    "isSystem": false,
    "minLength": 0,
    "maxLength": 2000,
    "validationRegex": "",
    "isValidate": false,
    "uuid": "d4cd936d-4cba-41be-aa83-efa2f3e52020"
  },
  {
    "baseType": 3,
    "name": "HPD_CI",
    "defaultValue": "",
    "description": "",
    "helpText": "",
    "isSystem": false,
    "minLength": 0,
    "maxLength": 2000,
    "validationRegex": "",
    "isValidate": false,
    "uuid": "b877e0ac-2085-4499-864d-31109738b9bb"
  },
  {
    "baseType": 22,
    "name": "Impact",
    "description": "",
    "helpText": "",
    "isSystem": false,
    "values": [
      {
        "value": "1-Extensive/Widespread",
        "isDefault": false,
        "isVisible": true
      },
      {
        "value": "2-Significant/Large",
        "isDefault": false,
        "isVisible": true
      },
      {
        "value": "3-Moderate/Limited",
        "isDefault": false,
        "isVisible": true
      },
      {
        "value": "4-Minor/Localized",
        "isDefault": false,
        "isVisible": true
      }
    ],
    "uuid": "b4ca99c5-d637-42c3-aca4-7c2664cbd699"
  },
  {
    "baseType": 3,
    "name": "Incident Number",
    "defaultValue": "",
    "description": "",
    "helpText": "",
    "isSystem": false,
    "minLength": 0,
    "maxLength": 2000,
    "validationRegex": "",
    "isValidate": false,
    "uuid": "423e8b4c-f962-4727-8619-231268986876"
  },
  {
    "baseType": 3,
    "name": "Last Name",
    "defaultValue": "",
    "description": "",
    "helpText": "",
    "isSystem": false,
    "minLength": 0,
    "maxLength": 2000,
    "validationRegex": "",
    "isValidate": false,
    "uuid": "51a883ab-8285-46cb-ac0f-97e4330d5bca"
  },
  {
    "baseType": 3,
    "name": "Manufacturer",
    "defaultValue": "",
    "description": "",
    "helpText": "",
    "isSystem": false,
    "minLength": 0,
    "maxLength": 2000,
    "validationRegex": "",
    "isValidate": false,
    "uuid": "fe0c2fdb-fd2f-476a-a7ee-ae112733b0c5"
  },
  {
    "baseType": 3,
    "name": "Middle Initial",
    "defaultValue": "",
    "description": "",
    "helpText": "",
    "isSystem": false,
    "minLength": 0,
    "maxLength": 2000,
    "validationRegex": "",
    "isValidate": false,
    "uuid": "6c95bea9-6411-4e3e-b7aa-6e2fdb3b864f"
  },
  {
    "baseType": 3,
    "name": "Notes",
    "defaultValue": "",
    "description": "",
    "helpText": "",
    "isSystem": false,
    "minLength": 0,
    "maxLength": 2000,
    "validationRegex": "",
    "isValidate": false,
    "uuid": "44bfd36f-63a9-41fc-9538-fdbc0399c753"
  },
  {
    "baseType": 3,
    "name": "Owner FullName",
    "defaultValue": "",
    "description": "",
    "helpText": "",
    "isSystem": false,
    "minLength": 0,
    "maxLength": 200,
    "validationRegex": "",
    "isValidate": false,
    "uuid": "dbbcb1d6-6a47-4f6b-8640-9ace458f1961"
  },
  {
    "baseType": 3,
    "name": "Owner Group",
    "defaultValue": "",
    "description": "",
    "helpText": "",
    "isSystem": false,
    "minLength": 0,
    "maxLength": 300,
    "validationRegex": "",
    "isValidate": false,
    "uuid": "77b9b656-9c72-413c-89a2-c6646581bbd4"
  },
  {
    "baseType": 3,
    "name": "Owner Group ID",
    "defaultValue": "",
    "description": "",
    "helpText": "",
    "isSystem": false,
    "minLength": 0,
    "maxLength": 50,
    "validationRegex": "",
    "isValidate": false,
    "uuid": "3adac537-41af-4258-a2fe-0b4bf459580a"
  },
  {
    "baseType": 3,
    "name": "Owner Login",
    "defaultValue": "",
    "description": "",
    "helpText": "",
    "isSystem": false,
    "minLength": 0,
    "maxLength": 30,
    "validationRegex": "",
    "isValidate": false,
    "uuid": "ff8df288-80e8-4ed9-8888-9015688a8c9d"
  },
  {
    "baseType": 3,
    "name": "Owner Support Company",
    "defaultValue": "",
    "description": "",
    "helpText": "",
    "isSystem": false,
    "minLength": 0,
    "maxLength": 100,
    "validationRegex": "",
    "isValidate": false,
    "uuid": "f271d880-6dcd-4858-8d54-484e655b5dd7"
  },
  {
    "baseType": 3,
    "name": "Owner Support Organization",
    "defaultValue": "",
    "description": "",
    "helpText": "",
    "isSystem": false,
    "minLength": 0,
    "maxLength": 100,
    "validationRegex": "",
    "isValidate": false,
    "uuid": "d95157e3-1193-46df-bd8a-f24ccc16faf3"
  },
  {
    "baseType": 3,
    "name": "Phone Number",
    "defaultValue": "",
    "description": "",
    "helpText": "",
    "isSystem": false,
    "minLength": 0,
    "maxLength": 20,
    "validationRegex": "",
    "isValidate": false,
    "uuid": "0ac90c7b-7a7f-4c93-9c78-d369e5b787e8"
  },
  {
    "baseType": 22,
    "name": "Priority",
    "description": "",
    "helpText": "",
    "isSystem": false,
    "values": [
      {
        "value": "Critical",
        "isDefault": false,
        "isVisible": true
      },
      {
        "value": "High",
        "isDefault": false,
        "isVisible": true
      },
      {
        "value": "Medium",
        "isDefault": false,
        "isVisible": true
      },
      {
        "value": "Low",
        "isDefault": false,
        "isVisible": true
      }
    ],
    "uuid": "1eec31a0-fb4e-453c-8830-107756c27fcf"
  },
  {
    "baseType": 3,
    "name": "Priority_Short",
    "defaultValue": "",
    "description": "",
    "helpText": "",
    "isSystem": false,
    "minLength": 0,
    "maxLength": 10,
    "validationRegex": "",
    "isValidate": false,
    "uuid": "d2fe1be0-6146-410e-bec8-27a66ca665ab"
  },
  {
    "baseType": 22,
    "name": "Priority_Short_List",
    "description": "",
    "helpText": "",
    "isSystem": false,
    "values": [
      {
        "value": "P1",
        "isDefault": false,
        "isVisible": true
      },
      {
        "value": "P2",
        "isDefault": false,
        "isVisible": true
      },
      {
        "value": "P3",
        "isDefault": false,
        "isVisible": true
      },
      {
        "value": "P4",
        "isDefault": false,
        "isVisible": true
      },
      {
        "value": "P5",
        "isDefault": false,
        "isVisible": true
      }
    ],
    "uuid": "7b334221-8791-45bd-aa60-aad877d9d02a"
  },
  {
    "baseType": 3,
    "name": "Priority Weight",
    "defaultValue": "",
    "description": "",
    "helpText": "",
    "isSystem": false,
    "minLength": 0,
    "maxLength": 10,
    "validationRegex": "",
    "isValidate": false,
    "uuid": "87ffdf78-4dbb-4ff6-81f5-8c67815a72d3"
  },
  {
    "baseType": 3,
    "name": "Product Categorization Tier 1",
    "defaultValue": "",
    "description": "",
    "helpText": "",
    "isSystem": false,
    "minLength": 0,
    "maxLength": 2000,
    "validationRegex": "",
    "isValidate": false,
    "uuid": "1ec2d57b-86f9-4de7-9a35-c5ef289b6bac"
  },
  {
    "baseType": 3,
    "name": "Product Categorization Tier 2",
    "defaultValue": "",
    "description": "",
    "helpText": "",
    "isSystem": false,
    "minLength": 0,
    "maxLength": 2000,
    "validationRegex": "",
    "isValidate": false,
    "uuid": "48bb7284-3b33-403f-b770-bc76c6653b31"
  },
  {
    "baseType": 3,
    "name": "Product Categorization Tier 3",
    "defaultValue": "",
    "description": "",
    "helpText": "",
    "isSystem": false,
    "minLength": 0,
    "maxLength": 2000,
    "validationRegex": "",
    "isValidate": false,
    "uuid": "f3ddceef-db85-43fe-85fb-d22407ca1abc"
  },
  {
    "baseType": 3,
    "name": "Product Model/Version",
    "defaultValue": "",
    "description": "",
    "helpText": "",
    "isSystem": false,
    "minLength": 0,
    "maxLength": 2000,
    "validationRegex": "",
    "isValidate": false,
    "uuid": "5300e6cf-311f-450c-9d87-72caa3b9a55c"
  },
  {
    "baseType": 3,
    "name": "Product Name",
    "defaultValue": "",
    "description": "",
    "helpText": "",
    "isSystem": false,
    "minLength": 0,
    "maxLength": 2000,
    "validationRegex": "",
    "isValidate": false,
    "uuid": "1fce60c4-b030-43fc-8a0a-b9e0d04a6e39"
  },
  {
    "baseType": 3,
    "name": "Region",
    "defaultValue": "",
    "description": "",
    "helpText": "",
    "isSystem": false,
    "minLength": 0,
    "maxLength": 2000,
    "validationRegex": "",
    "isValidate": false,
    "uuid": "7370a102-790b-4fbc-8a71-406386666bfe"
  },
  {
    "baseType": 3,
    "name": "Reported Date",
    "defaultValue": "",
    "description": "",
    "helpText": "",
    "isSystem": false,
    "minLength": 0,
    "maxLength": 30,
    "validationRegex": "",
    "isValidate": false,
    "uuid": "c876f5a3-2719-4638-8460-79b542f8429d"
  },
  {
    "baseType": 22,
    "name": "Reported Source",
    "description": "",
    "helpText": "",
    "isSystem": false,
    "values": [
      {
        "value": "Direct Input",
        "isDefault": false,
        "isVisible": true
      },
      {
        "value": "Email",
        "isDefault": false,
        "isVisible": true
      },
      {
        "value": "External Escalation",
        "isDefault": false,
        "isVisible": true
      },
      {
        "value": "Fax",
        "isDefault": false,
        "isVisible": true
      },
      {
        "value": "Self Service",
        "isDefault": false,
        "isVisible": true
      },
      {
        "value": "Systems Management",
        "isDefault": false,
        "isVisible": true
      },
      {
        "value": "Phone",
        "isDefault": false,
        "isVisible": true
      },
      {
        "value": "Voice Mail",
        "isDefault": false,
        "isVisible": true
      },
      {
        "value": "Walk In",
        "isDefault": false,
        "isVisible": true
      },
      {
        "value": "Web",
        "isDefault": false,
        "isVisible": true
      },
      {
        "value": "Other",
        "isDefault": false,
        "isVisible": true
      }
    ],
    "uuid": "9910dd6b-24d8-43bc-b669-3f8717e65989"
  },
  {
    "baseType": 3,
    "name": "Request ID",
    "defaultValue": "",
    "description": "Unique identifier/entity ID for use by REST calls.",
    "helpText": "",
    "isSystem": false,
    "minLength": 0,
    "maxLength": 200,
    "validationRegex": "",
    "isValidate": false,
    "uuid": "5579b871-256d-42a2-bfab-0e493e3e90ad"
  },
  {
    "baseType": 3,
    "name": "Resolution",
    "defaultValue": "",
    "description": "",
    "helpText": "",
    "isSystem": false,
    "minLength": 0,
    "maxLength": 2000,
    "validationRegex": "",
    "isValidate": false,
    "uuid": "7b2090f2-c10a-4dde-b91c-50b353b51d2a"
  },
  {
    "baseType": 3,
    "name": "Resolution Category",
    "defaultValue": "",
    "description": "",
    "helpText": "",
    "isSystem": false,
    "minLength": 0,
    "maxLength": 2000,
    "validationRegex": "",
    "isValidate": false,
    "uuid": "701aab51-1f64-4f88-9bae-995de591f8be"
  },
  {
    "baseType": 3,
    "name": "Resolution Category Tier 2",
    "defaultValue": "",
    "description": "",
    "helpText": "",
    "isSystem": false,
    "minLength": 0,
    "maxLength": 2000,
    "validationRegex": "",
    "isValidate": false,
    "uuid": "d9c2a235-ecd5-4fde-862d-d6cfbb4dd9f5"
  },
  {
    "baseType": 3,
    "name": "Resolution Category Tier 3",
    "defaultValue": "",
    "description": "",
    "helpText": "",
    "isSystem": false,
    "minLength": 0,
    "maxLength": 2000,
    "validationRegex": "",
    "isValidate": false,
    "uuid": "eed77d0a-8e46-4e5c-a968-21afbc90129c"
  },
  {
    "baseType": 3,
    "name": "Resolution Method",
    "defaultValue": "",
    "description": "",
    "helpText": "",
    "isSystem": false,
    "minLength": 0,
    "maxLength": 2000,
    "validationRegex": "",
    "isValidate": false,
    "uuid": "1203c3e7-bc00-44b6-8b97-183497c720de"
  },
  {
    "baseType": 3,
    "name": "ServiceCI",
    "defaultValue": "",
    "description": "",
    "helpText": "",
    "isSystem": false,
    "minLength": 0,
    "maxLength": 2000,
    "validationRegex": "",
    "isValidate": false,
    "uuid": "9f37f4d2-1662-4e99-aca0-f6124c2444df"
  },
  {
    "baseType": 22,
    "name": "Service Type",
    "description": "",
    "helpText": "",
    "isSystem": false,
    "values": [
      {
        "value": "User Service Restoration",
        "isDefault": false,
        "isVisible": true
      },
      {
        "value": "User Service Request",
        "isDefault": false,
        "isVisible": true
      },
      {
        "value": "Infrastructure Restoration",
        "isDefault": false,
        "isVisible": true
      },
      {
        "value": "Infrastructure Event",
        "isDefault": false,
        "isVisible": true
      }
    ],
    "uuid": "397fbb75-f75e-4041-a60e-898375b9686b"
  },
  {
    "baseType": 3,
    "name": "Site",
    "defaultValue": "",
    "description": "",
    "helpText": "",
    "isSystem": false,
    "minLength": 0,
    "maxLength": 2000,
    "validationRegex": "",
    "isValidate": false,
    "uuid": "441a4301-7a1a-4d3f-ae24-c07e3af10e58"
  },
  {
    "baseType": 3,
    "name": "Site Group",
    "defaultValue": "",
    "description": "",
    "helpText": "",
    "isSystem": false,
    "minLength": 0,
    "maxLength": 2000,
    "validationRegex": "",
    "isValidate": false,
    "uuid": "fa8e93f0-b3bb-48ef-9f6b-a16ced0ae331"
  },
  {
    "baseType": 3,
    "name": "Site ID",
    "defaultValue": "",
    "description": "",
    "helpText": "",
    "isSystem": false,
    "minLength": 0,
    "maxLength": 30,
    "validationRegex": "",
    "isValidate": false,
    "uuid": "872b6c1f-6cef-4f93-b16c-1bd75f5a5cb2"
  },
  {
    "baseType": 22,
    "name": "SLM Status",
    "description": "",
    "helpText": "",
    "isSystem": false,
    "values": [
      {
        "value": "No Service Target Assigned",
        "isDefault": false,
        "isVisible": true
      },
      {
        "value": "Within the Service Target",
        "isDefault": false,
        "isVisible": true
      },
      {
        "value": "Service Target Warning",
        "isDefault": false,
        "isVisible": true
      },
      {
        "value": "Service Targets Breached",
        "isDefault": false,
        "isVisible": true
      },
      {
        "value": "All Service Targets Breached",
        "isDefault": false,
        "isVisible": true
      }
    ],
    "uuid": "f5f92c05-1881-4771-94c2-dcfe0a0c8554"
  },
  {
    "baseType": 22,
    "name": "Status",
    "description": "",
    "helpText": "",
    "isSystem": false,
    "values": [
      {
        "value": "New",
        "isDefault": false,
        "isVisible": true
      },
      {
        "value": "Assigned",
        "isDefault": false,
        "isVisible": true
      },
      {
        "value": "In Progress",
        "isDefault": false,
        "isVisible": true
      },
      {
        "value": "Pending",
        "isDefault": false,
        "isVisible": true
      },
      {
        "value": "Resolved",
        "isDefault": false,
        "isVisible": true
      },
      {
        "value": "Closed",
        "isDefault": false,
        "isVisible": true
      },
      {
        "value": "Cancelled",
        "isDefault": false,
        "isVisible": true
      }
    ],
    "uuid": "86323d28-e5e8-402a-af2d-b834973e8e17"
  },
  {
    "baseType": 22,
    "name": "Status_Reason",
    "description": "",
    "helpText": "",
    "isSystem": false,
    "values": [
      {
        "value": "Automated Resolution Reported",
        "isDefault": false,
        "isVisible": true
      },
      {
        "value": "Client Action Required",
        "isDefault": false,
        "isVisible": true
      },
      {
        "value": "Client Hold",
        "isDefault": false,
        "isVisible": true
      },
      {
        "value": "Customer Follow-Up Required",
        "isDefault": false,
        "isVisible": true
      },
      {
        "value": "Future Enhancement",
        "isDefault": false,
        "isVisible": true
      },
      {
        "value": "Infrastructure Change",
        "isDefault": false,
        "isVisible": true
      },
      {
        "value": "Infrastructure Change Created",
        "isDefault": false,
        "isVisible": true
      },
      {
        "value": "Local Site Action Required",
        "isDefault": false,
        "isVisible": true
      },
      {
        "value": "Monitoring Incident",
        "isDefault": false,
        "isVisible": true
      },
      {
        "value": "No further Action Required",
        "isDefault": false,
        "isVisible": true
      },
      {
        "value": "No longer a Causal CI",
        "isDefault": false,
        "isVisible": true
      },
      {
        "value": "Purchase Order Approval",
        "isDefault": false,
        "isVisible": true
      },
      {
        "value": "Registration Approval",
        "isDefault": false,
        "isVisible": true
      },
      {
        "value": "Request",
        "isDefault": false,
        "isVisible": true
      },
      {
        "value": "Supplier Delivery",
        "isDefault": false,
        "isVisible": true
      },
      {
        "value": "Support Contact Hold",
        "isDefault": false,
        "isVisible": true
      },
      {
        "value": "Temporary Corrective Action",
        "isDefault": false,
        "isVisible": true
      },
      {
        "value": "Third Party Vendor Action Required",
        "isDefault": false,
        "isVisible": true
      }
    ],
    "uuid": "e3fa704a-4dff-4f24-a02c-0b40df4b5d5b"
  },
  {
    "baseType": 3,
    "name": "Summary",
    "defaultValue": "",
    "description": "",
    "helpText": "",
    "isSystem": false,
    "minLength": 0,
    "maxLength": 2000,
    "validationRegex": "",
    "isValidate": false,
    "uuid": "8851d881-0711-4efd-bcf9-0b448083fdf4"
  },
  {
    "baseType": 3,
    "name": "ticketLink",
    "defaultValue": "",
    "description": "Direct URL to ticket",
    "helpText": "",
    "isSystem": false,
    "minLength": 0,
    "maxLength": 20000,
    "validationRegex": "",
    "isValidate": false,
    "uuid": "337bd39e-0d97-4b05-9d7f-6fd137cf2e46"
  },
  {
    "baseType": 22,
    "name": "Urgency",
    "description": "",
    "helpText": "",
    "isSystem": false,
    "values": [
      {
        "value": "1-Critical",
        "isDefault": false,
        "isVisible": true
      },
      {
        "value": "2-High",
        "isDefault": false,
        "isVisible": true
      },
      {
        "value": "3-Medium",
        "isDefault": false,
        "isVisible": true
      },
      {
        "value": "4-Low",
        "isDefault": false,
        "isVisible": true
      }
    ],
    "uuid": "863ede77-1a13-40b0-81b4-d7bce0d3eea1"
  },
  {
    "baseType": 22,
    "name": "VIP",
    "description": "",
    "helpText": "",
    "isSystem": false,
    "values": [
      {
        "value": "No",
        "isDefault": false,
        "isVisible": true
      },
      {
        "value": "Yes",
        "isDefault": false,
        "isVisible": true
      }
    ],
    "uuid": "59d4a7c9-8a5a-4792-adda-caf89e513c62"
  },
  {
    "baseType": 3,
    "name": "xM_Remedy_Action",
    "defaultValue": "",
    "description": "Type of Incident notification: New, Reopened, etc.",
    "helpText": "",
    "isSystem": false,
    "minLength": 0,
    "maxLength": 100,
    "validationRegex": "",
    "isValidate": false,
    "uuid": "6581b35b-5e0a-43bc-ae22-e5165a17aae3"
  }
]