[
  {
    "baseType": 3,
    "name": "Assigned Group",
    "defaultValue": "",
    "description": "",
    "helpText": "",
    "isSystem": false,
    "minLength": 0,
    "maxLength": 2000,
    "validationRegex": "",
    "isValidate": false,
    "uuid": "21b8121d-8600-4e28-bb10-d17f4cf94990"
  },
  {
    "baseType": 3,
    "name": "Assigned Group ID",
    "defaultValue": "",
    "description": "",
    "helpText": "",
    "isSystem": false,
    "minLength": 0,
    "maxLength": 200,
    "validationRegex": "",
    "isValidate": false,
    "uuid": "e5e7e05d-461c-45da-a02f-52994f582318"
  },
  {
    "baseType": 3,
    "name": "Assigned Group Shift ID",
    "defaultValue": "",
    "description": "",
    "helpText": "",
    "isSystem": false,
    "minLength": 0,
    "maxLength": 30,
    "validationRegex": "",
    "isValidate": false,
    "uuid": "4349e192-1ec7-47c5-b54f-188cc8396231"
  },
  {
    "baseType": 3,
    "name": "Assigned Group Shift Name",
    "defaultValue": "",
    "description": "",
    "helpText": "",
    "isSystem": false,
    "minLength": 0,
    "maxLength": 2000,
    "validationRegex": "",
    "isValidate": false,
    "uuid": "39553442-67eb-4df8-b881-5394250f1b28"
  },
  {
    "baseType": 3,
    "name": "Assigned Support Company",
    "defaultValue": "",
    "description": "",
    "helpText": "",
    "isSystem": false,
    "minLength": 0,
    "maxLength": 2000,
    "validationRegex": "",
    "isValidate": false,
    "uuid": "2ae29c40-0e75-4b18-90ef-a5c05e819612"
  },
  {
    "baseType": 3,
    "name": "Assigned Support Organization",
    "defaultValue": "",
    "description": "",
    "helpText": "",
    "isSystem": false,
    "minLength": 0,
    "maxLength": 2000,
    "validationRegex": "",
    "isValidate": false,
    "uuid": "d4c889e9-5ca3-4ee0-bd5a-facea980b658"
  },
  {
    "baseType": 3,
    "name": "Assignee",
    "defaultValue": "",
    "description": "",
    "helpText": "",
    "isSystem": false,
    "minLength": 0,
    "maxLength": 2000,
    "validationRegex": "",
    "isValidate": false,
    "uuid": "7f80a240-b458-4f3a-8a74-a6580c37a389"
  },
  {
    "baseType": 3,
    "name": "Assignee Login ID",
    "defaultValue": "",
    "description": "",
    "helpText": "",
    "isSystem": false,
    "minLength": 0,
    "maxLength": 20,
    "validationRegex": "",
    "isValidate": false,
    "uuid": "572eef1d-b8d7-403e-ada7-63cf03925069"
  },
  {
    "baseType": 3,
    "name": "Categorization Tier 1",
    "defaultValue": "",
    "description": "",
    "helpText": "",
    "isSystem": false,
    "minLength": 0,
    "maxLength": 2000,
    "validationRegex": "",
    "isValidate": false,
    "uuid": "dce19cfb-9929-4a6b-a338-6b5c0cc7d4e3"
  },
  {
    "baseType": 3,
    "name": "Categorization Tier 2",
    "defaultValue": "",
    "description": "",
    "helpText": "",
    "isSystem": false,
    "minLength": 0,
    "maxLength": 2000,
    "validationRegex": "",
    "isValidate": false,
    "uuid": "e65827c8-bccd-477d-a365-f8c978f92264"
  },
  {
    "baseType": 3,
    "name": "Categorization Tier 3",
    "defaultValue": "",
    "description": "",
    "helpText": "",
    "isSystem": false,
    "minLength": 0,
    "maxLength": 2000,
    "validationRegex": "",
    "isValidate": false,
    "uuid": "ee7c7fe8-a6dc-48bb-9ed0-299f704f1ac0"
  },
  {
    "baseType": 3,
    "name": "City",
    "defaultValue": "",
    "description": "",
    "helpText": "",
    "isSystem": false,
    "minLength": 0,
    "maxLength": 2000,
    "validationRegex": "",
    "isValidate": false,
    "uuid": "a520f4c5-f936-46ec-8bf0-9ec7d85241ae"
  },
  {
    "baseType": 3,
    "name": "Closure Manufacturer",
    "defaultValue": "",
    "description": "",
    "helpText": "",
    "isSystem": false,
    "minLength": 0,
    "maxLength": 2000,
    "validationRegex": "",
    "isValidate": false,
    "uuid": "73da4b44-f8d2-4f4d-9012-05d22cef41b2"
  },
  {
    "baseType": 3,
    "name": "Closure Product Category Tier1",
    "defaultValue": "",
    "description": "",
    "helpText": "",
    "isSystem": false,
    "minLength": 0,
    "maxLength": 2000,
    "validationRegex": "",
    "isValidate": false,
    "uuid": "10687b62-a0a9-4fb5-9472-7053a9152f68"
  },
  {
    "baseType": 3,
    "name": "Closure Product Category Tier2",
    "defaultValue": "",
    "description": "",
    "helpText": "",
    "isSystem": false,
    "minLength": 0,
    "maxLength": 2000,
    "validationRegex": "",
    "isValidate": false,
    "uuid": "f43153b9-57a3-4c71-b139-8c865a413300"
  },
  {
    "baseType": 3,
    "name": "Closure Product Category Tier3",
    "defaultValue": "",
    "description": "",
    "helpText": "",
    "isSystem": false,
    "minLength": 0,
    "maxLength": 2000,
    "validationRegex": "",
    "isValidate": false,
    "uuid": "3afd782b-fdc4-476b-9a41-3ba470e6190c"
  },
  {
    "baseType": 3,
    "name": "Closure Product Model/Version",
    "defaultValue": "",
    "description": "",
    "helpText": "",
    "isSystem": false,
    "minLength": 0,
    "maxLength": 2000,
    "validationRegex": "",
    "isValidate": false,
    "uuid": "c62215b4-46a2-4e41-ae63-8d33f7919d41"
  },
  {
    "baseType": 3,
    "name": "Closure Product Name",
    "defaultValue": "",
    "description": "",
    "helpText": "",
    "isSystem": false,
    "minLength": 0,
    "maxLength": 2000,
    "validationRegex": "",
    "isValidate": false,
    "uuid": "1aae17d7-eca9-4da5-ac3d-9c211de794a5"
  },
  {
    "baseType": 22,
    "name": "Company",
    "description": "",
    "helpText": "",
    "isSystem": false,
    "values": [
      {
        "value": "Calbro Services",
        "isDefault": false,
        "isVisible": true
      }
    ],
    "uuid": "c3d03efd-e9c5-40ee-bcd6-6477be97fe25"
  },
  {
    "baseType": 3,
    "name": "Contact Company",
    "defaultValue": "",
    "description": "",
    "helpText": "",
    "isSystem": false,
    "minLength": 0,
    "maxLength": 2000,
    "validationRegex": "",
    "isValidate": false,
    "uuid": "d40f35c0-8c78-49fe-a01f-ebbc27b9a449"
  },
  {
    "baseType": 3,
    "name": "Contact Organization",
    "defaultValue": "",
    "description": "",
    "helpText": "",
    "isSystem": false,
    "minLength": 0,
    "maxLength": 2000,
    "validationRegex": "",
    "isValidate": false,
    "uuid": "77c2d193-02b5-463d-abd3-88f949a6ac21"
  },
  {
    "baseType": 22,
    "name": "Contact Sensitivity",
    "description": "",
    "helpText": "",
    "isSystem": false,
    "values": [
      {
        "value": "Standard",
        "isDefault": false,
        "isVisible": true
      },
      {
        "value": "Sensitive",
        "isDefault": false,
        "isVisible": true
      }
    ],
    "uuid": "5043c399-7505-49e0-bc85-0ca351d7ebc7"
  },
  {
    "baseType": 3,
    "name": "Country",
    "defaultValue": "",
    "description": "",
    "helpText": "",
    "isSystem": false,
    "minLength": 0,
    "maxLength": 2000,
    "validationRegex": "",
    "isValidate": false,
    "uuid": "73773b1b-0f05-4fb1-8388-4b15b18e77a7"
  },
  {
    "baseType": 3,
    "name": "Department",
    "defaultValue": "",
    "description": "",
    "helpText": "",
    "isSystem": false,
    "minLength": 0,
    "maxLength": 2000,
    "validationRegex": "",
    "isValidate": false,
    "uuid": "bcb199ed-27d7-4858-81d4-6eae881bdfc3"
  },
  {
    "baseType": 3,
    "name": "Description",
    "defaultValue": "",
    "description": "Remedy 'Summary'",
    "helpText": "",
    "isSystem": false,
    "minLength": 0,
    "maxLength": 2000,
    "validationRegex": "",
    "isValidate": false,
    "uuid": "cd152850-c972-4edc-890d-6fabfd84a951"
  },
  {
    "baseType": 3,
    "name": "Detailed Decription",
    "defaultValue": "",
    "description": "Remedy 'Notes'. This property is incorrectly spelled in Remedy as \"Detailed Decription\"",
    "helpText": "",
    "isSystem": false,
    "minLength": 0,
    "maxLength": 2000,
    "validationRegex": "",
    "isValidate": false,
    "uuid": "193073fe-86d5-410a-8cc0-d417fc757b55"
  },
  {
    "baseType": 3,
    "name": "Direct Contact First Name",
    "defaultValue": "",
    "description": "",
    "helpText": "",
    "isSystem": false,
    "minLength": 0,
    "maxLength": 2000,
    "validationRegex": "",
    "isValidate": false,
    "uuid": "cbb4e2b2-1a56-4d65-8e53-bb845b62a9be"
  },
  {
    "baseType": 3,
    "name": "Direct Contact Last Name",
    "defaultValue": "",
    "description": "",
    "helpText": "",
    "isSystem": false,
    "minLength": 0,
    "maxLength": 2000,
    "validationRegex": "",
    "isValidate": false,
    "uuid": "5d4d44f8-b97d-4ef5-b8d5-89b60232b1d3"
  },
  {
    "baseType": 3,
    "name": "Direct Contact Phone Number",
    "defaultValue": "",
    "description": "",
    "helpText": "",
    "isSystem": false,
    "minLength": 0,
    "maxLength": 2000,
    "validationRegex": "",
    "isValidate": false,
    "uuid": "e58e4571-2bbb-405e-8f10-ecf8ad6a5eaa"
  },
  {
    "baseType": 3,
    "name": "Engage_Message",
    "defaultValue": "",
    "description": "",
    "helpText": "",
    "isSystem": false,
    "minLength": 0,
    "maxLength": 20000,
    "validationRegex": "",
    "isValidate": false,
    "uuid": "ab73b0b1-3347-4153-be25-63adf6b7f6d2"
  },
  {
    "baseType": 3,
    "name": "Engage_Subject",
    "defaultValue": "",
    "description": "",
    "helpText": "",
    "isSystem": false,
    "minLength": 0,
    "maxLength": 100,
    "validationRegex": "",
    "isValidate": false,
    "uuid": "9534dcd7-3b51-4346-9f56-6d2b260e2f49"
  },
  {
    "baseType": 3,
    "name": "Engage_Targets",
    "defaultValue": "",
    "description": "",
    "helpText": "",
    "isSystem": false,
    "minLength": 0,
    "maxLength": 2000,
    "validationRegex": "",
    "isValidate": false,
    "uuid": "92438c7b-894f-44dc-a8e1-a7566ab5ba33"
  },
  {
    "baseType": 3,
    "name": "Environment",
    "defaultValue": "",
    "description": "",
    "helpText": "",
    "isSystem": false,
    "minLength": 0,
    "maxLength": 30,
    "validationRegex": "",
    "isValidate": false,
    "uuid": "2b162c53-6a50-4757-a686-be6101bd7d17"
  },
  {
    "baseType": 22,
    "name": "Escalated",
    "description": "",
    "helpText": "",
    "isSystem": false,
    "values": [
      {
        "value": "Yes",
        "isDefault": false,
        "isVisible": true
      },
      {
        "value": "No",
        "isDefault": false,
        "isVisible": true
      }
    ],
    "uuid": "896df60d-b75d-412e-8a18-d804c1283d9b"
  },
  {
    "baseType": 21,
    "name": "Escalations ESC tags",
    "description": "",
    "helpText": "",
    "isSystem": false,
    "values": [
      {
        "value": "ESC1",
        "isDefault": false,
        "isVisible": true
      },
      {
        "value": "ESC2",
        "isDefault": false,
        "isVisible": true
      },
      {
        "value": "ESC3",
        "isDefault": false,
        "isVisible": true
      }
    ],
    "uuid": "457f686c-1a14-40de-b8c6-a11cbb4ffef1"
  },
  {
    "baseType": 3,
    "name": "First Name",
    "defaultValue": "",
    "description": "",
    "helpText": "",
    "isSystem": false,
    "minLength": 0,
    "maxLength": 2000,
    "validationRegex": "",
    "isValidate": false,
    "uuid": "862e6dc9-38a5-424a-9cfe-8adc1204b291"
  },
  {
    "baseType": 3,
    "name": "GET Failure Message",
    "defaultValue": "",
    "description": "",
    "helpText": "",
    "isSystem": false,
    "minLength": 0,
    "maxLength": 200,
    "validationRegex": "",
    "isValidate": false,
    "uuid": "683e50c0-8d85-4a0b-b987-c67ee9b729d5"
  },
  {
    "baseType": 3,
    "name": "HPD_CI",
    "defaultValue": "",
    "description": "",
    "helpText": "",
    "isSystem": false,
    "minLength": 0,
    "maxLength": 2000,
    "validationRegex": "",
    "isValidate": false,
    "uuid": "1a8158f0-48ee-46fc-a3d6-72226161e9cf"
  },
  {
    "baseType": 22,
    "name": "Impact",
    "description": "",
    "helpText": "",
    "isSystem": false,
    "values": [
      {
        "value": "1-Extensive/Widespread",
        "isDefault": false,
        "isVisible": true
      },
      {
        "value": "2-Significant/Large",
        "isDefault": false,
        "isVisible": true
      },
      {
        "value": "3-Moderate/Limited",
        "isDefault": false,
        "isVisible": true
      },
      {
        "value": "4-Minor/Localized",
        "isDefault": false,
        "isVisible": true
      }
    ],
    "uuid": "c8566af6-eb95-423d-be6f-a3709162c6e2"
  },
  {
    "baseType": 3,
    "name": "Incident Number",
    "defaultValue": "",
    "description": "",
    "helpText": "",
    "isSystem": false,
    "minLength": 0,
    "maxLength": 30,
    "validationRegex": "",
    "isValidate": false,
    "uuid": "23a21d91-03a4-4dfd-8196-84321563eac2"
  },
  {
    "baseType": 3,
    "name": "Last Name",
    "defaultValue": "",
    "description": "",
    "helpText": "",
    "isSystem": false,
    "minLength": 0,
    "maxLength": 2000,
    "validationRegex": "",
    "isValidate": false,
    "uuid": "70a14616-7ccb-4d58-b3dd-916490494f7b"
  },
  {
    "baseType": 3,
    "name": "Manufacturer",
    "defaultValue": "",
    "description": "",
    "helpText": "",
    "isSystem": false,
    "minLength": 0,
    "maxLength": 2000,
    "validationRegex": "",
    "isValidate": false,
    "uuid": "00a73c73-adb5-46b5-a558-4f82fa4b00e8"
  },
  {
    "baseType": 3,
    "name": "Middle Initial",
    "defaultValue": "",
    "description": "",
    "helpText": "",
    "isSystem": false,
    "minLength": 0,
    "maxLength": 2000,
    "validationRegex": "",
    "isValidate": false,
    "uuid": "aa728541-9a83-490f-95ba-14238f78d259"
  },
  {
    "baseType": 3,
    "name": "Notes",
    "defaultValue": "",
    "description": "",
    "helpText": "",
    "isSystem": false,
    "minLength": 0,
    "maxLength": 2000,
    "validationRegex": "",
    "isValidate": false,
    "uuid": "1e9525a7-12a4-4ad7-875a-bed2a919af61"
  },
  {
    "baseType": 3,
    "name": "Owner FullName",
    "defaultValue": "",
    "description": "",
    "helpText": "",
    "isSystem": false,
    "minLength": 0,
    "maxLength": 200,
    "validationRegex": "",
    "isValidate": false,
    "uuid": "aa627c8f-69b0-4d29-8362-9e3710d25097"
  },
  {
    "baseType": 3,
    "name": "Owner Group",
    "defaultValue": "",
    "description": "",
    "helpText": "",
    "isSystem": false,
    "minLength": 0,
    "maxLength": 300,
    "validationRegex": "",
    "isValidate": false,
    "uuid": "fc9da746-d01f-4a95-986c-25912835515b"
  },
  {
    "baseType": 3,
    "name": "Owner Group ID",
    "defaultValue": "",
    "description": "",
    "helpText": "",
    "isSystem": false,
    "minLength": 0,
    "maxLength": 50,
    "validationRegex": "",
    "isValidate": false,
    "uuid": "62372b34-819c-48ee-887c-67b79fd5e60b"
  },
  {
    "baseType": 3,
    "name": "Owner Login",
    "defaultValue": "",
    "description": "",
    "helpText": "",
    "isSystem": false,
    "minLength": 0,
    "maxLength": 30,
    "validationRegex": "",
    "isValidate": false,
    "uuid": "a762d086-561b-4f10-85e9-dc3db361ccbf"
  },
  {
    "baseType": 3,
    "name": "Owner Support Company",
    "defaultValue": "",
    "description": "",
    "helpText": "",
    "isSystem": false,
    "minLength": 0,
    "maxLength": 100,
    "validationRegex": "",
    "isValidate": false,
    "uuid": "c8496689-942b-4a1c-8e4f-30fbb4ff6e9e"
  },
  {
    "baseType": 3,
    "name": "Owner Support Organization",
    "defaultValue": "",
    "description": "",
    "helpText": "",
    "isSystem": false,
    "minLength": 0,
    "maxLength": 100,
    "validationRegex": "",
    "isValidate": false,
    "uuid": "fdf70602-1270-4515-9697-a1c2b75a7190"
  },
  {
    "baseType": 3,
    "name": "Phone Number",
    "defaultValue": "",
    "description": "",
    "helpText": "",
    "isSystem": false,
    "minLength": 0,
    "maxLength": 20,
    "validationRegex": "",
    "isValidate": false,
    "uuid": "c07c5c55-615b-43a7-8349-dbeff622636a"
  },
  {
    "baseType": 22,
    "name": "Priority",
    "description": "",
    "helpText": "",
    "isSystem": false,
    "values": [
      {
        "value": "Critical",
        "isDefault": false,
        "isVisible": true
      },
      {
        "value": "High",
        "isDefault": false,
        "isVisible": true
      },
      {
        "value": "Medium",
        "isDefault": false,
        "isVisible": true
      },
      {
        "value": "Low",
        "isDefault": false,
        "isVisible": true
      }
    ],
    "uuid": "5a9990c4-90a4-4dfd-8292-7fed26c228a7"
  },
  {
    "baseType": 3,
    "name": "Priority Weight",
    "defaultValue": "",
    "description": "",
    "helpText": "",
    "isSystem": false,
    "minLength": 0,
    "maxLength": 10,
    "validationRegex": "",
    "isValidate": false,
    "uuid": "a788d8d5-86e3-4e99-ba5b-9c4f057d1bf0"
  },
  {
    "baseType": 3,
    "name": "Product Categorization Tier 1",
    "defaultValue": "",
    "description": "",
    "helpText": "",
    "isSystem": false,
    "minLength": 0,
    "maxLength": 2000,
    "validationRegex": "",
    "isValidate": false,
    "uuid": "6fd64b7c-1ad1-4ec6-840a-31344d87138a"
  },
  {
    "baseType": 3,
    "name": "Product Categorization Tier 2",
    "defaultValue": "",
    "description": "",
    "helpText": "",
    "isSystem": false,
    "minLength": 0,
    "maxLength": 2000,
    "validationRegex": "",
    "isValidate": false,
    "uuid": "cf304627-7050-4af7-896f-96d600b010e4"
  },
  {
    "baseType": 3,
    "name": "Product Categorization Tier 3",
    "defaultValue": "",
    "description": "",
    "helpText": "",
    "isSystem": false,
    "minLength": 0,
    "maxLength": 2000,
    "validationRegex": "",
    "isValidate": false,
    "uuid": "786527d1-9955-47e6-9701-19ab7ca02043"
  },
  {
    "baseType": 3,
    "name": "Product Model/Version",
    "defaultValue": "",
    "description": "",
    "helpText": "",
    "isSystem": false,
    "minLength": 0,
    "maxLength": 2000,
    "validationRegex": "",
    "isValidate": false,
    "uuid": "eaae250e-0d68-4747-ba37-78adc4d7910e"
  },
  {
    "baseType": 3,
    "name": "Product Name",
    "defaultValue": "",
    "description": "",
    "helpText": "",
    "isSystem": false,
    "minLength": 0,
    "maxLength": 2000,
    "validationRegex": "",
    "isValidate": false,
    "uuid": "3b727ab7-1d90-4e90-91a5-3d44fc36e069"
  },
  {
    "baseType": 3,
    "name": "Region",
    "defaultValue": "",
    "description": "",
    "helpText": "",
    "isSystem": false,
    "minLength": 0,
    "maxLength": 2000,
    "validationRegex": "",
    "isValidate": false,
    "uuid": "16f79214-2a37-4270-af74-69c4212ba1c0"
  },
  {
    "baseType": 3,
    "name": "Reported Date",
    "defaultValue": "",
    "description": "",
    "helpText": "",
    "isSystem": false,
    "minLength": 0,
    "maxLength": 30,
    "validationRegex": "",
    "isValidate": false,
    "uuid": "b6de1cf9-ea67-4fec-8e73-f274bf05fe3c"
  },
  {
    "baseType": 22,
    "name": "Reported Source",
    "description": "",
    "helpText": "",
    "isSystem": false,
    "values": [
      {
        "value": "Direct Input",
        "isDefault": false,
        "isVisible": true
      },
      {
        "value": "Email",
        "isDefault": false,
        "isVisible": true
      },
      {
        "value": "External Escalation",
        "isDefault": false,
        "isVisible": true
      },
      {
        "value": "Fax",
        "isDefault": false,
        "isVisible": true
      },
      {
        "value": "Self Service",
        "isDefault": false,
        "isVisible": true
      },
      {
        "value": "Systems Management",
        "isDefault": false,
        "isVisible": true
      },
      {
        "value": "Phone",
        "isDefault": false,
        "isVisible": true
      },
      {
        "value": "Voice Mail",
        "isDefault": false,
        "isVisible": true
      },
      {
        "value": "Walk In",
        "isDefault": false,
        "isVisible": true
      },
      {
        "value": "Web",
        "isDefault": false,
        "isVisible": true
      },
      {
        "value": "Other",
        "isDefault": false,
        "isVisible": true
      }
    ],
    "uuid": "3b36bf08-53ba-4a9a-a912-4269315ea4e4"
  },
  {
    "baseType": 3,
    "name": "Request ID",
    "defaultValue": "",
    "description": "Unique identifier/entity ID for use by REST calls.",
    "helpText": "",
    "isSystem": false,
    "minLength": 0,
    "maxLength": 200,
    "validationRegex": "",
    "isValidate": false,
    "uuid": "619ada38-9564-47f2-94e1-f678d7d5faac"
  },
  {
    "baseType": 3,
    "name": "Resolution",
    "defaultValue": "",
    "description": "",
    "helpText": "",
    "isSystem": false,
    "minLength": 0,
    "maxLength": 2000,
    "validationRegex": "",
    "isValidate": false,
    "uuid": "911b2a85-b1da-4d9e-8636-d9fb606a4c28"
  },
  {
    "baseType": 3,
    "name": "Resolution Category",
    "defaultValue": "",
    "description": "",
    "helpText": "",
    "isSystem": false,
    "minLength": 0,
    "maxLength": 2000,
    "validationRegex": "",
    "isValidate": false,
    "uuid": "e9dba87f-77bf-4263-a42c-0a76d464b856"
  },
  {
    "baseType": 3,
    "name": "Resolution Category Tier 2",
    "defaultValue": "",
    "description": "",
    "helpText": "",
    "isSystem": false,
    "minLength": 0,
    "maxLength": 2000,
    "validationRegex": "",
    "isValidate": false,
    "uuid": "d6bd5beb-fd7a-4ee1-84ea-084ed0831df8"
  },
  {
    "baseType": 3,
    "name": "Resolution Category Tier 3",
    "defaultValue": "",
    "description": "",
    "helpText": "",
    "isSystem": false,
    "minLength": 0,
    "maxLength": 2000,
    "validationRegex": "",
    "isValidate": false,
    "uuid": "304719bc-0c4b-42f1-b5f6-33f78715a7b7"
  },
  {
    "baseType": 3,
    "name": "Resolution Method",
    "defaultValue": "",
    "description": "",
    "helpText": "",
    "isSystem": false,
    "minLength": 0,
    "maxLength": 2000,
    "validationRegex": "",
    "isValidate": false,
    "uuid": "54257d3f-a2e6-421b-a1fe-1fb379e484e1"
  },
  {
    "baseType": 3,
    "name": "ServiceCI",
    "defaultValue": "",
    "description": "",
    "helpText": "",
    "isSystem": false,
    "minLength": 0,
    "maxLength": 2000,
    "validationRegex": "",
    "isValidate": false,
    "uuid": "49f1baed-8981-4c24-935c-89968df46693"
  },
  {
    "baseType": 22,
    "name": "Service Type",
    "description": "",
    "helpText": "",
    "isSystem": false,
    "values": [
      {
        "value": "User Service Restoration",
        "isDefault": false,
        "isVisible": true
      },
      {
        "value": "User Service Request",
        "isDefault": false,
        "isVisible": true
      },
      {
        "value": "Infrastructure Restoration",
        "isDefault": false,
        "isVisible": true
      },
      {
        "value": "Infrastructure Event",
        "isDefault": false,
        "isVisible": true
      }
    ],
    "uuid": "dde7861b-60ae-4032-a48c-39ca6d93b0ee"
  },
  {
    "baseType": 3,
    "name": "Site",
    "defaultValue": "",
    "description": "",
    "helpText": "",
    "isSystem": false,
    "minLength": 0,
    "maxLength": 2000,
    "validationRegex": "",
    "isValidate": false,
    "uuid": "5a19a55f-0674-44ef-acae-8b2d511c84c4"
  },
  {
    "baseType": 3,
    "name": "Site Group",
    "defaultValue": "",
    "description": "",
    "helpText": "",
    "isSystem": false,
    "minLength": 0,
    "maxLength": 2000,
    "validationRegex": "",
    "isValidate": false,
    "uuid": "886c8750-4cf7-4380-9c10-28acf660271f"
  },
  {
    "baseType": 3,
    "name": "Site ID",
    "defaultValue": "",
    "description": "",
    "helpText": "",
    "isSystem": false,
    "minLength": 0,
    "maxLength": 30,
    "validationRegex": "",
    "isValidate": false,
    "uuid": "1f24c8df-3212-47ab-85d8-6932f6b77a68"
  },
  {
    "baseType": 22,
    "name": "Status",
    "description": "",
    "helpText": "",
    "isSystem": false,
    "values": [
      {
        "value": "New",
        "isDefault": false,
        "isVisible": true
      },
      {
        "value": "Assigned",
        "isDefault": false,
        "isVisible": true
      },
      {
        "value": "In Progress",
        "isDefault": false,
        "isVisible": true
      },
      {
        "value": "Pending",
        "isDefault": false,
        "isVisible": true
      },
      {
        "value": "Resolved",
        "isDefault": false,
        "isVisible": true
      },
      {
        "value": "Closed",
        "isDefault": false,
        "isVisible": true
      },
      {
        "value": "Cancelled",
        "isDefault": false,
        "isVisible": true
      }
    ],
    "uuid": "14171cc3-c96f-48be-afd9-deebe45e014b"
  },
  {
    "baseType": 22,
    "name": "Status_Reason",
    "description": "",
    "helpText": "",
    "isSystem": false,
    "values": [
      {
        "value": "Automated Resolution Reported",
        "isDefault": false,
        "isVisible": true
      },
      {
        "value": "Client Action Required",
        "isDefault": false,
        "isVisible": true
      },
      {
        "value": "Client Hold",
        "isDefault": false,
        "isVisible": true
      },
      {
        "value": "Customer Follow-Up Required",
        "isDefault": false,
        "isVisible": true
      },
      {
        "value": "Future Enhancement",
        "isDefault": false,
        "isVisible": true
      },
      {
        "value": "Infrastructure Change",
        "isDefault": false,
        "isVisible": true
      },
      {
        "value": "Infrastructure Change Created",
        "isDefault": false,
        "isVisible": true
      },
      {
        "value": "Local Site Action Required",
        "isDefault": false,
        "isVisible": true
      },
      {
        "value": "Monitoring Incident",
        "isDefault": false,
        "isVisible": true
      },
      {
        "value": "No further Action Required",
        "isDefault": false,
        "isVisible": true
      },
      {
        "value": "No longer a Causal CI",
        "isDefault": false,
        "isVisible": true
      },
      {
        "value": "Purchase Order Approval",
        "isDefault": false,
        "isVisible": true
      },
      {
        "value": "Registration Approval",
        "isDefault": false,
        "isVisible": true
      },
      {
        "value": "Request",
        "isDefault": false,
        "isVisible": true
      },
      {
        "value": "Supplier Delivery",
        "isDefault": false,
        "isVisible": true
      },
      {
        "value": "Support Contact Hold",
        "isDefault": false,
        "isVisible": true
      },
      {
        "value": "Temporary Corrective Action",
        "isDefault": false,
        "isVisible": true
      },
      {
        "value": "Third Party Vendor Action Required",
        "isDefault": false,
        "isVisible": true
      }
    ],
    "uuid": "45b56027-55f2-41cb-bbf9-878752ce25d7"
  },
  {
    "baseType": 3,
    "name": "Summary",
    "defaultValue": "",
    "description": "",
    "helpText": "",
    "isSystem": false,
    "minLength": 0,
    "maxLength": 2000,
    "validationRegex": "",
    "isValidate": false,
    "uuid": "7c5e864c-7036-48e3-b5d5-18ff8ba92b78"
  },
  {
    "baseType": 3,
    "name": "ticketLink",
    "defaultValue": "",
    "description": "Direct URL to ticket",
    "helpText": "",
    "isSystem": false,
    "minLength": 0,
    "maxLength": 20000,
    "validationRegex": "",
    "isValidate": false,
    "uuid": "9d92b034-2d5f-4e2e-a12e-55f1f61bd5c8"
  },
  {
    "baseType": 3,
    "name": "Update Message",
    "defaultValue": "",
    "description": "",
    "helpText": "Description for manual incident notification update",
    "isSystem": false,
    "minLength": 0,
    "maxLength": 2000,
    "validationRegex": "",
    "isValidate": false,
    "uuid": "c886fd42-c828-4092-a89c-6d375a729388"
  },
  {
    "baseType": 21,
    "name": "Update Type",
    "description": "Manual message type of notification",
    "helpText": "",
    "isSystem": false,
    "values": [
      {
        "value": "Update",
        "isDefault": false,
        "isVisible": true
      },
      {
        "value": "Final",
        "isDefault": false,
        "isVisible": true
      }
    ],
    "uuid": "59da02a9-1a2e-45d3-9678-b06e8b878f5f"
  },
  {
    "baseType": 22,
    "name": "Urgency",
    "description": "",
    "helpText": "",
    "isSystem": false,
    "values": [
      {
        "value": "1-Critical",
        "isDefault": false,
        "isVisible": true
      },
      {
        "value": "2-High",
        "isDefault": false,
        "isVisible": true
      },
      {
        "value": "3-Medium",
        "isDefault": false,
        "isVisible": true
      },
      {
        "value": "4-Low",
        "isDefault": false,
        "isVisible": true
      }
    ],
    "uuid": "b87a1813-0437-4321-9101-1d5f2961160e"
  },
  {
    "baseType": 22,
    "name": "VIP",
    "description": "",
    "helpText": "",
    "isSystem": false,
    "values": [
      {
        "value": "No",
        "isDefault": false,
        "isVisible": true
      },
      {
        "value": "Yes",
        "isDefault": false,
        "isVisible": true
      }
    ],
    "uuid": "2b8cfa7d-3e09-4f10-91fd-b9b23c78294d"
  },
  {
    "baseType": 3,
    "name": "xM_Remedy_Action",
    "defaultValue": "",
    "description": "Type of Incident notification: New, Reopened, etc.",
    "helpText": "",
    "isSystem": false,
    "minLength": 0,
    "maxLength": 100,
    "validationRegex": "",
    "isValidate": false,
    "uuid": "b12a1856-d77d-4206-9b8a-2b2e5e41f33a"
  }
]