[
  {
    "baseType": 3,
    "name": "Assigned Group",
    "defaultValue": "",
    "description": "",
    "helpText": "",
    "isSystem": false,
    "minLength": 0,
    "maxLength": 2000,
    "validationRegex": "",
    "isValidate": false,
    "uuid": "b0ecb089-2b48-43dd-b338-f34815a7e031"
  },
  {
    "baseType": 3,
    "name": "Assigned Group ID",
    "defaultValue": "",
    "description": "",
    "helpText": "",
    "isSystem": false,
    "minLength": 0,
    "maxLength": 200,
    "validationRegex": "",
    "isValidate": false,
    "uuid": "909c34bc-4303-42cc-bc73-72790d2da17b"
  },
  {
    "baseType": 3,
    "name": "Assigned Group Shift ID",
    "defaultValue": "",
    "description": "",
    "helpText": "",
    "isSystem": false,
    "minLength": 0,
    "maxLength": 30,
    "validationRegex": "",
    "isValidate": false,
    "uuid": "34ec6fa3-b6f9-466a-8761-cd157f7983f5"
  },
  {
    "baseType": 3,
    "name": "Assigned Group Shift Name",
    "defaultValue": "",
    "description": "",
    "helpText": "",
    "isSystem": false,
    "minLength": 0,
    "maxLength": 2000,
    "validationRegex": "",
    "isValidate": false,
    "uuid": "43eb0215-c4a7-4a1b-b716-cf2fe78fcb68"
  },
  {
    "baseType": 3,
    "name": "Assigned Support Company",
    "defaultValue": "",
    "description": "",
    "helpText": "",
    "isSystem": false,
    "minLength": 0,
    "maxLength": 2000,
    "validationRegex": "",
    "isValidate": false,
    "uuid": "feb94fcc-a3e1-4e96-8e21-6c6239420d5e"
  },
  {
    "baseType": 3,
    "name": "Assigned Support Organization",
    "defaultValue": "",
    "description": "",
    "helpText": "",
    "isSystem": false,
    "minLength": 0,
    "maxLength": 2000,
    "validationRegex": "",
    "isValidate": false,
    "uuid": "a4d89ae5-2b27-4c13-af9b-a6f6da267d55"
  },
  {
    "baseType": 3,
    "name": "Assignee",
    "defaultValue": "",
    "description": "",
    "helpText": "",
    "isSystem": false,
    "minLength": 0,
    "maxLength": 2000,
    "validationRegex": "",
    "isValidate": false,
    "uuid": "b5b1c136-e905-4437-8689-8851b005ef94"
  },
  {
    "baseType": 3,
    "name": "Assignee Login ID",
    "defaultValue": "",
    "description": "",
    "helpText": "",
    "isSystem": false,
    "minLength": 0,
    "maxLength": 20,
    "validationRegex": "",
    "isValidate": false,
    "uuid": "fef05ec9-e843-4ab7-a7a4-66cbc61c8a59"
  },
  {
    "baseType": 3,
    "name": "Categorization Tier 1",
    "defaultValue": "",
    "description": "",
    "helpText": "",
    "isSystem": false,
    "minLength": 0,
    "maxLength": 2000,
    "validationRegex": "",
    "isValidate": false,
    "uuid": "c8106bf9-a245-4a14-88eb-85dc7135ff8c"
  },
  {
    "baseType": 3,
    "name": "Categorization Tier 2",
    "defaultValue": "",
    "description": "",
    "helpText": "",
    "isSystem": false,
    "minLength": 0,
    "maxLength": 2000,
    "validationRegex": "",
    "isValidate": false,
    "uuid": "d26bc7b1-aad1-471a-8607-d1bf95e2ad4f"
  },
  {
    "baseType": 3,
    "name": "Categorization Tier 3",
    "defaultValue": "",
    "description": "",
    "helpText": "",
    "isSystem": false,
    "minLength": 0,
    "maxLength": 2000,
    "validationRegex": "",
    "isValidate": false,
    "uuid": "3f0ab239-6c09-4784-9bee-c445699f2225"
  },
  {
    "baseType": 3,
    "name": "City",
    "defaultValue": "",
    "description": "",
    "helpText": "",
    "isSystem": false,
    "minLength": 0,
    "maxLength": 2000,
    "validationRegex": "",
    "isValidate": false,
    "uuid": "3b7b4978-d736-49e0-81f4-d534e70cdfa1"
  },
  {
    "baseType": 3,
    "name": "Closure Manufacturer",
    "defaultValue": "",
    "description": "",
    "helpText": "",
    "isSystem": false,
    "minLength": 0,
    "maxLength": 2000,
    "validationRegex": "",
    "isValidate": false,
    "uuid": "00c59ed2-e61a-4ef1-bae4-2c3bfcba5d94"
  },
  {
    "baseType": 3,
    "name": "Closure Product Category Tier1",
    "defaultValue": "",
    "description": "",
    "helpText": "",
    "isSystem": false,
    "minLength": 0,
    "maxLength": 2000,
    "validationRegex": "",
    "isValidate": false,
    "uuid": "4b90f727-429c-4852-b852-29f6271ffd48"
  },
  {
    "baseType": 3,
    "name": "Closure Product Category Tier2",
    "defaultValue": "",
    "description": "",
    "helpText": "",
    "isSystem": false,
    "minLength": 0,
    "maxLength": 2000,
    "validationRegex": "",
    "isValidate": false,
    "uuid": "a825fc27-1b9c-46e6-91e6-975facba0b2e"
  },
  {
    "baseType": 3,
    "name": "Closure Product Category Tier3",
    "defaultValue": "",
    "description": "",
    "helpText": "",
    "isSystem": false,
    "minLength": 0,
    "maxLength": 2000,
    "validationRegex": "",
    "isValidate": false,
    "uuid": "425f2ad6-9aaa-429d-8624-5874c68304f3"
  },
  {
    "baseType": 3,
    "name": "Closure Product Model/Version",
    "defaultValue": "",
    "description": "",
    "helpText": "",
    "isSystem": false,
    "minLength": 0,
    "maxLength": 2000,
    "validationRegex": "",
    "isValidate": false,
    "uuid": "1aae9887-8614-462f-9b0a-9fcd475961fb"
  },
  {
    "baseType": 3,
    "name": "Closure Product Name",
    "defaultValue": "",
    "description": "",
    "helpText": "",
    "isSystem": false,
    "minLength": 0,
    "maxLength": 2000,
    "validationRegex": "",
    "isValidate": false,
    "uuid": "44f21850-108d-40c4-87d0-a6d021c63eb2"
  },
  {
    "baseType": 3,
    "name": "Company",
    "defaultValue": "",
    "description": "",
    "helpText": "",
    "isSystem": false,
    "minLength": 0,
    "maxLength": 300,
    "validationRegex": "",
    "isValidate": false,
    "uuid": "73e20c5b-2f5d-4c14-be9e-f1a0367c5121"
  },
  {
    "baseType": 3,
    "name": "Contact Company",
    "defaultValue": "",
    "description": "",
    "helpText": "",
    "isSystem": false,
    "minLength": 0,
    "maxLength": 2000,
    "validationRegex": "",
    "isValidate": false,
    "uuid": "b9195c95-ad66-469e-8788-2c9acd1f4edd"
  },
  {
    "baseType": 3,
    "name": "Contact Organization",
    "defaultValue": "",
    "description": "",
    "helpText": "",
    "isSystem": false,
    "minLength": 0,
    "maxLength": 2000,
    "validationRegex": "",
    "isValidate": false,
    "uuid": "fc0ef6eb-feb4-4f4f-af0a-77eee9121974"
  },
  {
    "baseType": 3,
    "name": "Contact Sensitivity",
    "defaultValue": "",
    "description": "",
    "helpText": "",
    "isSystem": false,
    "minLength": 0,
    "maxLength": 20,
    "validationRegex": "",
    "isValidate": false,
    "uuid": "3a112dfe-2dce-4fc8-9ff5-d51dcabb84c7"
  },
  {
    "baseType": 3,
    "name": "Country",
    "defaultValue": "",
    "description": "",
    "helpText": "",
    "isSystem": false,
    "minLength": 0,
    "maxLength": 2000,
    "validationRegex": "",
    "isValidate": false,
    "uuid": "494d9841-1281-4513-96df-566d6131480c"
  },
  {
    "baseType": 3,
    "name": "Department",
    "defaultValue": "",
    "description": "",
    "helpText": "",
    "isSystem": false,
    "minLength": 0,
    "maxLength": 2000,
    "validationRegex": "",
    "isValidate": false,
    "uuid": "36e74c89-a2e9-4363-80e3-d2e34b76d774"
  },
  {
    "baseType": 3,
    "name": "Description",
    "defaultValue": "",
    "description": "Remedy 'Summary'",
    "helpText": "",
    "isSystem": false,
    "minLength": 0,
    "maxLength": 2000,
    "validationRegex": "",
    "isValidate": false,
    "uuid": "e599a61c-7ebf-483d-9cde-76184ee83698"
  },
  {
    "baseType": 3,
    "name": "Detailed Decription",
    "defaultValue": "",
    "description": "Remedy 'Notes'. This property is incorrectly spelled in Remedy as \"Detailed Decription\"",
    "helpText": "",
    "isSystem": false,
    "minLength": 0,
    "maxLength": 2000,
    "validationRegex": "",
    "isValidate": false,
    "uuid": "586364cc-ec1c-4728-99b4-fd285a80caf6"
  },
  {
    "baseType": 3,
    "name": "Direct Contact First Name",
    "defaultValue": "",
    "description": "",
    "helpText": "",
    "isSystem": false,
    "minLength": 0,
    "maxLength": 2000,
    "validationRegex": "",
    "isValidate": false,
    "uuid": "9ea11adf-4c40-4650-9bad-607620c6832e"
  },
  {
    "baseType": 3,
    "name": "Direct Contact Last Name",
    "defaultValue": "",
    "description": "",
    "helpText": "",
    "isSystem": false,
    "minLength": 0,
    "maxLength": 2000,
    "validationRegex": "",
    "isValidate": false,
    "uuid": "3e7bd892-e963-4ec9-8b9d-219ce0137d1c"
  },
  {
    "baseType": 3,
    "name": "Direct Contact Phone Number",
    "defaultValue": "",
    "description": "",
    "helpText": "",
    "isSystem": false,
    "minLength": 0,
    "maxLength": 2000,
    "validationRegex": "",
    "isValidate": false,
    "uuid": "01b3db04-b74e-49d5-84b4-1337efa9cf1f"
  },
  {
    "baseType": 3,
    "name": "Environment",
    "defaultValue": "",
    "description": "",
    "helpText": "",
    "isSystem": false,
    "minLength": 0,
    "maxLength": 30,
    "validationRegex": "",
    "isValidate": false,
    "uuid": "7edd420d-81ff-4c83-bca7-f07f788bb559"
  },
  {
    "baseType": 3,
    "name": "Escalated",
    "defaultValue": "",
    "description": "",
    "helpText": "",
    "isSystem": false,
    "minLength": 0,
    "maxLength": 5,
    "validationRegex": "",
    "isValidate": false,
    "uuid": "99bf56d6-64be-4719-9a56-303cd59c6055"
  },
  {
    "baseType": 3,
    "name": "First Name",
    "defaultValue": "",
    "description": "",
    "helpText": "",
    "isSystem": false,
    "minLength": 0,
    "maxLength": 2000,
    "validationRegex": "",
    "isValidate": false,
    "uuid": "d58ef9f4-3c69-4c0f-908a-85a53b94cd36"
  },
  {
    "baseType": 3,
    "name": "HPD_CI",
    "defaultValue": "",
    "description": "",
    "helpText": "",
    "isSystem": false,
    "minLength": 0,
    "maxLength": 2000,
    "validationRegex": "",
    "isValidate": false,
    "uuid": "7e068be0-d726-40f6-bd3e-b2bc29939831"
  },
  {
    "baseType": 3,
    "name": "Impact",
    "defaultValue": "",
    "description": "",
    "helpText": "",
    "isSystem": false,
    "minLength": 0,
    "maxLength": 30,
    "validationRegex": "",
    "isValidate": false,
    "uuid": "7b918fe2-63db-47b2-a08a-c610e78cb047"
  },
  {
    "baseType": 3,
    "name": "Incident Number",
    "defaultValue": "",
    "description": "",
    "helpText": "",
    "isSystem": false,
    "minLength": 0,
    "maxLength": 30,
    "validationRegex": "",
    "isValidate": false,
    "uuid": "65c304a7-620a-4aaa-a67e-2ce833a6da81"
  },
  {
    "baseType": 3,
    "name": "Last Name",
    "defaultValue": "",
    "description": "",
    "helpText": "",
    "isSystem": false,
    "minLength": 0,
    "maxLength": 2000,
    "validationRegex": "",
    "isValidate": false,
    "uuid": "1a6c68b2-1057-4330-9179-5206bc557605"
  },
  {
    "baseType": 3,
    "name": "Manufacturer",
    "defaultValue": "",
    "description": "",
    "helpText": "",
    "isSystem": false,
    "minLength": 0,
    "maxLength": 2000,
    "validationRegex": "",
    "isValidate": false,
    "uuid": "17080f12-420f-442f-be0c-3b7e4d023694"
  },
  {
    "baseType": 3,
    "name": "Middle Initial",
    "defaultValue": "",
    "description": "",
    "helpText": "",
    "isSystem": false,
    "minLength": 0,
    "maxLength": 2000,
    "validationRegex": "",
    "isValidate": false,
    "uuid": "a92933d2-3d71-4e15-bf53-9ed31b298767"
  },
  {
    "baseType": 3,
    "name": "Owner FullName",
    "defaultValue": "",
    "description": "",
    "helpText": "",
    "isSystem": false,
    "minLength": 0,
    "maxLength": 200,
    "validationRegex": "",
    "isValidate": false,
    "uuid": "3b79323d-493f-4fe8-bfcc-c34871bb5a5f"
  },
  {
    "baseType": 3,
    "name": "Owner Group",
    "defaultValue": "",
    "description": "",
    "helpText": "",
    "isSystem": false,
    "minLength": 0,
    "maxLength": 300,
    "validationRegex": "",
    "isValidate": false,
    "uuid": "390057b0-0440-4f58-a53b-9ef0ad6211b9"
  },
  {
    "baseType": 3,
    "name": "Owner Group ID",
    "defaultValue": "",
    "description": "",
    "helpText": "",
    "isSystem": false,
    "minLength": 0,
    "maxLength": 50,
    "validationRegex": "",
    "isValidate": false,
    "uuid": "df6cefa8-f517-4d18-b322-856bbda484fa"
  },
  {
    "baseType": 3,
    "name": "Owner Login",
    "defaultValue": "",
    "description": "",
    "helpText": "",
    "isSystem": false,
    "minLength": 0,
    "maxLength": 30,
    "validationRegex": "",
    "isValidate": false,
    "uuid": "7640a775-5a2b-46c6-bc6a-8addf36c9902"
  },
  {
    "baseType": 3,
    "name": "Owner Support Company",
    "defaultValue": "",
    "description": "",
    "helpText": "",
    "isSystem": false,
    "minLength": 0,
    "maxLength": 100,
    "validationRegex": "",
    "isValidate": false,
    "uuid": "c01316b7-2ab0-4b17-8904-59ee28b92959"
  },
  {
    "baseType": 3,
    "name": "Owner Support Organization",
    "defaultValue": "",
    "description": "",
    "helpText": "",
    "isSystem": false,
    "minLength": 0,
    "maxLength": 100,
    "validationRegex": "",
    "isValidate": false,
    "uuid": "a2f8e104-ef84-4fea-86ff-22a588f2bbc9"
  },
  {
    "baseType": 3,
    "name": "Phone Number",
    "defaultValue": "",
    "description": "",
    "helpText": "",
    "isSystem": false,
    "minLength": 0,
    "maxLength": 30,
    "validationRegex": "",
    "isValidate": false,
    "uuid": "7c833e2f-fb24-4cb4-9cb7-fd13cbf6d1a2"
  },
  {
    "baseType": 22,
    "name": "Priority",
    "description": "",
    "helpText": "",
    "isSystem": false,
    "values": [
      {
        "value": "Critical",
        "isDefault": false,
        "isVisible": true
      },
      {
        "value": "High",
        "isDefault": false,
        "isVisible": true
      },
      {
        "value": "Medium",
        "isDefault": false,
        "isVisible": true
      },
      {
        "value": "Low",
        "isDefault": false,
        "isVisible": true
      }
    ],
    "uuid": "5f54162e-186e-4bd7-97aa-3d2b7306ed3c"
  },
  {
    "baseType": 3,
    "name": "Priority Weight",
    "defaultValue": "",
    "description": "",
    "helpText": "",
    "isSystem": false,
    "minLength": 0,
    "maxLength": 10,
    "validationRegex": "",
    "isValidate": false,
    "uuid": "91716d86-4f7b-4142-bf5c-26cd863c4b4f"
  },
  {
    "baseType": 3,
    "name": "Product Categorization Tier 1",
    "defaultValue": "",
    "description": "",
    "helpText": "",
    "isSystem": false,
    "minLength": 0,
    "maxLength": 2000,
    "validationRegex": "",
    "isValidate": false,
    "uuid": "f57d78ef-ec8c-40f7-a2bc-cfa9b0c88505"
  },
  {
    "baseType": 3,
    "name": "Product Categorization Tier 2",
    "defaultValue": "",
    "description": "",
    "helpText": "",
    "isSystem": false,
    "minLength": 0,
    "maxLength": 2000,
    "validationRegex": "",
    "isValidate": false,
    "uuid": "34b58404-feab-486a-bd1d-48d562cb47ee"
  },
  {
    "baseType": 3,
    "name": "Product Categorization Tier 3",
    "defaultValue": "",
    "description": "",
    "helpText": "",
    "isSystem": false,
    "minLength": 0,
    "maxLength": 2000,
    "validationRegex": "",
    "isValidate": false,
    "uuid": "77d36b5d-e897-4def-aac2-d530368fc871"
  },
  {
    "baseType": 3,
    "name": "Product Model/Version",
    "defaultValue": "",
    "description": "",
    "helpText": "",
    "isSystem": false,
    "minLength": 0,
    "maxLength": 2000,
    "validationRegex": "",
    "isValidate": false,
    "uuid": "5d964590-c621-4c42-a308-05bffa2d9432"
  },
  {
    "baseType": 3,
    "name": "Product Name",
    "defaultValue": "",
    "description": "",
    "helpText": "",
    "isSystem": false,
    "minLength": 0,
    "maxLength": 2000,
    "validationRegex": "",
    "isValidate": false,
    "uuid": "50f9bb3d-1a11-4adf-b155-1aa7237327ca"
  },
  {
    "baseType": 3,
    "name": "Region",
    "defaultValue": "",
    "description": "",
    "helpText": "",
    "isSystem": false,
    "minLength": 0,
    "maxLength": 2000,
    "validationRegex": "",
    "isValidate": false,
    "uuid": "fd9475b1-6a4a-4680-bf36-52a21354faa9"
  },
  {
    "baseType": 3,
    "name": "Reported Date",
    "defaultValue": "",
    "description": "",
    "helpText": "",
    "isSystem": false,
    "minLength": 0,
    "maxLength": 30,
    "validationRegex": "",
    "isValidate": false,
    "uuid": "653148ee-d713-4ca5-9fe3-7f46a3a9b3ff"
  },
  {
    "baseType": 3,
    "name": "Reported Source",
    "defaultValue": "",
    "description": "",
    "helpText": "",
    "isSystem": false,
    "minLength": 0,
    "maxLength": 40,
    "validationRegex": "",
    "isValidate": false,
    "uuid": "af72745d-9df0-4537-a68e-79ef43222e23"
  },
  {
    "baseType": 3,
    "name": "Request ID",
    "defaultValue": "",
    "description": "Unique identifier/entity ID for use by REST calls.",
    "helpText": "",
    "isSystem": false,
    "minLength": 0,
    "maxLength": 200,
    "validationRegex": "",
    "isValidate": false,
    "uuid": "7de34fde-0344-4c7c-a624-81bafe8fdd1e"
  },
  {
    "baseType": 3,
    "name": "Resolution",
    "defaultValue": "",
    "description": "",
    "helpText": "",
    "isSystem": false,
    "minLength": 0,
    "maxLength": 2000,
    "validationRegex": "",
    "isValidate": false,
    "uuid": "7c81584a-f554-47dc-8630-e4e6bc204009"
  },
  {
    "baseType": 3,
    "name": "Resolution Category",
    "defaultValue": "",
    "description": "",
    "helpText": "",
    "isSystem": false,
    "minLength": 0,
    "maxLength": 2000,
    "validationRegex": "",
    "isValidate": false,
    "uuid": "b35a70c6-b0c1-498f-838c-96f113224203"
  },
  {
    "baseType": 3,
    "name": "Resolution Category Tier 2",
    "defaultValue": "",
    "description": "",
    "helpText": "",
    "isSystem": false,
    "minLength": 0,
    "maxLength": 2000,
    "validationRegex": "",
    "isValidate": false,
    "uuid": "86db4f46-f522-4f69-b931-a4fb49726f5d"
  },
  {
    "baseType": 3,
    "name": "Resolution Category Tier 3",
    "defaultValue": "",
    "description": "",
    "helpText": "",
    "isSystem": false,
    "minLength": 0,
    "maxLength": 2000,
    "validationRegex": "",
    "isValidate": false,
    "uuid": "b4f5cf8a-7aec-4598-abb3-9cdb2c47df18"
  },
  {
    "baseType": 3,
    "name": "Resolution Method",
    "defaultValue": "",
    "description": "",
    "helpText": "",
    "isSystem": false,
    "minLength": 0,
    "maxLength": 2000,
    "validationRegex": "",
    "isValidate": false,
    "uuid": "e75543c1-4dab-4744-b56f-370991375f79"
  },
  {
    "baseType": 3,
    "name": "ServiceCI",
    "defaultValue": "",
    "description": "",
    "helpText": "",
    "isSystem": false,
    "minLength": 0,
    "maxLength": 2000,
    "validationRegex": "",
    "isValidate": false,
    "uuid": "fc1333a2-b512-482f-8905-8509a59696d4"
  },
  {
    "baseType": 3,
    "name": "Service Type",
    "defaultValue": "",
    "description": "",
    "helpText": "",
    "isSystem": false,
    "minLength": 0,
    "maxLength": 40,
    "validationRegex": "",
    "isValidate": false,
    "uuid": "1121be2a-6cd5-4979-b4cf-8123c7e703ae"
  },
  {
    "baseType": 3,
    "name": "Site",
    "defaultValue": "",
    "description": "",
    "helpText": "",
    "isSystem": false,
    "minLength": 0,
    "maxLength": 2000,
    "validationRegex": "",
    "isValidate": false,
    "uuid": "5df91792-9aab-483e-a9d5-c9a93b89f71f"
  },
  {
    "baseType": 3,
    "name": "Site Group",
    "defaultValue": "",
    "description": "",
    "helpText": "",
    "isSystem": false,
    "minLength": 0,
    "maxLength": 2000,
    "validationRegex": "",
    "isValidate": false,
    "uuid": "e0ccd9b3-e925-4948-aa54-0f5b1553d4c6"
  },
  {
    "baseType": 3,
    "name": "Site ID",
    "defaultValue": "",
    "description": "",
    "helpText": "",
    "isSystem": false,
    "minLength": 0,
    "maxLength": 30,
    "validationRegex": "",
    "isValidate": false,
    "uuid": "7198e6e0-8745-4e90-b069-f72513131943"
  },
  {
    "baseType": 3,
    "name": "Status",
    "defaultValue": "",
    "description": "",
    "helpText": "",
    "isSystem": false,
    "minLength": 0,
    "maxLength": 30,
    "validationRegex": "",
    "isValidate": false,
    "uuid": "fcaefca4-6d33-4163-8e8b-1519e4ba2b6c"
  },
  {
    "baseType": 3,
    "name": "Status_Reason",
    "defaultValue": "",
    "description": "",
    "helpText": "",
    "isSystem": false,
    "minLength": 0,
    "maxLength": 50,
    "validationRegex": "",
    "isValidate": false,
    "uuid": "88497b61-e032-43d9-a86c-aa5a726b7190"
  },
  {
    "baseType": 3,
    "name": "ticketLink",
    "defaultValue": "",
    "description": "Direct URL to ticket",
    "helpText": "",
    "isSystem": false,
    "minLength": 0,
    "maxLength": 20000,
    "validationRegex": "",
    "isValidate": false,
    "uuid": "8fb58bde-5ccf-4ec3-8df1-723afe11fbcf"
  },
  {
    "baseType": 3,
    "name": "Urgency",
    "defaultValue": "",
    "description": "",
    "helpText": "",
    "isSystem": false,
    "minLength": 0,
    "maxLength": 30,
    "validationRegex": "",
    "isValidate": false,
    "uuid": "96a6f7e0-2a39-4791-8e66-f88c44d8ce85"
  },
  {
    "baseType": 3,
    "name": "VIP",
    "defaultValue": "",
    "description": "",
    "helpText": "",
    "isSystem": false,
    "minLength": 0,
    "maxLength": 5,
    "validationRegex": "",
    "isValidate": false,
    "uuid": "11357fea-a9bc-4efc-9ebe-fcab58c32846"
  },
  {
    "baseType": 3,
    "name": "xM_Remedy_Action",
    "defaultValue": "",
    "description": "Type of Incident notification: New, Reopened, etc.",
    "helpText": "",
    "isSystem": false,
    "minLength": 0,
    "maxLength": 100,
    "validationRegex": "",
    "isValidate": false,
    "uuid": "6490452b-0afb-41d1-ac7a-344513fc3ecf"
  }
]