[
  {
    "baseType": 3,
    "name": "Assigned Group",
    "defaultValue": "",
    "description": "",
    "helpText": "",
    "isSystem": false,
    "minLength": 0,
    "maxLength": 2000,
    "validationRegex": "",
    "isValidate": false,
    "uuid": "28e07311-1543-48b0-b9c7-0efe31736fe5"
  },
  {
    "baseType": 3,
    "name": "Assigned Group ID",
    "defaultValue": "",
    "description": "",
    "helpText": "",
    "isSystem": false,
    "minLength": 0,
    "maxLength": 200,
    "validationRegex": "",
    "isValidate": false,
    "uuid": "42d51b6f-6814-4a59-97fb-0fbc26683367"
  },
  {
    "baseType": 3,
    "name": "Assigned Group Shift ID",
    "defaultValue": "",
    "description": "",
    "helpText": "",
    "isSystem": false,
    "minLength": 0,
    "maxLength": 30,
    "validationRegex": "",
    "isValidate": false,
    "uuid": "6454b448-c586-4d34-8353-908a36f17917"
  },
  {
    "baseType": 3,
    "name": "Assigned Group Shift Name",
    "defaultValue": "",
    "description": "",
    "helpText": "",
    "isSystem": false,
    "minLength": 0,
    "maxLength": 2000,
    "validationRegex": "",
    "isValidate": false,
    "uuid": "377a0f73-3aaf-472d-ae3d-a7eb094dc65f"
  },
  {
    "baseType": 3,
    "name": "Assigned Support Company",
    "defaultValue": "",
    "description": "",
    "helpText": "",
    "isSystem": false,
    "minLength": 0,
    "maxLength": 2000,
    "validationRegex": "",
    "isValidate": false,
    "uuid": "6d382eea-be7c-4c9d-9c83-9dc70b25a439"
  },
  {
    "baseType": 3,
    "name": "Assigned Support Organization",
    "defaultValue": "",
    "description": "",
    "helpText": "",
    "isSystem": false,
    "minLength": 0,
    "maxLength": 2000,
    "validationRegex": "",
    "isValidate": false,
    "uuid": "8b6f1ba6-fda4-460c-aa3d-8c6e75a14f50"
  },
  {
    "baseType": 3,
    "name": "Assignee",
    "defaultValue": "",
    "description": "",
    "helpText": "",
    "isSystem": false,
    "minLength": 0,
    "maxLength": 2000,
    "validationRegex": "",
    "isValidate": false,
    "uuid": "3069f4b1-2d55-4950-a545-09151f33bee9"
  },
  {
    "baseType": 3,
    "name": "Assignee Login ID",
    "defaultValue": "",
    "description": "",
    "helpText": "",
    "isSystem": false,
    "minLength": 0,
    "maxLength": 20,
    "validationRegex": "",
    "isValidate": false,
    "uuid": "74b6d453-ff3c-4d0d-b827-7b0d1b50df5a"
  },
  {
    "baseType": 3,
    "name": "Categorization Tier 1",
    "defaultValue": "",
    "description": "",
    "helpText": "",
    "isSystem": false,
    "minLength": 0,
    "maxLength": 2000,
    "validationRegex": "",
    "isValidate": false,
    "uuid": "0bdf3c26-f4f1-48c8-9cf1-40e56ee12d0b"
  },
  {
    "baseType": 3,
    "name": "Categorization Tier 2",
    "defaultValue": "",
    "description": "",
    "helpText": "",
    "isSystem": false,
    "minLength": 0,
    "maxLength": 2000,
    "validationRegex": "",
    "isValidate": false,
    "uuid": "8d21827d-2405-47c4-9aef-a346ae794808"
  },
  {
    "baseType": 3,
    "name": "Categorization Tier 3",
    "defaultValue": "",
    "description": "",
    "helpText": "",
    "isSystem": false,
    "minLength": 0,
    "maxLength": 2000,
    "validationRegex": "",
    "isValidate": false,
    "uuid": "f4efd24b-6d6a-465e-9600-7daf971f5009"
  },
  {
    "baseType": 3,
    "name": "City",
    "defaultValue": "",
    "description": "",
    "helpText": "",
    "isSystem": false,
    "minLength": 0,
    "maxLength": 2000,
    "validationRegex": "",
    "isValidate": false,
    "uuid": "6c814d53-0a2d-4991-8f31-4dafb35aec5f"
  },
  {
    "baseType": 3,
    "name": "Closure Manufacturer",
    "defaultValue": "",
    "description": "",
    "helpText": "",
    "isSystem": false,
    "minLength": 0,
    "maxLength": 2000,
    "validationRegex": "",
    "isValidate": false,
    "uuid": "3c39e4d1-9be8-491d-821c-c9cfa29e7f7f"
  },
  {
    "baseType": 3,
    "name": "Closure Product Category Tier1",
    "defaultValue": "",
    "description": "",
    "helpText": "",
    "isSystem": false,
    "minLength": 0,
    "maxLength": 2000,
    "validationRegex": "",
    "isValidate": false,
    "uuid": "996f2afd-75f4-4ca4-84e2-91aae7de3615"
  },
  {
    "baseType": 3,
    "name": "Closure Product Category Tier2",
    "defaultValue": "",
    "description": "",
    "helpText": "",
    "isSystem": false,
    "minLength": 0,
    "maxLength": 2000,
    "validationRegex": "",
    "isValidate": false,
    "uuid": "03284e88-0297-4cb9-aea1-6424557a1221"
  },
  {
    "baseType": 3,
    "name": "Closure Product Category Tier3",
    "defaultValue": "",
    "description": "",
    "helpText": "",
    "isSystem": false,
    "minLength": 0,
    "maxLength": 2000,
    "validationRegex": "",
    "isValidate": false,
    "uuid": "f38d91ef-bbe7-4537-a8e4-ed64e9695a15"
  },
  {
    "baseType": 3,
    "name": "Closure Product Model/Version",
    "defaultValue": "",
    "description": "",
    "helpText": "",
    "isSystem": false,
    "minLength": 0,
    "maxLength": 2000,
    "validationRegex": "",
    "isValidate": false,
    "uuid": "04c96250-bbfc-49d0-af3e-f0ff272bcc93"
  },
  {
    "baseType": 3,
    "name": "Closure Product Name",
    "defaultValue": "",
    "description": "",
    "helpText": "",
    "isSystem": false,
    "minLength": 0,
    "maxLength": 2000,
    "validationRegex": "",
    "isValidate": false,
    "uuid": "34893d06-7300-4870-92fa-e2360c999b63"
  },
  {
    "baseType": 22,
    "name": "Company",
    "description": "",
    "helpText": "",
    "isSystem": false,
    "values": [
      {
        "value": "Acme Inc",
        "isDefault": false,
        "isVisible": true
      }
    ],
    "uuid": "7296230f-2880-45a1-8502-f1ef62fc0426"
  },
  {
    "baseType": 3,
    "name": "Contact Company",
    "defaultValue": "",
    "description": "",
    "helpText": "",
    "isSystem": false,
    "minLength": 0,
    "maxLength": 2000,
    "validationRegex": "",
    "isValidate": false,
    "uuid": "6ef7570a-8032-42fd-b08e-f01fd0a36389"
  },
  {
    "baseType": 3,
    "name": "Contact Organization",
    "defaultValue": "",
    "description": "",
    "helpText": "",
    "isSystem": false,
    "minLength": 0,
    "maxLength": 2000,
    "validationRegex": "",
    "isValidate": false,
    "uuid": "9507c5ce-bb2d-46e6-86a3-65918b4769b5"
  },
  {
    "baseType": 22,
    "name": "Contact Sensitivity",
    "description": "",
    "helpText": "",
    "isSystem": false,
    "values": [
      {
        "value": "Standard",
        "isDefault": false,
        "isVisible": true
      },
      {
        "value": "Sensitive",
        "isDefault": false,
        "isVisible": true
      }
    ],
    "uuid": "12b9bb81-1572-42c5-bc6d-1ee8d856a9a7"
  },
  {
    "baseType": 3,
    "name": "Country",
    "defaultValue": "",
    "description": "",
    "helpText": "",
    "isSystem": false,
    "minLength": 0,
    "maxLength": 2000,
    "validationRegex": "",
    "isValidate": false,
    "uuid": "1f381b2c-4721-45b3-a17a-b9ab6960e971"
  },
  {
    "baseType": 3,
    "name": "Department",
    "defaultValue": "",
    "description": "",
    "helpText": "",
    "isSystem": false,
    "minLength": 0,
    "maxLength": 2000,
    "validationRegex": "",
    "isValidate": false,
    "uuid": "8ff98d43-9fd3-423c-88b1-f6fabca76381"
  },
  {
    "baseType": 3,
    "name": "Description",
    "defaultValue": "",
    "description": "Remedy 'Summary'",
    "helpText": "",
    "isSystem": false,
    "minLength": 0,
    "maxLength": 2000,
    "validationRegex": "",
    "isValidate": false,
    "uuid": "d6163d8c-7e19-415d-8a84-2d34c3aaab61"
  },
  {
    "baseType": 3,
    "name": "Detailed Decription",
    "defaultValue": "",
    "description": "Remedy 'Notes'. This property is incorrectly spelled in Remedy as \"Detailed Decription\"",
    "helpText": "",
    "isSystem": false,
    "minLength": 0,
    "maxLength": 2000,
    "validationRegex": "",
    "isValidate": false,
    "uuid": "73c7836d-431e-4f49-8cec-9e27435d974e"
  },
  {
    "baseType": 3,
    "name": "Direct Contact First Name",
    "defaultValue": "",
    "description": "",
    "helpText": "",
    "isSystem": false,
    "minLength": 0,
    "maxLength": 2000,
    "validationRegex": "",
    "isValidate": false,
    "uuid": "0ea14e91-4ecc-466e-b835-0aab091eb9ae"
  },
  {
    "baseType": 3,
    "name": "Direct Contact Last Name",
    "defaultValue": "",
    "description": "",
    "helpText": "",
    "isSystem": false,
    "minLength": 0,
    "maxLength": 2000,
    "validationRegex": "",
    "isValidate": false,
    "uuid": "179796ff-26e7-4b71-8ec1-733490eb73a9"
  },
  {
    "baseType": 3,
    "name": "Direct Contact Phone Number",
    "defaultValue": "",
    "description": "",
    "helpText": "",
    "isSystem": false,
    "minLength": 0,
    "maxLength": 2000,
    "validationRegex": "",
    "isValidate": false,
    "uuid": "725bce51-047d-46ad-ab11-adc674b43355"
  },
  {
    "baseType": 3,
    "name": "Engage_Message",
    "defaultValue": "",
    "description": "",
    "helpText": "",
    "isSystem": false,
    "minLength": 0,
    "maxLength": 20000,
    "validationRegex": "",
    "isValidate": false,
    "uuid": "c36a77a7-4783-4d95-b08b-2c3432653493"
  },
  {
    "baseType": 3,
    "name": "Engage_Subject",
    "defaultValue": "",
    "description": "",
    "helpText": "",
    "isSystem": false,
    "minLength": 0,
    "maxLength": 100,
    "validationRegex": "",
    "isValidate": false,
    "uuid": "cce72cff-2c7a-4654-9a4e-f3ce5a801011"
  },
  {
    "baseType": 3,
    "name": "Engage_Targets",
    "defaultValue": "",
    "description": "",
    "helpText": "",
    "isSystem": false,
    "minLength": 0,
    "maxLength": 2000,
    "validationRegex": "",
    "isValidate": false,
    "uuid": "32af6200-00cc-40db-8d02-751660d7bf79"
  },
  {
    "baseType": 3,
    "name": "Environment",
    "defaultValue": "",
    "description": "",
    "helpText": "",
    "isSystem": false,
    "minLength": 0,
    "maxLength": 30,
    "validationRegex": "",
    "isValidate": false,
    "uuid": "960a45c3-d3a9-42d2-be3a-c3c6947435e5"
  },
  {
    "baseType": 22,
    "name": "Escalated",
    "description": "",
    "helpText": "",
    "isSystem": false,
    "values": [
      {
        "value": "Yes",
        "isDefault": false,
        "isVisible": true
      },
      {
        "value": "No",
        "isDefault": false,
        "isVisible": true
      }
    ],
    "uuid": "69eef125-58ac-461f-b32d-7059675b6e2f"
  },
  {
    "baseType": 21,
    "name": "Escalations ESC tags",
    "description": "",
    "helpText": "",
    "isSystem": false,
    "values": [
      {
        "value": "ESC1",
        "isDefault": false,
        "isVisible": true
      },
      {
        "value": "ESC2",
        "isDefault": false,
        "isVisible": true
      },
      {
        "value": "ESC3",
        "isDefault": false,
        "isVisible": true
      }
    ],
    "uuid": "f9e71024-cb47-49bc-824d-29489e1309ad"
  },
  {
    "baseType": 3,
    "name": "First Name",
    "defaultValue": "",
    "description": "",
    "helpText": "",
    "isSystem": false,
    "minLength": 0,
    "maxLength": 2000,
    "validationRegex": "",
    "isValidate": false,
    "uuid": "76d40b0f-9db1-44d7-b8b2-4e1fa16502ac"
  },
  {
    "baseType": 3,
    "name": "HPD_CI",
    "defaultValue": "",
    "description": "",
    "helpText": "",
    "isSystem": false,
    "minLength": 0,
    "maxLength": 2000,
    "validationRegex": "",
    "isValidate": false,
    "uuid": "36ab1226-c83c-4690-a794-6dbc0d31cee0"
  },
  {
    "baseType": 22,
    "name": "Impact",
    "description": "",
    "helpText": "",
    "isSystem": false,
    "values": [
      {
        "value": "1-Extensive/Widespread",
        "isDefault": false,
        "isVisible": true
      },
      {
        "value": "2-Significant/Large",
        "isDefault": false,
        "isVisible": true
      },
      {
        "value": "3-Moderate/Limited",
        "isDefault": false,
        "isVisible": true
      },
      {
        "value": "4-Minor/Localized",
        "isDefault": false,
        "isVisible": true
      }
    ],
    "uuid": "9f7e5f74-7a6a-4529-8a79-f7382cd9a95c"
  },
  {
    "baseType": 3,
    "name": "Incident Number",
    "defaultValue": "",
    "description": "",
    "helpText": "",
    "isSystem": false,
    "minLength": 0,
    "maxLength": 2000,
    "validationRegex": "",
    "isValidate": false,
    "uuid": "52acf929-8f2d-46c8-b5a4-5352c41a71ce"
  },
  {
    "baseType": 3,
    "name": "Last Name",
    "defaultValue": "",
    "description": "",
    "helpText": "",
    "isSystem": false,
    "minLength": 0,
    "maxLength": 2000,
    "validationRegex": "",
    "isValidate": false,
    "uuid": "bd646c35-9572-46c8-8e8d-e5855058c0c8"
  },
  {
    "baseType": 3,
    "name": "Manufacturer",
    "defaultValue": "",
    "description": "",
    "helpText": "",
    "isSystem": false,
    "minLength": 0,
    "maxLength": 2000,
    "validationRegex": "",
    "isValidate": false,
    "uuid": "488e0797-ae3d-4db6-a493-2a4b48be8e10"
  },
  {
    "baseType": 3,
    "name": "Middle Initial",
    "defaultValue": "",
    "description": "",
    "helpText": "",
    "isSystem": false,
    "minLength": 0,
    "maxLength": 2000,
    "validationRegex": "",
    "isValidate": false,
    "uuid": "c72da2ed-5208-480a-b5f6-270e17f501ff"
  },
  {
    "baseType": 3,
    "name": "Notes",
    "defaultValue": "",
    "description": "",
    "helpText": "",
    "isSystem": false,
    "minLength": 0,
    "maxLength": 2000,
    "validationRegex": "",
    "isValidate": false,
    "uuid": "f12096c8-a101-49cf-8f0d-0f1a1db2be94"
  },
  {
    "baseType": 3,
    "name": "Owner FullName",
    "defaultValue": "",
    "description": "",
    "helpText": "",
    "isSystem": false,
    "minLength": 0,
    "maxLength": 200,
    "validationRegex": "",
    "isValidate": false,
    "uuid": "7dbaa1e3-0aea-4bab-a109-ee50200ca8cc"
  },
  {
    "baseType": 3,
    "name": "Owner Group",
    "defaultValue": "",
    "description": "",
    "helpText": "",
    "isSystem": false,
    "minLength": 0,
    "maxLength": 300,
    "validationRegex": "",
    "isValidate": false,
    "uuid": "e4c3ce4c-b88c-4a47-9933-05aa33c7c43c"
  },
  {
    "baseType": 3,
    "name": "Owner Group ID",
    "defaultValue": "",
    "description": "",
    "helpText": "",
    "isSystem": false,
    "minLength": 0,
    "maxLength": 50,
    "validationRegex": "",
    "isValidate": false,
    "uuid": "78d1de0b-0a18-4ceb-8473-217d6ed40f81"
  },
  {
    "baseType": 3,
    "name": "Owner Login",
    "defaultValue": "",
    "description": "",
    "helpText": "",
    "isSystem": false,
    "minLength": 0,
    "maxLength": 30,
    "validationRegex": "",
    "isValidate": false,
    "uuid": "5a1b78b2-2b3d-4857-99f2-989f4aa51204"
  },
  {
    "baseType": 3,
    "name": "Owner Support Company",
    "defaultValue": "",
    "description": "",
    "helpText": "",
    "isSystem": false,
    "minLength": 0,
    "maxLength": 100,
    "validationRegex": "",
    "isValidate": false,
    "uuid": "afc94bee-0be1-4f02-b7f1-471836d4deb2"
  },
  {
    "baseType": 3,
    "name": "Owner Support Organization",
    "defaultValue": "",
    "description": "",
    "helpText": "",
    "isSystem": false,
    "minLength": 0,
    "maxLength": 100,
    "validationRegex": "",
    "isValidate": false,
    "uuid": "9f78a66d-e37b-475c-bf1a-980469591a0e"
  },
  {
    "baseType": 3,
    "name": "Phone Number",
    "defaultValue": "",
    "description": "",
    "helpText": "",
    "isSystem": false,
    "minLength": 0,
    "maxLength": 20,
    "validationRegex": "",
    "isValidate": false,
    "uuid": "91db42cf-f5ac-4b5d-be1c-d5aab6c94883"
  },
  {
    "baseType": 22,
    "name": "Priority",
    "description": "",
    "helpText": "",
    "isSystem": false,
    "values": [
      {
        "value": "Critical",
        "isDefault": false,
        "isVisible": true
      },
      {
        "value": "High",
        "isDefault": false,
        "isVisible": true
      },
      {
        "value": "Medium",
        "isDefault": false,
        "isVisible": true
      },
      {
        "value": "Low",
        "isDefault": false,
        "isVisible": true
      }
    ],
    "uuid": "8035adec-2d9d-4cce-96f7-48bd1c06412c"
  },
  {
    "baseType": 3,
    "name": "Priority_Short",
    "defaultValue": "",
    "description": "",
    "helpText": "",
    "isSystem": false,
    "minLength": 0,
    "maxLength": 10,
    "validationRegex": "",
    "isValidate": false,
    "uuid": "b6b47fc0-f1bd-45a6-961b-449f6ee6a7dc"
  },
  {
    "baseType": 22,
    "name": "Priority_Short_List",
    "description": "",
    "helpText": "",
    "isSystem": false,
    "values": [
      {
        "value": "P1",
        "isDefault": false,
        "isVisible": true
      },
      {
        "value": "P2",
        "isDefault": false,
        "isVisible": true
      },
      {
        "value": "P3",
        "isDefault": false,
        "isVisible": true
      },
      {
        "value": "P4",
        "isDefault": false,
        "isVisible": true
      },
      {
        "value": "P5",
        "isDefault": false,
        "isVisible": true
      }
    ],
    "uuid": "b46b5dac-71b0-43d2-ae34-619bdd05c724"
  },
  {
    "baseType": 3,
    "name": "Priority Weight",
    "defaultValue": "",
    "description": "",
    "helpText": "",
    "isSystem": false,
    "minLength": 0,
    "maxLength": 10,
    "validationRegex": "",
    "isValidate": false,
    "uuid": "42265ab0-046f-4108-a309-3c21eb7d0e4e"
  },
  {
    "baseType": 3,
    "name": "Product Categorization Tier 1",
    "defaultValue": "",
    "description": "",
    "helpText": "",
    "isSystem": false,
    "minLength": 0,
    "maxLength": 2000,
    "validationRegex": "",
    "isValidate": false,
    "uuid": "893b0376-61f9-4f10-94d6-3d6628ef4e59"
  },
  {
    "baseType": 3,
    "name": "Product Categorization Tier 2",
    "defaultValue": "",
    "description": "",
    "helpText": "",
    "isSystem": false,
    "minLength": 0,
    "maxLength": 2000,
    "validationRegex": "",
    "isValidate": false,
    "uuid": "95fb5867-63c6-48c8-a392-5f85b12ae809"
  },
  {
    "baseType": 3,
    "name": "Product Categorization Tier 3",
    "defaultValue": "",
    "description": "",
    "helpText": "",
    "isSystem": false,
    "minLength": 0,
    "maxLength": 2000,
    "validationRegex": "",
    "isValidate": false,
    "uuid": "59903e45-6920-4372-8fb3-17a4505d1c5a"
  },
  {
    "baseType": 3,
    "name": "Product Model/Version",
    "defaultValue": "",
    "description": "",
    "helpText": "",
    "isSystem": false,
    "minLength": 0,
    "maxLength": 2000,
    "validationRegex": "",
    "isValidate": false,
    "uuid": "ada3bd60-973e-4fc6-a97c-b8ab9fd557e7"
  },
  {
    "baseType": 3,
    "name": "Product Name",
    "defaultValue": "",
    "description": "",
    "helpText": "",
    "isSystem": false,
    "minLength": 0,
    "maxLength": 2000,
    "validationRegex": "",
    "isValidate": false,
    "uuid": "4ce03ed1-be04-4e3f-9080-66da7f64fc55"
  },
  {
    "baseType": 3,
    "name": "Region",
    "defaultValue": "",
    "description": "",
    "helpText": "",
    "isSystem": false,
    "minLength": 0,
    "maxLength": 2000,
    "validationRegex": "",
    "isValidate": false,
    "uuid": "61c9c163-e991-4246-9a23-d114d663420b"
  },
  {
    "baseType": 3,
    "name": "Reported Date",
    "defaultValue": "",
    "description": "",
    "helpText": "",
    "isSystem": false,
    "minLength": 0,
    "maxLength": 30,
    "validationRegex": "",
    "isValidate": false,
    "uuid": "a58b09c4-665c-4921-a338-d28a50e5a63c"
  },
  {
    "baseType": 22,
    "name": "Reported Source",
    "description": "",
    "helpText": "",
    "isSystem": false,
    "values": [
      {
        "value": "Direct Input",
        "isDefault": false,
        "isVisible": true
      },
      {
        "value": "Email",
        "isDefault": false,
        "isVisible": true
      },
      {
        "value": "External Escalation",
        "isDefault": false,
        "isVisible": true
      },
      {
        "value": "Fax",
        "isDefault": false,
        "isVisible": true
      },
      {
        "value": "Self Service",
        "isDefault": false,
        "isVisible": true
      },
      {
        "value": "Systems Management",
        "isDefault": false,
        "isVisible": true
      },
      {
        "value": "Phone",
        "isDefault": false,
        "isVisible": true
      },
      {
        "value": "Voice Mail",
        "isDefault": false,
        "isVisible": true
      },
      {
        "value": "Walk In",
        "isDefault": false,
        "isVisible": true
      },
      {
        "value": "Web",
        "isDefault": false,
        "isVisible": true
      },
      {
        "value": "Other",
        "isDefault": false,
        "isVisible": true
      }
    ],
    "uuid": "7b492304-4659-4bad-8dbc-1f3362e1c005"
  },
  {
    "baseType": 3,
    "name": "Request ID",
    "defaultValue": "",
    "description": "Unique identifier/entity ID for use by REST calls.",
    "helpText": "",
    "isSystem": false,
    "minLength": 0,
    "maxLength": 200,
    "validationRegex": "",
    "isValidate": false,
    "uuid": "7d3a89b6-375f-4921-9124-a8f244932a32"
  },
  {
    "baseType": 3,
    "name": "Resolution",
    "defaultValue": "",
    "description": "",
    "helpText": "",
    "isSystem": false,
    "minLength": 0,
    "maxLength": 2000,
    "validationRegex": "",
    "isValidate": false,
    "uuid": "3fbb5272-177c-4b39-8cfd-433fb40e63e9"
  },
  {
    "baseType": 3,
    "name": "Resolution Category",
    "defaultValue": "",
    "description": "",
    "helpText": "",
    "isSystem": false,
    "minLength": 0,
    "maxLength": 2000,
    "validationRegex": "",
    "isValidate": false,
    "uuid": "ac814b0c-122c-4ce2-9be7-07d38d4d083b"
  },
  {
    "baseType": 3,
    "name": "Resolution Category Tier 2",
    "defaultValue": "",
    "description": "",
    "helpText": "",
    "isSystem": false,
    "minLength": 0,
    "maxLength": 2000,
    "validationRegex": "",
    "isValidate": false,
    "uuid": "20c2c5d5-dba1-4ceb-9433-0edba0e646c7"
  },
  {
    "baseType": 3,
    "name": "Resolution Category Tier 3",
    "defaultValue": "",
    "description": "",
    "helpText": "",
    "isSystem": false,
    "minLength": 0,
    "maxLength": 2000,
    "validationRegex": "",
    "isValidate": false,
    "uuid": "493411e9-660d-4f1f-9620-033483e85ae2"
  },
  {
    "baseType": 3,
    "name": "Resolution Method",
    "defaultValue": "",
    "description": "",
    "helpText": "",
    "isSystem": false,
    "minLength": 0,
    "maxLength": 2000,
    "validationRegex": "",
    "isValidate": false,
    "uuid": "4177172e-c22e-46fd-b9cb-4015b7228ded"
  },
  {
    "baseType": 3,
    "name": "ServiceCI",
    "defaultValue": "",
    "description": "",
    "helpText": "",
    "isSystem": false,
    "minLength": 0,
    "maxLength": 2000,
    "validationRegex": "",
    "isValidate": false,
    "uuid": "cc101635-4b94-4f94-8fc6-47d544571014"
  },
  {
    "baseType": 22,
    "name": "Service Type",
    "description": "",
    "helpText": "",
    "isSystem": false,
    "values": [
      {
        "value": "User Service Restoration",
        "isDefault": false,
        "isVisible": true
      },
      {
        "value": "User Service Request",
        "isDefault": false,
        "isVisible": true
      },
      {
        "value": "Infrastructure Restoration",
        "isDefault": false,
        "isVisible": true
      },
      {
        "value": "Infrastructure Event",
        "isDefault": false,
        "isVisible": true
      }
    ],
    "uuid": "2eb3bc7e-8745-4f73-8d4c-47d9f8f6a12d"
  },
  {
    "baseType": 3,
    "name": "Site",
    "defaultValue": "",
    "description": "",
    "helpText": "",
    "isSystem": false,
    "minLength": 0,
    "maxLength": 2000,
    "validationRegex": "",
    "isValidate": false,
    "uuid": "d3fb6341-5d10-47d4-bc79-6969149207d9"
  },
  {
    "baseType": 3,
    "name": "Site Group",
    "defaultValue": "",
    "description": "",
    "helpText": "",
    "isSystem": false,
    "minLength": 0,
    "maxLength": 2000,
    "validationRegex": "",
    "isValidate": false,
    "uuid": "2a90737e-487c-4868-8481-efe132e7eb58"
  },
  {
    "baseType": 3,
    "name": "Site ID",
    "defaultValue": "",
    "description": "",
    "helpText": "",
    "isSystem": false,
    "minLength": 0,
    "maxLength": 30,
    "validationRegex": "",
    "isValidate": false,
    "uuid": "14b11a53-4800-4455-af9f-1ea895e15389"
  },
  {
    "baseType": 22,
    "name": "SLM Status",
    "description": "",
    "helpText": "",
    "isSystem": false,
    "values": [
      {
        "value": "No Service Target Assigned",
        "isDefault": false,
        "isVisible": true
      },
      {
        "value": "Within the Service Target",
        "isDefault": false,
        "isVisible": true
      },
      {
        "value": "Service Target Warning",
        "isDefault": false,
        "isVisible": true
      },
      {
        "value": "Service Targets Breached",
        "isDefault": false,
        "isVisible": true
      },
      {
        "value": "All Service Targets Breached",
        "isDefault": false,
        "isVisible": true
      }
    ],
    "uuid": "5178556b-6f46-4d1a-a3d3-aa48f0aeaa48"
  },
  {
    "baseType": 22,
    "name": "Status",
    "description": "",
    "helpText": "",
    "isSystem": false,
    "values": [
      {
        "value": "New",
        "isDefault": false,
        "isVisible": true
      },
      {
        "value": "Assigned",
        "isDefault": false,
        "isVisible": true
      },
      {
        "value": "In Progress",
        "isDefault": false,
        "isVisible": true
      },
      {
        "value": "Pending",
        "isDefault": false,
        "isVisible": true
      },
      {
        "value": "Resolved",
        "isDefault": false,
        "isVisible": true
      },
      {
        "value": "Closed",
        "isDefault": false,
        "isVisible": true
      },
      {
        "value": "Cancelled",
        "isDefault": false,
        "isVisible": true
      }
    ],
    "uuid": "381bd2bc-b5ee-4eab-bdd7-c234e0a2c878"
  },
  {
    "baseType": 22,
    "name": "Status_Reason",
    "description": "",
    "helpText": "",
    "isSystem": false,
    "values": [
      {
        "value": "Automated Resolution Reported",
        "isDefault": false,
        "isVisible": true
      },
      {
        "value": "Client Action Required",
        "isDefault": false,
        "isVisible": true
      },
      {
        "value": "Client Hold",
        "isDefault": false,
        "isVisible": true
      },
      {
        "value": "Customer Follow-Up Required",
        "isDefault": false,
        "isVisible": true
      },
      {
        "value": "Future Enhancement",
        "isDefault": false,
        "isVisible": true
      },
      {
        "value": "Infrastructure Change",
        "isDefault": false,
        "isVisible": true
      },
      {
        "value": "Infrastructure Change Created",
        "isDefault": false,
        "isVisible": true
      },
      {
        "value": "Local Site Action Required",
        "isDefault": false,
        "isVisible": true
      },
      {
        "value": "Monitoring Incident",
        "isDefault": false,
        "isVisible": true
      },
      {
        "value": "No further Action Required",
        "isDefault": false,
        "isVisible": true
      },
      {
        "value": "No longer a Causal CI",
        "isDefault": false,
        "isVisible": true
      },
      {
        "value": "Purchase Order Approval",
        "isDefault": false,
        "isVisible": true
      },
      {
        "value": "Registration Approval",
        "isDefault": false,
        "isVisible": true
      },
      {
        "value": "Request",
        "isDefault": false,
        "isVisible": true
      },
      {
        "value": "Supplier Delivery",
        "isDefault": false,
        "isVisible": true
      },
      {
        "value": "Support Contact Hold",
        "isDefault": false,
        "isVisible": true
      },
      {
        "value": "Temporary Corrective Action",
        "isDefault": false,
        "isVisible": true
      },
      {
        "value": "Third Party Vendor Action Required",
        "isDefault": false,
        "isVisible": true
      }
    ],
    "uuid": "ab5a087d-2ca7-42d7-af77-216dddaeee12"
  },
  {
    "baseType": 3,
    "name": "Summary",
    "defaultValue": "",
    "description": "",
    "helpText": "",
    "isSystem": false,
    "minLength": 0,
    "maxLength": 2000,
    "validationRegex": "",
    "isValidate": false,
    "uuid": "9e4237c9-17dd-4403-8b18-771d0be814b8"
  },
  {
    "baseType": 3,
    "name": "ticketLink",
    "defaultValue": "",
    "description": "Direct URL to ticket",
    "helpText": "",
    "isSystem": false,
    "minLength": 0,
    "maxLength": 20000,
    "validationRegex": "",
    "isValidate": false,
    "uuid": "c773ab28-6c79-4bee-aaca-dc06da117166"
  },
  {
    "baseType": 22,
    "name": "Urgency",
    "description": "",
    "helpText": "",
    "isSystem": false,
    "values": [
      {
        "value": "1-Critical",
        "isDefault": false,
        "isVisible": true
      },
      {
        "value": "2-High",
        "isDefault": false,
        "isVisible": true
      },
      {
        "value": "3-Medium",
        "isDefault": false,
        "isVisible": true
      },
      {
        "value": "4-Low",
        "isDefault": false,
        "isVisible": true
      }
    ],
    "uuid": "4823bdb8-5eeb-4774-9fb2-804a6e410652"
  },
  {
    "baseType": 22,
    "name": "VIP",
    "description": "",
    "helpText": "",
    "isSystem": false,
    "values": [
      {
        "value": "No",
        "isDefault": false,
        "isVisible": true
      },
      {
        "value": "Yes",
        "isDefault": false,
        "isVisible": true
      }
    ],
    "uuid": "b692db51-8b03-42c3-b822-234638b1d810"
  },
  {
    "baseType": 3,
    "name": "xM_Remedy_Action",
    "defaultValue": "",
    "description": "Type of Incident notification: New, Reopened, etc.",
    "helpText": "",
    "isSystem": false,
    "minLength": 0,
    "maxLength": 100,
    "validationRegex": "",
    "isValidate": false,
    "uuid": "76384e22-4940-4445-bb7b-55dee1c4784d"
  }
]