{
  "name": "Incident Alerts Workflow",
  "description": "",
  "form": "37a46883-95f2-4478-b177-9e0285793a24",
  "blocks": [
    {
      "id": "4865c474-9b6d-46dd-9a92-cd6e1346c2c3",
      "label": "Acknowledge",
      "environment": "HOSTED",
      "presentation": "{\"w\":100,\"h\":50}",
      "step": "0e5a72e6-c777-497e-9117-67fd37ed8d08",
      "stepType": "INTEGRATION"
    },
    {
      "id": "270e31fd-ae24-4f4c-be09-ab3c1e3151ee",
      "label": "Action",
      "environment": "HOSTED",
      "presentation": "{\"w\":60,\"x\":220,\"h\":60,\"y\":495}",
      "stepType": "SWITCH",
      "inputMappings": [
        {
          "inputPort": "input",
          "mapping": "${18bf3fe3-b30c-4de1-b0f1-012e3f3b2811.Action}"
        }
      ],
      "switchCases": [
        {
          "caseId": "e2705723-4e85-45a3-9b1c-fc44b1381b4b",
          "caseValue": "Add"
        },
        {
          "caseId": "5845d054-9191-4774-b3ea-093ae836bcbf",
          "caseValue": "Delete"
        }
      ]
    },
    {
      "id": "c49510f4-dd14-4e44-85c7-7e55141c535e",
      "label": "Assign to me",
      "environment": "HOSTED",
      "presentation": "{\"w\":100,\"h\":50}",
      "step": "2d3a2d39-5e68-4e97-9d6b-963fd2cf5fa4",
      "stepType": "INTEGRATION"
    },
    {
      "id": "5eef923a-82b6-4bdb-be0c-319c126b0242",
      "label": "Delivery Status",
      "environment": "HOSTED",
      "presentation": "{\"w\":60,\"x\":220,\"h\":60,\"y\":1548}",
      "stepType": "SWITCH",
      "inputMappings": [
        {
          "inputPort": "input",
          "mapping": "${triggerOutputDELIVERYSTATUS.deliveryStatusUpdated.auditType}"
        }
      ],
      "switchCases": [
        {
          "caseId": "82d86762-1a01-40e7-9676-a50a8f99c8a3",
          "caseValue": "NOTIFICATION_DELIVERED"
        },
        {
          "caseId": "484674ba-ef5e-4abf-bc87-6802467fda3c",
          "caseValue": "NOTIFICATION_FAILED"
        }
      ]
    },
    {
      "id": "ee7f52a5-706e-4607-9ffc-7e608e499b40",
      "label": "Escalate",
      "environment": "HOSTED",
      "presentation": "{\"w\":100,\"h\":50}",
      "step": "9a48704a-4496-4f04-a135-5fb32975a88d",
      "stepType": "INTEGRATION"
    },
    {
      "id": "1565eb26-8db6-45c7-a241-3cf4451b0273",
      "label": "Get Events",
      "environment": "HOSTED",
      "presentation": "{\"w\":60,\"x\":440,\"h\":60,\"y\":780}",
      "step": "f36cf6ba-2225-5cb3-831f-030a05527c72",
      "stepType": "SCRIPT_STEP",
      "inputMappings": [
        {
          "inputPort": "input",
          "mapping": "ACTIVE,SUSPENDED",
          "stepInput": "fa86536b-3508-56de-884b-503596bd64c2"
        },
        {
          "inputPort": "input",
          "mapping": "Incident Number#en",
          "stepInput": "72cd05cc-dfe2-5933-b85c-edcf1df9f56f"
        },
        {
          "inputPort": "input",
          "mapping": "${18bf3fe3-b30c-4de1-b0f1-012e3f3b2811.ID}",
          "stepInput": "b58893a5-ffaf-502d-982b-613dcd7b2232"
        },
        {
          "inputPort": "input",
          "mapping": "TRUE",
          "stepInput": "3bb89cc9-b89f-5291-9c54-1da7bc6c051a"
        }
      ]
    },
    {
      "id": "6a8827a5-88ee-47c0-8536-24263e2d4431",
      "label": "Get Events",
      "environment": "HOSTED",
      "presentation": "{\"w\":60,\"x\":660,\"h\":60,\"y\":630}",
      "step": "f36cf6ba-2225-5cb3-831f-030a05527c72",
      "stepType": "SCRIPT_STEP",
      "inputMappings": [
        {
          "inputPort": "input",
          "mapping": "ACTIVE,SUSPENDED",
          "stepInput": "fa86536b-3508-56de-884b-503596bd64c2"
        },
        {
          "inputPort": "input",
          "mapping": "Incident Number#en",
          "stepInput": "72cd05cc-dfe2-5933-b85c-edcf1df9f56f"
        },
        {
          "inputPort": "input",
          "mapping": "${18bf3fe3-b30c-4de1-b0f1-012e3f3b2811.ID}",
          "stepInput": "b58893a5-ffaf-502d-982b-613dcd7b2232"
        },
        {
          "inputPort": "input",
          "mapping": "TRUE",
          "stepInput": "3bb89cc9-b89f-5291-9c54-1da7bc6c051a"
        }
      ]
    },
    {
      "id": "6da0f686-dfa8-4b6a-b39d-849f20dcdc7c",
      "endpoint": "Helix ITSM",
      "label": "Helix | Add Assignee | Incident",
      "environment": "HOSTED",
      "presentation": "{\"w\":100,\"x\":440,\"h\":50,\"y\":2591}",
      "step": "463b37b7-2d4a-4813-b470-aea2eb0df8ec",
      "stepType": "SCRIPT_STEP",
      "inputMappings": [
        {
          "inputPort": "input",
          "mapping": "${37a46883-95f2-4478-b177-9e0285793a24.respondedTo.by.firstName} ${37a46883-95f2-4478-b177-9e0285793a24.respondedTo.by.lastName}",
          "stepInput": "dfc572e2-5061-4469-8479-1504f63bb12e"
        },
        {
          "inputPort": "input",
          "mapping": "${37a46883-95f2-4478-b177-9e0285793a24.respondedTo.by.firstName}",
          "stepInput": "25e96298-d00c-4f4c-b8e2-4c7c6d6d54a8"
        },
        {
          "inputPort": "input",
          "mapping": "${37a46883-95f2-4478-b177-9e0285793a24.respondedTo.by.lastName}",
          "stepInput": "3a2a5d37-929c-4655-b43b-7b7b20d0f2bc"
        },
        {
          "inputPort": "input",
          "mapping": "${37a46883-95f2-4478-b177-9e0285793a24.respondedTo.by.targetName}",
          "stepInput": "1dfd00c3-fa34-4767-8ce4-9f157ed34018"
        },
        {
          "inputPort": "input",
          "mapping": "${37a46883-95f2-4478-b177-9e0285793a24.event.properties.Incident Number}",
          "stepInput": "f721854f-b4d8-4a0f-8697-783f5a7fce5c"
        },
        {
          "inputPort": "input",
          "mapping": "${37a46883-95f2-4478-b177-9e0285793a24.event.properties.Request ID}",
          "stepInput": "b47ef649-7c97-4b9a-9db1-eaf60fe974b6"
        },
        {
          "inputPort": "input",
          "mapping": "${37a46883-95f2-4478-b177-9e0285793a24.event.properties.Assigned Support Company}",
          "stepInput": "b050d866-ed8c-4991-aec0-4a2dc6252a2d"
        },
        {
          "inputPort": "input",
          "mapping": "${37a46883-95f2-4478-b177-9e0285793a24.event.properties.Assigned Support Organization}",
          "stepInput": "e5c4d03d-33f9-42dc-b449-9ab0d451d13a"
        },
        {
          "inputPort": "input",
          "mapping": "${37a46883-95f2-4478-b177-9e0285793a24.event.properties.Assigned Group}",
          "stepInput": "e4316401-ad3e-440e-8534-9df721e745b9"
        },
        {
          "inputPort": "input",
          "mapping": "${37a46883-95f2-4478-b177-9e0285793a24.event.properties.Assigned Group ID}",
          "stepInput": "fed90033-114c-48f8-8b8d-3bdc412093d3"
        },
        {
          "inputPort": "input",
          "mapping": "${constants.HELIX_STATUS_IN_PROGRESS}",
          "stepInput": "7d38188f-309b-4657-baa8-6da2eb1c653d"
        }
      ]
    },
    {
      "id": "a0760681-ba44-4d72-bc58-d2fed4022781",
      "endpoint": "Helix ITSM",
      "label": "Helix | Add Work Info | Incident",
      "environment": "HOSTED",
      "presentation": "{\"w\":100,\"x\":220,\"h\":50,\"y\":2216}",
      "step": "4f8343d7-52a2-4fe5-9524-8ebd8c8705ce",
      "stepType": "SCRIPT_STEP",
      "inputMappings": [
        {
          "inputPort": "input",
          "mapping": "${37a46883-95f2-4478-b177-9e0285793a24.event.properties.Incident Number}",
          "stepInput": "cf629cc0-eb93-4aa2-a38a-3ee900ea22c1"
        },
        {
          "inputPort": "input",
          "mapping": "${37a46883-95f2-4478-b177-9e0285793a24.event.properties.Request ID}",
          "stepInput": "d02762d4-f3dc-4062-9c73-35f916bbefef"
        },
        {
          "inputPort": "input",
          "mapping": "${constants.NOTE_PREFIX_DEFAULT} ${37a46883-95f2-4478-b177-9e0285793a24.annotation.author.firstName} ${37a46883-95f2-4478-b177-9e0285793a24.annotation.author.lastName} | Response [ ${37a46883-95f2-4478-b177-9e0285793a24.annotation.response.response} ] | Commented [ ${37a46883-95f2-4478-b177-9e0285793a24.annotation.comment} ]",
          "stepInput": "72ac5004-df51-487b-83eb-5616dc624327"
        }
      ]
    },
    {
      "id": "b2576746-993b-44d6-9437-a10e504f6082",
      "endpoint": "Helix ITSM",
      "label": "Helix | Add Work Info | Incident",
      "environment": "HOSTED",
      "presentation": "{\"w\":100,\"x\":220,\"h\":50,\"y\":2747}",
      "step": "4f8343d7-52a2-4fe5-9524-8ebd8c8705ce",
      "stepType": "SCRIPT_STEP",
      "inputMappings": [
        {
          "inputPort": "input",
          "mapping": "${37a46883-95f2-4478-b177-9e0285793a24.event.properties.Incident Number}",
          "stepInput": "cf629cc0-eb93-4aa2-a38a-3ee900ea22c1"
        },
        {
          "inputPort": "input",
          "mapping": "${37a46883-95f2-4478-b177-9e0285793a24.event.properties.Request ID}",
          "stepInput": "d02762d4-f3dc-4062-9c73-35f916bbefef"
        },
        {
          "inputPort": "input",
          "mapping": "${constants.NOTE_PREFIX_DEFAULT} ${37a46883-95f2-4478-b177-9e0285793a24.respondedTo.by.firstName} ${37a46883-95f2-4478-b177-9e0285793a24.respondedTo.by.lastName} | ${37a46883-95f2-4478-b177-9e0285793a24.response.deviceName} responded [ ${37a46883-95f2-4478-b177-9e0285793a24.response.response} ]",
          "stepInput": "72ac5004-df51-487b-83eb-5616dc624327"
        }
      ]
    },
    {
      "id": "f5660cbb-3c8a-44e5-94ec-6262cdfff613",
      "endpoint": "Helix ITSM",
      "label": "Helix | Add Work Info | Incident",
      "environment": "HOSTED",
      "presentation": "{\"w\":100,\"x\":1100,\"h\":50,\"y\":1083}",
      "step": "4f8343d7-52a2-4fe5-9524-8ebd8c8705ce",
      "stepType": "SCRIPT_STEP",
      "inputMappings": [
        {
          "inputPort": "input",
          "mapping": "${18bf3fe3-b30c-4de1-b0f1-012e3f3b2811.ID}",
          "stepInput": "cf629cc0-eb93-4aa2-a38a-3ee900ea22c1"
        },
        {
          "inputPort": "input",
          "mapping": "${constants.NOTE_PREFIX_DEFAULT} ${18bf3fe3-b30c-4de1-b0f1-012e3f3b2811.ID} ${18bf3fe3-b30c-4de1-b0f1-012e3f3b2811.Delete Message}",
          "stepInput": "72ac5004-df51-487b-83eb-5616dc624327"
        }
      ]
    },
    {
      "id": "0b616757-25d7-4c9a-b968-683e594823f2",
      "endpoint": "Helix ITSM",
      "label": "Helix | Add Work Info | Incident",
      "environment": "HOSTED",
      "presentation": "{\"w\":100,\"x\":440,\"h\":50,\"y\":1833}",
      "step": "4f8343d7-52a2-4fe5-9524-8ebd8c8705ce",
      "stepType": "SCRIPT_STEP",
      "inputMappings": [
        {
          "inputPort": "input",
          "mapping": "${37a46883-95f2-4478-b177-9e0285793a24.event.properties.Incident Number}",
          "stepInput": "cf629cc0-eb93-4aa2-a38a-3ee900ea22c1"
        },
        {
          "inputPort": "input",
          "mapping": "${37a46883-95f2-4478-b177-9e0285793a24.event.properties.Request ID}",
          "stepInput": "d02762d4-f3dc-4062-9c73-35f916bbefef"
        },
        {
          "inputPort": "input",
          "mapping": "${constants.NOTE_PREFIX_DEFAULT} Notification ${37a46883-95f2-4478-b177-9e0285793a24.notification.deliveryStatus} to ${37a46883-95f2-4478-b177-9e0285793a24.notification.recipient.targetName}",
          "stepInput": "72ac5004-df51-487b-83eb-5616dc624327"
        }
      ]
    },
    {
      "id": "240a1e32-0dee-4100-99e5-e08791145863",
      "endpoint": "Helix ITSM",
      "label": "Helix | Add Work Info | Incident",
      "environment": "HOSTED",
      "presentation": "{\"w\":100,\"x\":220,\"h\":50,\"y\":2591}",
      "step": "4f8343d7-52a2-4fe5-9524-8ebd8c8705ce",
      "stepType": "SCRIPT_STEP",
      "inputMappings": [
        {
          "inputPort": "input",
          "mapping": "${37a46883-95f2-4478-b177-9e0285793a24.event.properties.Incident Number}",
          "stepInput": "cf629cc0-eb93-4aa2-a38a-3ee900ea22c1"
        },
        {
          "inputPort": "input",
          "mapping": "${37a46883-95f2-4478-b177-9e0285793a24.event.properties.Request ID}",
          "stepInput": "d02762d4-f3dc-4062-9c73-35f916bbefef"
        },
        {
          "inputPort": "input",
          "mapping": "${constants.NOTE_PREFIX_DEFAULT} ${37a46883-95f2-4478-b177-9e0285793a24.respondedTo.by.firstName} ${37a46883-95f2-4478-b177-9e0285793a24.respondedTo.by.lastName} | ${37a46883-95f2-4478-b177-9e0285793a24.response.deviceName} responded [ ${37a46883-95f2-4478-b177-9e0285793a24.response.response} ]",
          "stepInput": "72ac5004-df51-487b-83eb-5616dc624327"
        }
      ]
    },
    {
      "id": "39b28a39-ed23-41be-bdfb-ca54ff785a7d",
      "endpoint": "Helix ITSM",
      "label": "Helix | Add Work Info | Incident",
      "environment": "HOSTED",
      "presentation": "{\"w\":100,\"x\":440,\"h\":50,\"y\":1683}",
      "step": "4f8343d7-52a2-4fe5-9524-8ebd8c8705ce",
      "stepType": "SCRIPT_STEP",
      "inputMappings": [
        {
          "inputPort": "input",
          "mapping": "${37a46883-95f2-4478-b177-9e0285793a24.event.properties.Incident Number}",
          "stepInput": "cf629cc0-eb93-4aa2-a38a-3ee900ea22c1"
        },
        {
          "inputPort": "input",
          "mapping": "${37a46883-95f2-4478-b177-9e0285793a24.event.properties.Request ID}",
          "stepInput": "d02762d4-f3dc-4062-9c73-35f916bbefef"
        },
        {
          "inputPort": "input",
          "mapping": "${constants.NOTE_PREFIX_DEFAULT} Notification ${37a46883-95f2-4478-b177-9e0285793a24.notification.deliveryStatus} to ${37a46883-95f2-4478-b177-9e0285793a24.notification.recipient.owner.firstName} ${37a46883-95f2-4478-b177-9e0285793a24.notification.recipient.owner.lastName} | ${37a46883-95f2-4478-b177-9e0285793a24.notification.recipient.name}",
          "stepInput": "72ac5004-df51-487b-83eb-5616dc624327"
        }
      ]
    },
    {
      "id": "574903eb-98ee-4410-84d2-afd65da2acca",
      "endpoint": "Helix ITSM",
      "label": "Helix | Add Work Info | Incident",
      "environment": "HOSTED",
      "presentation": "{\"w\":100,\"x\":220,\"h\":50,\"y\":1313}",
      "step": "4f8343d7-52a2-4fe5-9524-8ebd8c8705ce",
      "stepType": "SCRIPT_STEP",
      "inputMappings": [
        {
          "inputPort": "input",
          "mapping": "${37a46883-95f2-4478-b177-9e0285793a24.event.properties.Incident Number}",
          "stepInput": "cf629cc0-eb93-4aa2-a38a-3ee900ea22c1"
        },
        {
          "inputPort": "input",
          "mapping": "${37a46883-95f2-4478-b177-9e0285793a24.event.properties.Request ID}",
          "stepInput": "d02762d4-f3dc-4062-9c73-35f916bbefef"
        },
        {
          "inputPort": "input",
          "mapping": "${constants.NOTE_PREFIX_DEFAULT} Event [ ${37a46883-95f2-4478-b177-9e0285793a24.event.eventId} ] ${37a46883-95f2-4478-b177-9e0285793a24.statusChanged.auditType}",
          "stepInput": "72ac5004-df51-487b-83eb-5616dc624327"
        }
      ]
    },
    {
      "id": "4dd67c1b-6c7f-4c26-b185-7081db06c336",
      "endpoint": "Helix ITSM",
      "label": "Helix | Get Incident",
      "environment": "HOSTED",
      "presentation": "{\"w\":100,\"x\":440,\"h\":50,\"y\":630}",
      "step": "ad3c1db9-9b3b-47ee-9b98-11301c06fb80",
      "stepType": "SCRIPT_STEP",
      "inputMappings": [
        {
          "inputPort": "input",
          "mapping": "${18bf3fe3-b30c-4de1-b0f1-012e3f3b2811.ID}",
          "stepInput": "5976bbc1-4ff2-4719-a060-0ec2b8d04f54"
        }
      ]
    },
    {
      "id": "727350ab-8430-4047-b651-e8ac5351d7ba",
      "endpoint": "xMatters",
      "label": "Helix | POST to xM IB Integration",
      "environment": "HOSTED",
      "presentation": "{\"w\":60,\"x\":1540,\"h\":60,\"y\":780}",
      "step": "95d33e48-cd76-5120-bdb5-ed5dc549ecec",
      "stepType": "SCRIPT_STEP",
      "inputMappings": [
        {
          "inputPort": "input",
          "mapping": "${constants.XMATTERS_INCIDENT_EVENT_IB_PATH}",
          "stepInput": "9c92fd36-706a-55b6-8789-7d75e10fbfa1"
        },
        {
          "inputPort": "input",
          "mapping": "application/json",
          "stepInput": "265bf232-ca30-5672-8ed7-c937d6817138"
        },
        {
          "inputPort": "input",
          "mapping": "${86044c87-bb16-4b76-a5a6-0985b1852264.Trigger Payload}",
          "stepInput": "084625d4-f7b5-58e6-b2d5-5dc8fd246bba"
        }
      ]
    },
    {
      "id": "86044c87-bb16-4b76-a5a6-0985b1852264",
      "label": "Helix | Prepare Trigger Payload",
      "environment": "HOSTED",
      "presentation": "{\"w\":100,\"x\":1320,\"h\":50,\"y\":780}",
      "step": "06d444fc-68c8-4a87-8580-859fa0819183",
      "stepType": "SCRIPT_STEP",
      "inputMappings": [
        {
          "inputPort": "input",
          "mapping": "${4dd67c1b-6c7f-4c26-b185-7081db06c336.Incident JSON Object}",
          "stepInput": "37d0d3f7-b873-42ca-910c-4c87483f56f5"
        },
        {
          "inputPort": "input",
          "mapping": "${18bf3fe3-b30c-4de1-b0f1-012e3f3b2811.Action}",
          "stepInput": "8549400b-70ce-4bac-ace0-43414847f0d0"
        },
        {
          "inputPort": "input",
          "mapping": "${18bf3fe3-b30c-4de1-b0f1-012e3f3b2811.Form}",
          "stepInput": "d106c0f9-7eaf-4d54-9da5-85e3caa655e0"
        },
        {
          "inputPort": "input",
          "mapping": "${constants.RESPONSE_OPTIONS_INCIDENT_GROUP}",
          "stepInput": "62d56bf1-2e40-48ed-a7f7-334ce0c0b39b"
        },
        {
          "inputPort": "input",
          "mapping": "${constants.RESPONSE_OPTIONS_INCIDENT_USER}",
          "stepInput": "1778aeb4-8b76-4605-96b8-a28f0552ad33"
        },
        {
          "inputPort": "input",
          "mapping": "${constants.HELIX_FQDN}",
          "stepInput": "1977c828-d5f1-4329-a1b9-5f27e90f5327"
        },
        {
          "inputPort": "input",
          "mapping": "${constants.HELIX_SERVER_NAME}",
          "stepInput": "3469ad35-281b-47f5-933d-e1722fc6fd64"
        },
        {
          "inputPort": "input",
          "mapping": "${constants.HELIX_OPT_SIMPLE_GROUP_NAME}",
          "stepInput": "e7f7c940-a78a-4b8f-b661-e87a06c38c3d"
        }
      ]
    },
    {
      "id": "8edb0900-2d32-482f-af37-d555c51cf93a",
      "label": "Incident Alerts - Device Delivery Updates",
      "environment": "HOSTED",
      "presentation": "{\"w\":60,\"x\":0,\"h\":60,\"y\":1533}",
      "step": "4747058b-7416-4ae3-9c9f-7f426a82bbd0",
      "stepType": "INTEGRATION"
    },
    {
      "id": "a3ca2fbd-5766-487a-9697-008f7643aba3",
      "label": "Incident Alerts - Event Comments",
      "environment": "HOSTED",
      "presentation": "{\"w\":60,\"x\":0,\"h\":60,\"y\":2216}",
      "step": "0f371af8-406b-4192-8c55-737e91d79b15",
      "stepType": "INTEGRATION"
    },
    {
      "id": "d4edbae5-c3d0-486f-b116-6703c65334d3",
      "label": "Incident Alerts - Event Status Updates",
      "environment": "HOSTED",
      "presentation": "{\"w\":60,\"x\":0,\"h\":60,\"y\":1313}",
      "step": "8e8866ca-4808-4e25-89f0-c306178c59d9",
      "stepType": "INTEGRATION"
    },
    {
      "id": "190cd946-25af-4579-ae63-2a48b7c9a442",
      "label": "Number Events Found",
      "environment": "HOSTED",
      "presentation": "{\"w\":60,\"x\":880,\"h\":60,\"y\":645}",
      "stepType": "SWITCH",
      "inputMappings": [
        {
          "inputPort": "input",
          "mapping": "${6a8827a5-88ee-47c0-8536-24263e2d4431.Number of Event IDs Returned}"
        }
      ],
      "switchCases": [
        {
          "caseId": "38c846b0-92cd-48fe-bcd6-bc0c8c9c2d5c",
          "caseValue": "0"
        }
      ]
    },
    {
      "id": "64356083-b468-4a2b-a7f9-81570292b4df",
      "label": "Number Events Found",
      "environment": "HOSTED",
      "presentation": "{\"w\":60,\"x\":660,\"h\":60,\"y\":795}",
      "stepType": "SWITCH",
      "inputMappings": [
        {
          "inputPort": "input",
          "mapping": "${1565eb26-8db6-45c7-a241-3cf4451b0273.Number of Event IDs Returned}"
        }
      ],
      "switchCases": [
        {
          "caseId": "c4a28170-4bde-4869-9b9f-dd4ddf30ae89",
          "caseValue": "0"
        }
      ]
    },
    {
      "id": "1e0c26c5-42e9-42bd-ad80-23d475ab3258",
      "label": "Responses",
      "environment": "HOSTED",
      "presentation": "{\"w\":100,\"x\":0,\"h\":50,\"y\":2436}",
      "stepType": "RESPONSES"
    },
    {
      "id": "18bf3fe3-b30c-4de1-b0f1-012e3f3b2811",
      "label": "Step 01 - Helix Inbound Request | JSON",
      "environment": "HOSTED",
      "presentation": "{\"w\":60,\"x\":0,\"h\":60,\"y\":480}",
      "step": "8c07f97d-2f72-4a15-b3c5-d96264014dda",
      "stepType": "INTEGRATION"
    },
    {
      "id": "811d78cb-5e5c-4258-8920-5371fc1cc1c2",
      "label": "Step 01 | Helix Inbound Request | XML",
      "environment": "HOSTED",
      "presentation": "{\"w\":100,\"x\":0,\"h\":50,\"y\":260}",
      "step": "01fefa80-cec1-462d-a68b-9a43bb34c56d",
      "stepType": "INTEGRATION"
    },
    {
      "id": "40eed14b-e691-48b2-a366-bb48b2bab2a3",
      "label": "Step 02 | Create Event | Incident Alert | Flow",
      "environment": "HOSTED",
      "presentation": "{\"w\":100,\"x\":0,\"h\":50,\"y\":40}",
      "step": "847c2953-abf6-4042-ada1-dc6a7cdd00e5",
      "stepType": "INTEGRATION"
    },
    {
      "id": "a98b7666-b30a-4b49-9b1a-d660a6572310",
      "label": "Terminate Events",
      "environment": "HOSTED",
      "presentation": "{\"w\":60,\"x\":880,\"h\":60,\"y\":1083}",
      "step": "798e3053-b4b4-5e8c-ba84-8a11c3be6237",
      "stepType": "SCRIPT_STEP",
      "inputMappings": [
        {
          "inputPort": "input",
          "mapping": "${1565eb26-8db6-45c7-a241-3cf4451b0273.Event IDs}",
          "stepInput": "4fdf2591-4925-5682-8911-f0163d7f98dd"
        }
      ]
    },
    {
      "id": "661fbe3d-6d73-46b8-a7c2-038dbb6f8daf",
      "label": "Terminate Events",
      "environment": "HOSTED",
      "presentation": "{\"w\":60,\"x\":1100,\"h\":60,\"y\":930}",
      "step": "798e3053-b4b4-5e8c-ba84-8a11c3be6237",
      "stepType": "SCRIPT_STEP",
      "inputMappings": [
        {
          "inputPort": "input",
          "mapping": "${6a8827a5-88ee-47c0-8536-24263e2d4431.Event IDs}",
          "stepInput": "4fdf2591-4925-5682-8911-f0163d7f98dd"
        }
      ]
    }
  ],
  "edges": [
    {
      "fromBlock": "86044c87-bb16-4b76-a5a6-0985b1852264",
      "fromPort": "output",
      "toBlock": "727350ab-8430-4047-b651-e8ac5351d7ba",
      "toPort": "input"
    },
    {
      "fromBlock": "8edb0900-2d32-482f-af37-d555c51cf93a",
      "fromPort": "output",
      "toBlock": "5eef923a-82b6-4bdb-be0c-319c126b0242",
      "toPort": "input"
    },
    {
      "fromBlock": "a3ca2fbd-5766-487a-9697-008f7643aba3",
      "fromPort": "output",
      "toBlock": "a0760681-ba44-4d72-bc58-d2fed4022781",
      "toPort": "input"
    },
    {
      "fromBlock": "a98b7666-b30a-4b49-9b1a-d660a6572310",
      "fromPort": "output",
      "toBlock": "f5660cbb-3c8a-44e5-94ec-6262cdfff613",
      "toPort": "input"
    },
    {
      "fromBlock": "c49510f4-dd14-4e44-85c7-7e55141c535e",
      "fromPort": "output",
      "toBlock": "240a1e32-0dee-4100-99e5-e08791145863",
      "toPort": "input"
    },
    {
      "fromBlock": "d4edbae5-c3d0-486f-b116-6703c65334d3",
      "fromPort": "output",
      "toBlock": "574903eb-98ee-4410-84d2-afd65da2acca",
      "toPort": "input"
    },
    {
      "fromBlock": "ee7f52a5-706e-4607-9ffc-7e608e499b40",
      "fromPort": "output",
      "toBlock": "b2576746-993b-44d6-9437-a10e504f6082",
      "toPort": "input"
    },
    {
      "fromBlock": "1565eb26-8db6-45c7-a241-3cf4451b0273",
      "fromPort": "output",
      "toBlock": "64356083-b468-4a2b-a7f9-81570292b4df",
      "toPort": "input"
    },
    {
      "fromBlock": "18bf3fe3-b30c-4de1-b0f1-012e3f3b2811",
      "fromPort": "output",
      "toBlock": "270e31fd-ae24-4f4c-be09-ab3c1e3151ee",
      "toPort": "input"
    },
    {
      "fromBlock": "190cd946-25af-4579-ae63-2a48b7c9a442",
      "fromPort": "38c846b0-92cd-48fe-bcd6-bc0c8c9c2d5c",
      "toBlock": "86044c87-bb16-4b76-a5a6-0985b1852264",
      "toPort": "input"
    },
    {
      "fromBlock": "190cd946-25af-4579-ae63-2a48b7c9a442",
      "fromPort": "output",
      "toBlock": "661fbe3d-6d73-46b8-a7c2-038dbb6f8daf",
      "toPort": "input"
    },
    {
      "fromBlock": "240a1e32-0dee-4100-99e5-e08791145863",
      "fromPort": "output",
      "toBlock": "6da0f686-dfa8-4b6a-b39d-849f20dcdc7c",
      "toPort": "input"
    },
    {
      "fromBlock": "270e31fd-ae24-4f4c-be09-ab3c1e3151ee",
      "fromPort": "5845d054-9191-4774-b3ea-093ae836bcbf",
      "toBlock": "1565eb26-8db6-45c7-a241-3cf4451b0273",
      "toPort": "input"
    },
    {
      "fromBlock": "270e31fd-ae24-4f4c-be09-ab3c1e3151ee",
      "fromPort": "e2705723-4e85-45a3-9b1c-fc44b1381b4b",
      "toBlock": "4dd67c1b-6c7f-4c26-b185-7081db06c336",
      "toPort": "input"
    },
    {
      "fromBlock": "4865c474-9b6d-46dd-9a92-cd6e1346c2c3",
      "fromPort": "output",
      "toBlock": "b2576746-993b-44d6-9437-a10e504f6082",
      "toPort": "input"
    },
    {
      "fromBlock": "4dd67c1b-6c7f-4c26-b185-7081db06c336",
      "fromPort": "output",
      "toBlock": "6a8827a5-88ee-47c0-8536-24263e2d4431",
      "toPort": "input"
    },
    {
      "fromBlock": "5eef923a-82b6-4bdb-be0c-319c126b0242",
      "fromPort": "484674ba-ef5e-4abf-bc87-6802467fda3c",
      "toBlock": "0b616757-25d7-4c9a-b968-683e594823f2",
      "toPort": "input"
    },
    {
      "fromBlock": "5eef923a-82b6-4bdb-be0c-319c126b0242",
      "fromPort": "82d86762-1a01-40e7-9676-a50a8f99c8a3",
      "toBlock": "39b28a39-ed23-41be-bdfb-ca54ff785a7d",
      "toPort": "input"
    },
    {
      "fromBlock": "64356083-b468-4a2b-a7f9-81570292b4df",
      "fromPort": "output",
      "toBlock": "a98b7666-b30a-4b49-9b1a-d660a6572310",
      "toPort": "input"
    },
    {
      "fromBlock": "661fbe3d-6d73-46b8-a7c2-038dbb6f8daf",
      "fromPort": "output",
      "toBlock": "86044c87-bb16-4b76-a5a6-0985b1852264",
      "toPort": "input"
    },
    {
      "fromBlock": "6a8827a5-88ee-47c0-8536-24263e2d4431",
      "fromPort": "output",
      "toBlock": "190cd946-25af-4579-ae63-2a48b7c9a442",
      "toPort": "input"
    }
  ]
}