{
  "name": "Incident Alerts Workflow",
  "description": "",
  "form": "eafc1d64-c25e-4c63-82d6-313bda663364",
  "blocks": [
    {
      "id": "48852329-4d6d-4f9e-988d-9861e40cafcb",
      "label": "Acknowledge",
      "environment": "HOSTED",
      "presentation": "{}",
      "step": "3a3856f5-9014-47b4-872f-d74ef4ecb3b5",
      "stepType": "INTEGRATION"
    },
    {
      "id": "78c463f2-0633-4e9e-85bb-8c87e3efadae",
      "label": "Action",
      "environment": "HOSTED",
      "presentation": "{\"w\":60,\"x\":220,\"h\":60,\"y\":55}",
      "stepType": "SWITCH",
      "inputMappings": [
        {
          "inputPort": "input",
          "mapping": "${b6e66a04-d528-4bc3-ba3c-c764067b6fd1.Action}"
        }
      ],
      "switchCases": [
        {
          "caseId": "499cfbbe-b71b-4af1-a90d-13498daad6e0",
          "caseValue": "Add"
        },
        {
          "caseId": "b2932098-bdfd-4dc4-81a4-8772f753cb29",
          "caseValue": "Delete"
        }
      ]
    },
    {
      "id": "b2c0c0c0-bec0-44d0-86ac-5d3d9c5a482b",
      "label": "Assign to me",
      "environment": "HOSTED",
      "presentation": "{}",
      "step": "8691807f-22a8-477e-a6fa-deb395e8fca1",
      "stepType": "INTEGRATION"
    },
    {
      "id": "02cdfa51-bbb2-416d-83cd-eba2e5f9e65c",
      "label": "Delivery Status",
      "environment": "HOSTED",
      "presentation": "{\"w\":60,\"x\":220,\"h\":60,\"y\":1328}",
      "stepType": "SWITCH",
      "inputMappings": [
        {
          "inputPort": "input",
          "mapping": "${triggerOutputDELIVERYSTATUS.deliveryStatusUpdated.auditType}"
        }
      ],
      "switchCases": [
        {
          "caseId": "870ee3d9-ea70-41db-a3dd-3560b950703b",
          "caseValue": "NOTIFICATION_DELIVERED"
        },
        {
          "caseId": "f94c1cff-2ef8-4c5a-9433-bf5955fd1da5",
          "caseValue": "NOTIFICATION_FAILED"
        }
      ]
    },
    {
      "id": "217eda49-bfa5-49e4-883f-6b9d9a6f7136",
      "label": "Escalate",
      "environment": "HOSTED",
      "presentation": "{}",
      "step": "0f310deb-d816-4a73-be60-c84f91b55da7",
      "stepType": "INTEGRATION"
    },
    {
      "id": "075bbaf2-062f-4b74-99a4-c769b4bb312a",
      "label": "Get Events",
      "environment": "HOSTED",
      "presentation": "{\"w\":60,\"x\":440,\"h\":60,\"y\":340}",
      "step": "f36cf6ba-2225-5cb3-831f-030a05527c72",
      "stepType": "SCRIPT_STEP",
      "inputMappings": [
        {
          "inputPort": "input",
          "mapping": "ACTIVE,SUSPENDED",
          "stepInput": "fa86536b-3508-56de-884b-503596bd64c2"
        },
        {
          "inputPort": "input",
          "mapping": "Incident Number#en",
          "stepInput": "72cd05cc-dfe2-5933-b85c-edcf1df9f56f"
        },
        {
          "inputPort": "input",
          "mapping": "${b6e66a04-d528-4bc3-ba3c-c764067b6fd1.ID}",
          "stepInput": "b58893a5-ffaf-502d-982b-613dcd7b2232"
        },
        {
          "inputPort": "input",
          "mapping": "TRUE",
          "stepInput": "3bb89cc9-b89f-5291-9c54-1da7bc6c051a"
        }
      ]
    },
    {
      "id": "5c61d0df-c4de-4f00-9f88-666f14a275a7",
      "label": "Get Events",
      "environment": "HOSTED",
      "presentation": "{\"w\":60,\"x\":1100,\"h\":60,\"y\":190}",
      "step": "f36cf6ba-2225-5cb3-831f-030a05527c72",
      "stepType": "SCRIPT_STEP",
      "inputMappings": [
        {
          "inputPort": "input",
          "mapping": "ACTIVE,SUSPENDED",
          "stepInput": "fa86536b-3508-56de-884b-503596bd64c2"
        },
        {
          "inputPort": "input",
          "mapping": "Incident Number#en",
          "stepInput": "72cd05cc-dfe2-5933-b85c-edcf1df9f56f"
        },
        {
          "inputPort": "input",
          "mapping": "${b6e66a04-d528-4bc3-ba3c-c764067b6fd1.ID}",
          "stepInput": "b58893a5-ffaf-502d-982b-613dcd7b2232"
        },
        {
          "inputPort": "input",
          "mapping": "TRUE",
          "stepInput": "3bb89cc9-b89f-5291-9c54-1da7bc6c051a"
        }
      ]
    },
    {
      "id": "8c174bc0-d374-4539-a7ef-2eda615673cd",
      "endpoint": "Remedy JWT",
      "label": "Helix | API Token | Acquire",
      "environment": "HOSTED",
      "presentation": "{\"w\":60,\"x\":220,\"h\":60,\"y\":2372}",
      "step": "9242e654-9cba-4480-93a8-ee20ad15a9d5",
      "stepType": "SCRIPT_STEP",
      "inputMappings": [
        {
          "inputPort": "input",
          "mapping": "${constants.USER_HELIX_USERNAME}",
          "stepInput": "f130bd85-3605-4b33-8b67-88fc0d0e9dcc"
        },
        {
          "inputPort": "input",
          "mapping": "${constants.USER_HELIX_PASSWORD}",
          "stepInput": "ad37bfaf-78d3-4f35-907f-794f643fd364"
        }
      ]
    },
    {
      "id": "b1f937a0-7cba-44e2-a676-0ca718a84263",
      "endpoint": "Remedy JWT",
      "label": "Helix | API Token | Acquire",
      "environment": "HOSTED",
      "presentation": "{\"w\":60,\"x\":1100,\"h\":60,\"y\":640}",
      "step": "9242e654-9cba-4480-93a8-ee20ad15a9d5",
      "stepType": "SCRIPT_STEP",
      "inputMappings": [
        {
          "inputPort": "input",
          "mapping": "${constants.USER_HELIX_USERNAME}",
          "stepInput": "f130bd85-3605-4b33-8b67-88fc0d0e9dcc"
        },
        {
          "inputPort": "input",
          "mapping": "${constants.USER_HELIX_PASSWORD}",
          "stepInput": "ad37bfaf-78d3-4f35-907f-794f643fd364"
        }
      ]
    },
    {
      "id": "d8450b2b-37f6-46a3-ae3e-89a5b3d5a40e",
      "endpoint": "Remedy JWT",
      "label": "Helix | API Token | Acquire",
      "environment": "HOSTED",
      "presentation": "{\"w\":60,\"x\":220,\"h\":60,\"y\":1996}",
      "step": "9242e654-9cba-4480-93a8-ee20ad15a9d5",
      "stepType": "SCRIPT_STEP",
      "inputMappings": [
        {
          "inputPort": "input",
          "mapping": "${constants.USER_HELIX_USERNAME}",
          "stepInput": "f130bd85-3605-4b33-8b67-88fc0d0e9dcc"
        },
        {
          "inputPort": "input",
          "mapping": "${constants.USER_HELIX_PASSWORD}",
          "stepInput": "ad37bfaf-78d3-4f35-907f-794f643fd364"
        }
      ]
    },
    {
      "id": "e8afc645-29d5-487c-888d-78bb85bb1933",
      "endpoint": "Remedy JWT",
      "label": "Helix | API Token | Acquire",
      "environment": "HOSTED",
      "presentation": "{\"w\":60,\"x\":440,\"h\":60,\"y\":1613}",
      "step": "9242e654-9cba-4480-93a8-ee20ad15a9d5",
      "stepType": "SCRIPT_STEP",
      "inputMappings": [
        {
          "inputPort": "input",
          "mapping": "${constants.USER_HELIX_USERNAME}",
          "stepInput": "f130bd85-3605-4b33-8b67-88fc0d0e9dcc"
        },
        {
          "inputPort": "input",
          "mapping": "${constants.USER_HELIX_PASSWORD}",
          "stepInput": "ad37bfaf-78d3-4f35-907f-794f643fd364"
        }
      ]
    },
    {
      "id": "fc9ed0ad-bb85-4bb0-9347-272b0ac750c1",
      "endpoint": "Remedy JWT",
      "label": "Helix | API Token | Acquire",
      "environment": "HOSTED",
      "presentation": "{\"w\":60,\"x\":440,\"h\":60,\"y\":1463}",
      "step": "9242e654-9cba-4480-93a8-ee20ad15a9d5",
      "stepType": "SCRIPT_STEP",
      "inputMappings": [
        {
          "inputPort": "input",
          "mapping": "${constants.USER_HELIX_USERNAME}",
          "stepInput": "f130bd85-3605-4b33-8b67-88fc0d0e9dcc"
        },
        {
          "inputPort": "input",
          "mapping": "${constants.USER_HELIX_PASSWORD}",
          "stepInput": "ad37bfaf-78d3-4f35-907f-794f643fd364"
        }
      ]
    },
    {
      "id": "33c2e089-9ace-46df-a987-103430961325",
      "endpoint": "Remedy JWT",
      "label": "Helix | API Token | Acquire",
      "environment": "HOSTED",
      "presentation": "{\"w\":60,\"x\":220,\"h\":60,\"y\":2683}",
      "step": "9242e654-9cba-4480-93a8-ee20ad15a9d5",
      "stepType": "SCRIPT_STEP",
      "inputMappings": [
        {
          "inputPort": "input",
          "mapping": "${constants.USER_HELIX_USERNAME}",
          "stepInput": "f130bd85-3605-4b33-8b67-88fc0d0e9dcc"
        },
        {
          "inputPort": "input",
          "mapping": "${constants.USER_HELIX_PASSWORD}",
          "stepInput": "ad37bfaf-78d3-4f35-907f-794f643fd364"
        }
      ]
    },
    {
      "id": "6b436d94-732a-43f0-851d-35288bde5044",
      "endpoint": "Remedy JWT",
      "label": "Helix | API Token | Acquire",
      "environment": "HOSTED",
      "presentation": "{\"w\":60,\"x\":220,\"h\":60,\"y\":1093}",
      "step": "9242e654-9cba-4480-93a8-ee20ad15a9d5",
      "stepType": "SCRIPT_STEP",
      "inputMappings": [
        {
          "inputPort": "input",
          "mapping": "${constants.USER_HELIX_USERNAME}",
          "stepInput": "f130bd85-3605-4b33-8b67-88fc0d0e9dcc"
        },
        {
          "inputPort": "input",
          "mapping": "${constants.USER_HELIX_PASSWORD}",
          "stepInput": "ad37bfaf-78d3-4f35-907f-794f643fd364"
        }
      ]
    },
    {
      "id": "7a94c4ec-9dbe-41dd-9a9a-f5fa14c4296d",
      "endpoint": "Remedy JWT",
      "label": "Helix | API Token | Acquire",
      "environment": "HOSTED",
      "presentation": "{\"w\":60,\"x\":440,\"h\":60,\"y\":190}",
      "step": "9242e654-9cba-4480-93a8-ee20ad15a9d5",
      "stepType": "SCRIPT_STEP",
      "inputMappings": [
        {
          "inputPort": "input",
          "mapping": "${constants.USER_HELIX_USERNAME}",
          "stepInput": "f130bd85-3605-4b33-8b67-88fc0d0e9dcc"
        },
        {
          "inputPort": "input",
          "mapping": "${constants.USER_HELIX_PASSWORD}",
          "stepInput": "ad37bfaf-78d3-4f35-907f-794f643fd364"
        }
      ]
    },
    {
      "id": "91be2247-70dd-4701-a0f7-449171826a33",
      "endpoint": "Remedy JWT",
      "label": "Helix | API Token | Release",
      "environment": "HOSTED",
      "presentation": "{\"w\":60,\"x\":1540,\"h\":60,\"y\":643}",
      "step": "809b521b-8c94-40ca-b179-24570963a842",
      "stepType": "SCRIPT_STEP",
      "inputMappings": [
        {
          "inputPort": "input",
          "mapping": "${b1f937a0-7cba-44e2-a676-0ca718a84263.JWT}",
          "stepInput": "5d29922c-3b21-4675-8d9d-1d816f3abc0a"
        }
      ]
    },
    {
      "id": "b7217a6d-eea7-4260-bf88-e93e54d2d059",
      "endpoint": "Remedy JWT",
      "label": "Helix | API Token | Release",
      "environment": "HOSTED",
      "presentation": "{\"w\":60,\"x\":660,\"h\":60,\"y\":1093}",
      "step": "809b521b-8c94-40ca-b179-24570963a842",
      "stepType": "SCRIPT_STEP",
      "inputMappings": [
        {
          "inputPort": "input",
          "mapping": "${6b436d94-732a-43f0-851d-35288bde5044.JWT}",
          "stepInput": "5d29922c-3b21-4675-8d9d-1d816f3abc0a"
        }
      ]
    },
    {
      "id": "c29e1a0c-77ed-436d-8359-96dc98b3e2d7",
      "endpoint": "Remedy JWT",
      "label": "Helix | API Token | Release",
      "environment": "HOSTED",
      "presentation": "{\"w\":60,\"x\":880,\"h\":60,\"y\":190}",
      "step": "809b521b-8c94-40ca-b179-24570963a842",
      "stepType": "SCRIPT_STEP",
      "inputMappings": [
        {
          "inputPort": "input",
          "mapping": "${7a94c4ec-9dbe-41dd-9a9a-f5fa14c4296d.JWT}",
          "stepInput": "5d29922c-3b21-4675-8d9d-1d816f3abc0a"
        }
      ]
    },
    {
      "id": "e2d149cf-e0b4-4834-a6aa-308cea69108c",
      "endpoint": "Remedy JWT",
      "label": "Helix | API Token | Release",
      "environment": "HOSTED",
      "presentation": "{\"w\":60,\"x\":880,\"h\":60,\"y\":2372}",
      "step": "809b521b-8c94-40ca-b179-24570963a842",
      "stepType": "SCRIPT_STEP",
      "inputMappings": [
        {
          "inputPort": "input",
          "mapping": "${8c174bc0-d374-4539-a7ef-2eda615673cd.JWT}",
          "stepInput": "5d29922c-3b21-4675-8d9d-1d816f3abc0a"
        }
      ]
    },
    {
      "id": "faff9a80-395e-4d40-a2fe-f509191d78b7",
      "endpoint": "Remedy JWT",
      "label": "Helix | API Token | Release",
      "environment": "HOSTED",
      "presentation": "{\"w\":60,\"x\":880,\"h\":60,\"y\":1613}",
      "step": "809b521b-8c94-40ca-b179-24570963a842",
      "stepType": "SCRIPT_STEP",
      "inputMappings": [
        {
          "inputPort": "input",
          "mapping": "${e8afc645-29d5-487c-888d-78bb85bb1933.JWT}",
          "stepInput": "5d29922c-3b21-4675-8d9d-1d816f3abc0a"
        }
      ]
    },
    {
      "id": "1caaa3b6-6cf3-4366-8476-0d4a27e13499",
      "endpoint": "Remedy JWT",
      "label": "Helix | API Token | Release",
      "environment": "HOSTED",
      "presentation": "{\"w\":60,\"x\":660,\"h\":60,\"y\":2683}",
      "step": "809b521b-8c94-40ca-b179-24570963a842",
      "stepType": "SCRIPT_STEP",
      "inputMappings": [
        {
          "inputPort": "input",
          "mapping": "${33c2e089-9ace-46df-a987-103430961325.JWT}",
          "stepInput": "5d29922c-3b21-4675-8d9d-1d816f3abc0a"
        }
      ]
    },
    {
      "id": "4a9d82f2-1969-442e-80bb-4d07128b2254",
      "endpoint": "Remedy JWT",
      "label": "Helix | API Token | Release",
      "environment": "HOSTED",
      "presentation": "{\"w\":60,\"x\":660,\"h\":60,\"y\":1996}",
      "step": "809b521b-8c94-40ca-b179-24570963a842",
      "stepType": "SCRIPT_STEP",
      "inputMappings": [
        {
          "inputPort": "input",
          "mapping": "${d8450b2b-37f6-46a3-ae3e-89a5b3d5a40e.JWT}",
          "stepInput": "5d29922c-3b21-4675-8d9d-1d816f3abc0a"
        }
      ]
    },
    {
      "id": "73f260d0-4b5a-4581-a275-df7360bcdc11",
      "endpoint": "Remedy JWT",
      "label": "Helix | API Token | Release",
      "environment": "HOSTED",
      "presentation": "{\"w\":60,\"x\":880,\"h\":60,\"y\":1463}",
      "step": "809b521b-8c94-40ca-b179-24570963a842",
      "stepType": "SCRIPT_STEP",
      "inputMappings": [
        {
          "inputPort": "input",
          "mapping": "${fc9ed0ad-bb85-4bb0-9347-272b0ac750c1.JWT}",
          "stepInput": "5d29922c-3b21-4675-8d9d-1d816f3abc0a"
        }
      ]
    },
    {
      "id": "6d091acd-e4aa-4f48-bf61-f0ccd90bb873",
      "endpoint": "Remedy JWT",
      "label": "Helix | Add Assignee | Incident | JWT Auth",
      "environment": "HOSTED",
      "presentation": "{\"w\":60,\"x\":660,\"h\":60,\"y\":2372}",
      "step": "76bfdf5c-7939-494b-9b56-19ebc5a9a35c",
      "stepType": "SCRIPT_STEP",
      "inputMappings": [
        {
          "inputPort": "input",
          "mapping": "${triggerOutputRESPONSE.respondedTo.by.firstName} ${triggerOutputRESPONSE.respondedTo.by.lastName}",
          "stepInput": "8769c29b-555a-4461-ab9a-fe581e09467a"
        },
        {
          "inputPort": "input",
          "mapping": "${triggerOutputRESPONSE.respondedTo.by.firstName}",
          "stepInput": "4b7709fe-375c-40a4-be40-3c1512866133"
        },
        {
          "inputPort": "input",
          "mapping": "${triggerOutputRESPONSE.respondedTo.by.lastName}",
          "stepInput": "a77845a3-6250-426c-807e-beb4ba9a3ef6"
        },
        {
          "inputPort": "input",
          "mapping": "${triggerOutputRESPONSE.respondedTo.by.targetName}",
          "stepInput": "6a930d87-d705-4adf-9ae5-3b8ceec844ed"
        },
        {
          "inputPort": "input",
          "mapping": "${event.properties.Incident Number}",
          "stepInput": "2f46f904-56fc-4346-a517-d47b2786ed50"
        },
        {
          "inputPort": "input",
          "mapping": "${event.properties.Request ID}",
          "stepInput": "9b3bd8e7-08ab-40c3-b259-fd8f8be24d18"
        },
        {
          "inputPort": "input",
          "mapping": "${event.properties.Assigned Support Company}",
          "stepInput": "c985131b-74a5-4927-bffa-c87d621c6473"
        },
        {
          "inputPort": "input",
          "mapping": "${event.properties.Assigned Support Organization}",
          "stepInput": "c2cbebb4-f470-4431-b367-f47cff5fe229"
        },
        {
          "inputPort": "input",
          "mapping": "${event.properties.Assigned Group}",
          "stepInput": "fedc6451-4606-48f9-ab85-61b60b906170"
        },
        {
          "inputPort": "input",
          "mapping": "${event.properties.Assigned Group ID}",
          "stepInput": "d3ce1375-79ae-4a7d-b16c-f5dbe0dd250f"
        },
        {
          "inputPort": "input",
          "mapping": "${constants.HELIX_STATUS_IN_PROGRESS}",
          "stepInput": "4828a265-d135-4cc6-a8b5-f1641c4bf96e"
        },
        {
          "inputPort": "input",
          "mapping": "${8c174bc0-d374-4539-a7ef-2eda615673cd.JWT}",
          "stepInput": "d164b628-cfa9-4c43-ad19-00da651b17e6"
        }
      ]
    },
    {
      "id": "910f429f-7c7f-434e-8e72-ea3f4cf1e4bb",
      "endpoint": "Remedy JWT",
      "label": "Helix | Add Work Info | Incident | JWT Auth",
      "environment": "HOSTED",
      "presentation": "{\"w\":60,\"x\":440,\"h\":60,\"y\":1996}",
      "step": "38dbf9da-4723-45eb-bbee-c9f7c1981727",
      "stepType": "SCRIPT_STEP",
      "inputMappings": [
        {
          "inputPort": "input",
          "mapping": "${event.properties.Incident Number}",
          "stepInput": "b6db7488-cefb-477c-9a7c-9df51c80b19f"
        },
        {
          "inputPort": "input",
          "mapping": "${event.properties.Request ID}",
          "stepInput": "5b74e40e-454c-46e7-b1bc-c2170ace4da8"
        },
        {
          "inputPort": "input",
          "mapping": "${constants.NOTE_PREFIX_DEFAULT} ${triggerOutputANNOTATION.annotation.author.firstName} ${triggerOutputANNOTATION.annotation.author.lastName} | Response [ ${triggerOutputANNOTATION.annotation.response.response} ] | Commented [ ${triggerOutputANNOTATION.annotation.comment} ]",
          "stepInput": "05e9337b-6b83-4eb7-ba96-c66ec49b88bc"
        },
        {
          "inputPort": "input",
          "mapping": "${d8450b2b-37f6-46a3-ae3e-89a5b3d5a40e.JWT}",
          "stepInput": "408fe492-5159-4943-9df5-2aab440ba188"
        }
      ]
    },
    {
      "id": "abdc2260-f083-4f40-99ec-5caffe4b9912",
      "endpoint": "Remedy JWT",
      "label": "Helix | Add Work Info | Incident | JWT Auth",
      "environment": "HOSTED",
      "presentation": "{\"w\":60,\"x\":440,\"h\":60,\"y\":2683}",
      "step": "38dbf9da-4723-45eb-bbee-c9f7c1981727",
      "stepType": "SCRIPT_STEP",
      "inputMappings": [
        {
          "inputPort": "input",
          "mapping": "${event.properties.Incident Number}",
          "stepInput": "b6db7488-cefb-477c-9a7c-9df51c80b19f"
        },
        {
          "inputPort": "input",
          "mapping": "${event.properties.Request ID}",
          "stepInput": "5b74e40e-454c-46e7-b1bc-c2170ace4da8"
        },
        {
          "inputPort": "input",
          "mapping": "${constants.NOTE_PREFIX_DEFAULT} ${triggerOutputRESPONSE.respondedTo.by.firstName} ${triggerOutputRESPONSE.respondedTo.by.lastName} | ${triggerOutputRESPONSE.response.deviceName} responded [ ${triggerOutputRESPONSE.response.response} ]",
          "stepInput": "05e9337b-6b83-4eb7-ba96-c66ec49b88bc"
        },
        {
          "inputPort": "input",
          "mapping": "${33c2e089-9ace-46df-a987-103430961325.JWT}",
          "stepInput": "408fe492-5159-4943-9df5-2aab440ba188"
        }
      ]
    },
    {
      "id": "b45c2361-3d3a-434c-8d72-ac14efa00f85",
      "endpoint": "Remedy JWT",
      "label": "Helix | Add Work Info | Incident | JWT Auth",
      "environment": "HOSTED",
      "presentation": "{\"w\":60,\"x\":660,\"h\":60,\"y\":1463}",
      "step": "38dbf9da-4723-45eb-bbee-c9f7c1981727",
      "stepType": "SCRIPT_STEP",
      "inputMappings": [
        {
          "inputPort": "input",
          "mapping": "${event.properties.Incident Number}",
          "stepInput": "b6db7488-cefb-477c-9a7c-9df51c80b19f"
        },
        {
          "inputPort": "input",
          "mapping": "${event.properties.Request ID}",
          "stepInput": "5b74e40e-454c-46e7-b1bc-c2170ace4da8"
        },
        {
          "inputPort": "input",
          "mapping": "${constants.NOTE_PREFIX_DEFAULT} Notification ${triggerOutputDELIVERYSTATUS.notification.deliveryStatus} to ${triggerOutputDELIVERYSTATUS.notification.recipient.owner.firstName} ${triggerOutputDELIVERYSTATUS.notification.recipient.owner.lastName} | ${triggerOutputDELIVERYSTATUS.notification.recipient.name}",
          "stepInput": "05e9337b-6b83-4eb7-ba96-c66ec49b88bc"
        },
        {
          "inputPort": "input",
          "mapping": "${fc9ed0ad-bb85-4bb0-9347-272b0ac750c1.JWT}",
          "stepInput": "408fe492-5159-4943-9df5-2aab440ba188"
        }
      ]
    },
    {
      "id": "cf5fc2f1-7180-4cb5-8f56-ff89f05c7f83",
      "endpoint": "Remedy JWT",
      "label": "Helix | Add Work Info | Incident | JWT Auth",
      "environment": "HOSTED",
      "presentation": "{\"w\":60,\"x\":440,\"h\":60,\"y\":1093}",
      "step": "38dbf9da-4723-45eb-bbee-c9f7c1981727",
      "stepType": "SCRIPT_STEP",
      "inputMappings": [
        {
          "inputPort": "input",
          "mapping": "${event.properties.Incident Number}",
          "stepInput": "b6db7488-cefb-477c-9a7c-9df51c80b19f"
        },
        {
          "inputPort": "input",
          "mapping": "${event.properties.Request ID}",
          "stepInput": "5b74e40e-454c-46e7-b1bc-c2170ace4da8"
        },
        {
          "inputPort": "input",
          "mapping": "${constants.NOTE_PREFIX_DEFAULT} Event [ ${event.eventId} ] ${triggerOutputSTATUS.statusChanged.auditType}",
          "stepInput": "05e9337b-6b83-4eb7-ba96-c66ec49b88bc"
        },
        {
          "inputPort": "input",
          "mapping": "${6b436d94-732a-43f0-851d-35288bde5044.JWT}",
          "stepInput": "408fe492-5159-4943-9df5-2aab440ba188"
        }
      ]
    },
    {
      "id": "18b092e1-b279-4397-bdee-ec880f6ca515",
      "endpoint": "Remedy JWT",
      "label": "Helix | Add Work Info | Incident | JWT Auth",
      "environment": "HOSTED",
      "presentation": "{\"w\":60,\"x\":1320,\"h\":60,\"y\":643}",
      "step": "38dbf9da-4723-45eb-bbee-c9f7c1981727",
      "stepType": "SCRIPT_STEP",
      "inputMappings": [
        {
          "inputPort": "input",
          "mapping": "${b6e66a04-d528-4bc3-ba3c-c764067b6fd1.ID}",
          "stepInput": "b6db7488-cefb-477c-9a7c-9df51c80b19f"
        },
        {
          "inputPort": "input",
          "mapping": "${constants.NOTE_PREFIX_DEFAULT} ${b6e66a04-d528-4bc3-ba3c-c764067b6fd1.ID} | ${b6e66a04-d528-4bc3-ba3c-c764067b6fd1.Delete Message}",
          "stepInput": "05e9337b-6b83-4eb7-ba96-c66ec49b88bc"
        },
        {
          "inputPort": "input",
          "mapping": "${b1f937a0-7cba-44e2-a676-0ca718a84263.JWT}",
          "stepInput": "408fe492-5159-4943-9df5-2aab440ba188"
        }
      ]
    },
    {
      "id": "5b2282e4-ee81-474e-b9fb-117ef26da959",
      "endpoint": "Remedy JWT",
      "label": "Helix | Add Work Info | Incident | JWT Auth",
      "environment": "HOSTED",
      "presentation": "{\"w\":60,\"x\":440,\"h\":60,\"y\":2372}",
      "step": "38dbf9da-4723-45eb-bbee-c9f7c1981727",
      "stepType": "SCRIPT_STEP",
      "inputMappings": [
        {
          "inputPort": "input",
          "mapping": "${event.properties.Incident Number}",
          "stepInput": "b6db7488-cefb-477c-9a7c-9df51c80b19f"
        },
        {
          "inputPort": "input",
          "mapping": "${event.properties.Request ID}",
          "stepInput": "5b74e40e-454c-46e7-b1bc-c2170ace4da8"
        },
        {
          "inputPort": "input",
          "mapping": "${constants.NOTE_PREFIX_DEFAULT} ${triggerOutputRESPONSE.respondedTo.by.firstName} ${triggerOutputRESPONSE.respondedTo.by.lastName} | ${triggerOutputRESPONSE.response.deviceName} responded [ ${triggerOutputRESPONSE.response.response} ]",
          "stepInput": "05e9337b-6b83-4eb7-ba96-c66ec49b88bc"
        },
        {
          "inputPort": "input",
          "mapping": "${8c174bc0-d374-4539-a7ef-2eda615673cd.JWT}",
          "stepInput": "408fe492-5159-4943-9df5-2aab440ba188"
        }
      ]
    },
    {
      "id": "6da92475-b2dd-4dab-af21-95e19ed0e00d",
      "endpoint": "Remedy JWT",
      "label": "Helix | Add Work Info | Incident | JWT Auth",
      "environment": "HOSTED",
      "presentation": "{\"w\":60,\"x\":660,\"h\":60,\"y\":1613}",
      "step": "38dbf9da-4723-45eb-bbee-c9f7c1981727",
      "stepType": "SCRIPT_STEP",
      "inputMappings": [
        {
          "inputPort": "input",
          "mapping": "${event.properties.Incident Number}",
          "stepInput": "b6db7488-cefb-477c-9a7c-9df51c80b19f"
        },
        {
          "inputPort": "input",
          "mapping": "${event.properties.Request ID}",
          "stepInput": "5b74e40e-454c-46e7-b1bc-c2170ace4da8"
        },
        {
          "inputPort": "input",
          "mapping": "${constants.NOTE_PREFIX_DEFAULT} Notification ${triggerOutputDELIVERYSTATUS.notification.deliveryStatus} to ${triggerOutputDELIVERYSTATUS.notification.recipient.targetName}",
          "stepInput": "05e9337b-6b83-4eb7-ba96-c66ec49b88bc"
        },
        {
          "inputPort": "input",
          "mapping": "${e8afc645-29d5-487c-888d-78bb85bb1933.JWT}",
          "stepInput": "408fe492-5159-4943-9df5-2aab440ba188"
        }
      ]
    },
    {
      "id": "32b57edd-c712-4a9d-b615-6c8c4beb4518",
      "endpoint": "Remedy JWT",
      "label": "Helix | Get Incident | JWT Auth",
      "environment": "HOSTED",
      "presentation": "{\"w\":60,\"x\":660,\"h\":60,\"y\":190}",
      "step": "7f7ab8fa-cbab-4f2b-99e0-9d4663df0a5e",
      "stepType": "SCRIPT_STEP",
      "inputMappings": [
        {
          "inputPort": "input",
          "mapping": "${b6e66a04-d528-4bc3-ba3c-c764067b6fd1.ID}",
          "stepInput": "9a827d00-eb62-40f7-8289-9918a601c8d7"
        },
        {
          "inputPort": "input",
          "mapping": "${7a94c4ec-9dbe-41dd-9a9a-f5fa14c4296d.JWT}",
          "stepInput": "fee698d1-2fb9-464b-897d-6464a6a429f4"
        }
      ]
    },
    {
      "id": "7251147d-3d74-49ce-9e87-3fdd61dff494",
      "endpoint": "xMatters",
      "label": "Helix | POST to xM IB Integration",
      "environment": "HOSTED",
      "presentation": "{\"w\":60,\"x\":1980,\"h\":60,\"y\":340}",
      "step": "95d33e48-cd76-5120-bdb5-ed5dc549ecec",
      "stepType": "SCRIPT_STEP",
      "inputMappings": [
        {
          "inputPort": "input",
          "mapping": "${constants.XMATTERS_INCIDENT_EVENT_IB_PATH}",
          "stepInput": "9c92fd36-706a-55b6-8789-7d75e10fbfa1"
        },
        {
          "inputPort": "input",
          "mapping": "application/json",
          "stepInput": "265bf232-ca30-5672-8ed7-c937d6817138"
        },
        {
          "inputPort": "input",
          "mapping": "${e989cb50-245d-4a25-8114-dbfda783b2b4.Trigger Payload}",
          "stepInput": "084625d4-f7b5-58e6-b2d5-5dc8fd246bba"
        }
      ]
    },
    {
      "id": "e989cb50-245d-4a25-8114-dbfda783b2b4",
      "endpoint": "Remedy JWT",
      "label": "Helix | Prepare Trigger Payload",
      "environment": "HOSTED",
      "presentation": "{\"w\":60,\"x\":1760,\"h\":60,\"y\":340}",
      "step": "f74804d7-9d6e-4766-b890-109ba2a95372",
      "stepType": "SCRIPT_STEP",
      "inputMappings": [
        {
          "inputPort": "input",
          "mapping": "${32b57edd-c712-4a9d-b615-6c8c4beb4518.Incident JSON Object}",
          "stepInput": "ede80523-6fc6-4ae6-8362-e4627352eceb"
        },
        {
          "inputPort": "input",
          "mapping": "${b6e66a04-d528-4bc3-ba3c-c764067b6fd1.Action}",
          "stepInput": "528b8964-8c6c-44f2-ac32-64e5402b316d"
        },
        {
          "inputPort": "input",
          "mapping": "${b6e66a04-d528-4bc3-ba3c-c764067b6fd1.Form}",
          "stepInput": "34bf8f22-8e48-44ea-9fed-db8002e06580"
        },
        {
          "inputPort": "input",
          "mapping": "${constants.RESPONSE_OPTIONS_INCIDENT_GROUP}",
          "stepInput": "7eca8a29-64fe-4155-83b7-3a2437f3becd"
        },
        {
          "inputPort": "input",
          "mapping": "${constants.RESPONSE_OPTIONS_INCIDENT_USER}",
          "stepInput": "3a686263-c75d-416e-a5dc-1c07f708765d"
        },
        {
          "inputPort": "input",
          "mapping": "${constants.HELIX_FQDN}",
          "stepInput": "a3631c51-265b-4496-b767-224eb231d518"
        },
        {
          "inputPort": "input",
          "mapping": "${constants.HELIX_SERVER_NAME}",
          "stepInput": "c7d6cc3c-dd7c-413f-940e-60b67f8b5edc"
        },
        {
          "inputPort": "input",
          "mapping": "${constants.HELIX_OPT_SIMPLE_GROUP_NAME}",
          "stepInput": "fdbc8321-5981-40ad-bb89-43be4f94837f"
        }
      ]
    },
    {
      "id": "3cb69f75-d074-4b39-bb38-e0d25687e941",
      "label": "Incident Alerts - Device Delivery Updates",
      "environment": "HOSTED",
      "presentation": "{\"w\":60,\"x\":0,\"h\":60,\"y\":1313}",
      "step": "0bc8e927-7fa9-4761-82eb-8f828d76c500",
      "stepType": "INTEGRATION"
    },
    {
      "id": "36587e6a-e623-4565-9925-952c05cddcc1",
      "label": "Incident Alerts - Event Comments",
      "environment": "HOSTED",
      "presentation": "{\"w\":60,\"x\":0,\"h\":60,\"y\":1996}",
      "step": "b938c75c-68ea-463b-b1fd-5a67cd96ab22",
      "stepType": "INTEGRATION"
    },
    {
      "id": "8a117f73-73a4-4adf-9d09-4ab976029f85",
      "label": "Incident Alerts - Event Status Updates",
      "environment": "HOSTED",
      "presentation": "{\"w\":60,\"x\":0,\"h\":60,\"y\":1093}",
      "step": "cfc11cae-dc66-4980-b729-7c0a559dedbd",
      "stepType": "INTEGRATION"
    },
    {
      "id": "2638dd7d-e941-4b44-a078-f166af3d0c47",
      "label": "Number Events Found",
      "environment": "HOSTED",
      "presentation": "{\"w\":60,\"x\":660,\"h\":60,\"y\":355}",
      "stepType": "SWITCH",
      "inputMappings": [
        {
          "inputPort": "input",
          "mapping": "${075bbaf2-062f-4b74-99a4-c769b4bb312a.Number of Event IDs Returned}"
        }
      ],
      "switchCases": [
        {
          "caseId": "12c8ed2c-1d39-45a3-9106-08ebeba9d534",
          "caseValue": "0"
        }
      ]
    },
    {
      "id": "2c1b8f9a-338c-4b68-887e-7cd2afd256c0",
      "label": "Number Events Found",
      "environment": "HOSTED",
      "presentation": "{\"w\":60,\"x\":1320,\"h\":60,\"y\":205}",
      "stepType": "SWITCH",
      "inputMappings": [
        {
          "inputPort": "input",
          "mapping": "${5c61d0df-c4de-4f00-9f88-666f14a275a7.Number of Event IDs Returned}"
        }
      ],
      "switchCases": [
        {
          "caseId": "e1c00f52-96be-4175-b917-19131391ef84",
          "caseValue": "0"
        }
      ]
    },
    {
      "id": "8f0ba240-0f08-4696-bc60-4cb06341b795",
      "label": "Responses",
      "environment": "HOSTED",
      "presentation": "{\"w\":100,\"x\":0,\"h\":50,\"y\":2216}",
      "stepType": "RESPONSES"
    },
    {
      "id": "b6e66a04-d528-4bc3-ba3c-c764067b6fd1",
      "label": "Step 01 - Helix Inbound Request | JSON",
      "environment": "HOSTED",
      "presentation": "{\"w\":60,\"x\":0,\"h\":60,\"y\":40}",
      "step": "a28a0031-9f22-47e8-b6f8-941ffe66f6dc",
      "stepType": "INTEGRATION"
    },
    {
      "id": "59af1e9c-1595-4b49-8a18-e95f0cf1ee66",
      "label": "Step 01 | Helix Inbound Request | XML",
      "environment": "HOSTED",
      "presentation": "{\"w\":60,\"x\":0,\"h\":60,\"y\":873}",
      "step": "7eb3112a-7d39-49c1-a5ea-2215cb8d73ef",
      "stepType": "INTEGRATION"
    },
    {
      "id": "bf89097d-67be-44e7-b0f9-17a79b3eaeec",
      "label": "Step 02 | Create Event | Incident Alert | Flow",
      "environment": "HOSTED",
      "presentation": "{\"w\":100,\"x\":-150,\"h\":50,\"y\":-200}",
      "step": "f45bdf42-8967-4d4a-b153-a7807dc1e1bb",
      "stepType": "INTEGRATION"
    },
    {
      "id": "9f07f5e8-5fac-4915-b1b3-f86465b3d14a",
      "label": "Terminate Events",
      "environment": "HOSTED",
      "presentation": "{\"w\":60,\"x\":880,\"h\":60,\"y\":640}",
      "step": "798e3053-b4b4-5e8c-ba84-8a11c3be6237",
      "stepType": "SCRIPT_STEP",
      "inputMappings": [
        {
          "inputPort": "input",
          "mapping": "${075bbaf2-062f-4b74-99a4-c769b4bb312a.Event IDs}",
          "stepInput": "4fdf2591-4925-5682-8911-f0163d7f98dd"
        }
      ]
    },
    {
      "id": "7175f6b3-f9c2-42d3-98cc-98902fc66275",
      "label": "Terminate Events",
      "environment": "HOSTED",
      "presentation": "{\"w\":60,\"x\":1540,\"h\":60,\"y\":490}",
      "step": "798e3053-b4b4-5e8c-ba84-8a11c3be6237",
      "stepType": "SCRIPT_STEP",
      "inputMappings": [
        {
          "inputPort": "input",
          "mapping": "${5c61d0df-c4de-4f00-9f88-666f14a275a7.Event IDs}",
          "stepInput": "4fdf2591-4925-5682-8911-f0163d7f98dd"
        }
      ]
    }
  ],
  "edges": [
    {
      "fromBlock": "8a117f73-73a4-4adf-9d09-4ab976029f85",
      "fromPort": "output",
      "toBlock": "6b436d94-732a-43f0-851d-35288bde5044",
      "toPort": "input"
    },
    {
      "fromBlock": "8c174bc0-d374-4539-a7ef-2eda615673cd",
      "fromPort": "output",
      "toBlock": "5b2282e4-ee81-474e-b9fb-117ef26da959",
      "toPort": "input"
    },
    {
      "fromBlock": "910f429f-7c7f-434e-8e72-ea3f4cf1e4bb",
      "fromPort": "output",
      "toBlock": "4a9d82f2-1969-442e-80bb-4d07128b2254",
      "toPort": "input"
    },
    {
      "fromBlock": "9f07f5e8-5fac-4915-b1b3-f86465b3d14a",
      "fromPort": "output",
      "toBlock": "b1f937a0-7cba-44e2-a676-0ca718a84263",
      "toPort": "input"
    },
    {
      "fromBlock": "abdc2260-f083-4f40-99ec-5caffe4b9912",
      "fromPort": "output",
      "toBlock": "1caaa3b6-6cf3-4366-8476-0d4a27e13499",
      "toPort": "input"
    },
    {
      "fromBlock": "b1f937a0-7cba-44e2-a676-0ca718a84263",
      "fromPort": "output",
      "toBlock": "18b092e1-b279-4397-bdee-ec880f6ca515",
      "toPort": "input"
    },
    {
      "fromBlock": "b2c0c0c0-bec0-44d0-86ac-5d3d9c5a482b",
      "fromPort": "output",
      "toBlock": "8c174bc0-d374-4539-a7ef-2eda615673cd",
      "toPort": "input"
    },
    {
      "fromBlock": "b45c2361-3d3a-434c-8d72-ac14efa00f85",
      "fromPort": "output",
      "toBlock": "73f260d0-4b5a-4581-a275-df7360bcdc11",
      "toPort": "input"
    },
    {
      "fromBlock": "b6e66a04-d528-4bc3-ba3c-c764067b6fd1",
      "fromPort": "output",
      "toBlock": "78c463f2-0633-4e9e-85bb-8c87e3efadae",
      "toPort": "input"
    },
    {
      "fromBlock": "c29e1a0c-77ed-436d-8359-96dc98b3e2d7",
      "fromPort": "output",
      "toBlock": "5c61d0df-c4de-4f00-9f88-666f14a275a7",
      "toPort": "input"
    },
    {
      "fromBlock": "cf5fc2f1-7180-4cb5-8f56-ff89f05c7f83",
      "fromPort": "output",
      "toBlock": "b7217a6d-eea7-4260-bf88-e93e54d2d059",
      "toPort": "input"
    },
    {
      "fromBlock": "d8450b2b-37f6-46a3-ae3e-89a5b3d5a40e",
      "fromPort": "output",
      "toBlock": "910f429f-7c7f-434e-8e72-ea3f4cf1e4bb",
      "toPort": "input"
    },
    {
      "fromBlock": "e8afc645-29d5-487c-888d-78bb85bb1933",
      "fromPort": "output",
      "toBlock": "6da92475-b2dd-4dab-af21-95e19ed0e00d",
      "toPort": "input"
    },
    {
      "fromBlock": "e989cb50-245d-4a25-8114-dbfda783b2b4",
      "fromPort": "output",
      "toBlock": "7251147d-3d74-49ce-9e87-3fdd61dff494",
      "toPort": "input"
    },
    {
      "fromBlock": "fc9ed0ad-bb85-4bb0-9347-272b0ac750c1",
      "fromPort": "output",
      "toBlock": "b45c2361-3d3a-434c-8d72-ac14efa00f85",
      "toPort": "input"
    },
    {
      "fromBlock": "02cdfa51-bbb2-416d-83cd-eba2e5f9e65c",
      "fromPort": "f94c1cff-2ef8-4c5a-9433-bf5955fd1da5",
      "toBlock": "e8afc645-29d5-487c-888d-78bb85bb1933",
      "toPort": "input"
    },
    {
      "fromBlock": "02cdfa51-bbb2-416d-83cd-eba2e5f9e65c",
      "fromPort": "870ee3d9-ea70-41db-a3dd-3560b950703b",
      "toBlock": "fc9ed0ad-bb85-4bb0-9347-272b0ac750c1",
      "toPort": "input"
    },
    {
      "fromBlock": "075bbaf2-062f-4b74-99a4-c769b4bb312a",
      "fromPort": "output",
      "toBlock": "2638dd7d-e941-4b44-a078-f166af3d0c47",
      "toPort": "input"
    },
    {
      "fromBlock": "18b092e1-b279-4397-bdee-ec880f6ca515",
      "fromPort": "output",
      "toBlock": "91be2247-70dd-4701-a0f7-449171826a33",
      "toPort": "input"
    },
    {
      "fromBlock": "217eda49-bfa5-49e4-883f-6b9d9a6f7136",
      "fromPort": "output",
      "toBlock": "33c2e089-9ace-46df-a987-103430961325",
      "toPort": "input"
    },
    {
      "fromBlock": "2638dd7d-e941-4b44-a078-f166af3d0c47",
      "fromPort": "output",
      "toBlock": "9f07f5e8-5fac-4915-b1b3-f86465b3d14a",
      "toPort": "input"
    },
    {
      "fromBlock": "2c1b8f9a-338c-4b68-887e-7cd2afd256c0",
      "fromPort": "e1c00f52-96be-4175-b917-19131391ef84",
      "toBlock": "e989cb50-245d-4a25-8114-dbfda783b2b4",
      "toPort": "input"
    },
    {
      "fromBlock": "2c1b8f9a-338c-4b68-887e-7cd2afd256c0",
      "fromPort": "output",
      "toBlock": "7175f6b3-f9c2-42d3-98cc-98902fc66275",
      "toPort": "input"
    },
    {
      "fromBlock": "32b57edd-c712-4a9d-b615-6c8c4beb4518",
      "fromPort": "output",
      "toBlock": "c29e1a0c-77ed-436d-8359-96dc98b3e2d7",
      "toPort": "input"
    },
    {
      "fromBlock": "33c2e089-9ace-46df-a987-103430961325",
      "fromPort": "output",
      "toBlock": "abdc2260-f083-4f40-99ec-5caffe4b9912",
      "toPort": "input"
    },
    {
      "fromBlock": "36587e6a-e623-4565-9925-952c05cddcc1",
      "fromPort": "output",
      "toBlock": "d8450b2b-37f6-46a3-ae3e-89a5b3d5a40e",
      "toPort": "input"
    },
    {
      "fromBlock": "3cb69f75-d074-4b39-bb38-e0d25687e941",
      "fromPort": "output",
      "toBlock": "02cdfa51-bbb2-416d-83cd-eba2e5f9e65c",
      "toPort": "input"
    },
    {
      "fromBlock": "48852329-4d6d-4f9e-988d-9861e40cafcb",
      "fromPort": "output",
      "toBlock": "33c2e089-9ace-46df-a987-103430961325",
      "toPort": "input"
    },
    {
      "fromBlock": "5b2282e4-ee81-474e-b9fb-117ef26da959",
      "fromPort": "output",
      "toBlock": "6d091acd-e4aa-4f48-bf61-f0ccd90bb873",
      "toPort": "input"
    },
    {
      "fromBlock": "5c61d0df-c4de-4f00-9f88-666f14a275a7",
      "fromPort": "output",
      "toBlock": "2c1b8f9a-338c-4b68-887e-7cd2afd256c0",
      "toPort": "input"
    },
    {
      "fromBlock": "6b436d94-732a-43f0-851d-35288bde5044",
      "fromPort": "output",
      "toBlock": "cf5fc2f1-7180-4cb5-8f56-ff89f05c7f83",
      "toPort": "input"
    },
    {
      "fromBlock": "6d091acd-e4aa-4f48-bf61-f0ccd90bb873",
      "fromPort": "output",
      "toBlock": "e2d149cf-e0b4-4834-a6aa-308cea69108c",
      "toPort": "input"
    },
    {
      "fromBlock": "6da92475-b2dd-4dab-af21-95e19ed0e00d",
      "fromPort": "output",
      "toBlock": "faff9a80-395e-4d40-a2fe-f509191d78b7",
      "toPort": "input"
    },
    {
      "fromBlock": "7175f6b3-f9c2-42d3-98cc-98902fc66275",
      "fromPort": "output",
      "toBlock": "e989cb50-245d-4a25-8114-dbfda783b2b4",
      "toPort": "input"
    },
    {
      "fromBlock": "78c463f2-0633-4e9e-85bb-8c87e3efadae",
      "fromPort": "b2932098-bdfd-4dc4-81a4-8772f753cb29",
      "toBlock": "075bbaf2-062f-4b74-99a4-c769b4bb312a",
      "toPort": "input"
    },
    {
      "fromBlock": "78c463f2-0633-4e9e-85bb-8c87e3efadae",
      "fromPort": "499cfbbe-b71b-4af1-a90d-13498daad6e0",
      "toBlock": "7a94c4ec-9dbe-41dd-9a9a-f5fa14c4296d",
      "toPort": "input"
    },
    {
      "fromBlock": "7a94c4ec-9dbe-41dd-9a9a-f5fa14c4296d",
      "fromPort": "output",
      "toBlock": "32b57edd-c712-4a9d-b615-6c8c4beb4518",
      "toPort": "input"
    }
  ]
}