{
  "name": "Incident Alerts Workflow",
  "description": "",
  "form": "281130a9-fc06-4b12-80e8-fc8d88d8a3ae",
  "blocks": [
    {
      "id": "4f014859-5daa-428c-9cf5-3e902420a6fb",
      "label": "Acknowledge",
      "environment": "HOSTED",
      "presentation": "{}",
      "step": "1b186632-0569-4349-9ee4-6c1a30c8c733",
      "stepType": "INTEGRATION"
    },
    {
      "id": "52f9fe79-5699-42a8-a447-3d1d4a5c17d8",
      "label": "Action",
      "environment": "HOSTED",
      "presentation": "{\"w\":60,\"x\":220,\"h\":60,\"y\":55}",
      "stepType": "SWITCH",
      "inputMappings": [
        {
          "inputPort": "input",
          "mapping": "${97ae8b2a-2f67-4679-b8d4-85662d167443.Action}"
        }
      ],
      "switchCases": [
        {
          "caseId": "f869218e-ee4b-44ed-85bf-d7981f241aae",
          "caseValue": "Add"
        },
        {
          "caseId": "0299552b-7931-44e1-87da-c34b97d606d9",
          "caseValue": "Delete"
        }
      ]
    },
    {
      "id": "d4b284d2-fea9-4693-8649-f3b1e7f3da0f",
      "label": "Assign to me",
      "environment": "HOSTED",
      "presentation": "{}",
      "step": "3167f8dd-e218-4ada-a9f4-88a01eddb9a8",
      "stepType": "INTEGRATION"
    },
    {
      "id": "42486da0-0e70-4243-803f-48384a6b0aff",
      "label": "Delivery Status",
      "environment": "HOSTED",
      "presentation": "{\"w\":60,\"x\":220,\"h\":60,\"y\":1328}",
      "stepType": "SWITCH",
      "inputMappings": [
        {
          "inputPort": "input",
          "mapping": "${triggerOutputDELIVERYSTATUS.deliveryStatusUpdated.auditType}"
        }
      ],
      "switchCases": [
        {
          "caseId": "dce0bbae-8f1d-48a6-85b6-ea5502d77bf1",
          "caseValue": "NOTIFICATION_DELIVERED"
        },
        {
          "caseId": "b4cc3458-c8d8-4e63-ab1d-d648690acea9",
          "caseValue": "NOTIFICATION_FAILED"
        }
      ]
    },
    {
      "id": "eb1a308d-7234-469e-bbd5-14bb4122235b",
      "label": "Escalate",
      "environment": "HOSTED",
      "presentation": "{}",
      "step": "4366befd-15e4-4077-961b-fac4c51bd02b",
      "stepType": "INTEGRATION"
    },
    {
      "id": "b37d25b2-431e-4199-8ffa-7b8ccc133aa9",
      "label": "Get Events",
      "environment": "HOSTED",
      "presentation": "{\"w\":60,\"x\":1100,\"h\":60,\"y\":190}",
      "step": "f36cf6ba-2225-5cb3-831f-030a05527c72",
      "stepType": "SCRIPT_STEP",
      "inputMappings": [
        {
          "inputPort": "input",
          "mapping": "ACTIVE,SUSPENDED",
          "stepInput": "fa86536b-3508-56de-884b-503596bd64c2"
        },
        {
          "inputPort": "input",
          "mapping": "Incident Number#en",
          "stepInput": "72cd05cc-dfe2-5933-b85c-edcf1df9f56f"
        },
        {
          "inputPort": "input",
          "mapping": "${97ae8b2a-2f67-4679-b8d4-85662d167443.ID}",
          "stepInput": "b58893a5-ffaf-502d-982b-613dcd7b2232"
        },
        {
          "inputPort": "input",
          "mapping": "TRUE",
          "stepInput": "3bb89cc9-b89f-5291-9c54-1da7bc6c051a"
        }
      ]
    },
    {
      "id": "fd8a80ef-6e3b-4939-98ed-85f5f4d9a53d",
      "label": "Get Events",
      "environment": "HOSTED",
      "presentation": "{\"w\":60,\"x\":440,\"h\":60,\"y\":340}",
      "step": "f36cf6ba-2225-5cb3-831f-030a05527c72",
      "stepType": "SCRIPT_STEP",
      "inputMappings": [
        {
          "inputPort": "input",
          "mapping": "ACTIVE,SUSPENDED",
          "stepInput": "fa86536b-3508-56de-884b-503596bd64c2"
        },
        {
          "inputPort": "input",
          "mapping": "Incident Number#en",
          "stepInput": "72cd05cc-dfe2-5933-b85c-edcf1df9f56f"
        },
        {
          "inputPort": "input",
          "mapping": "${97ae8b2a-2f67-4679-b8d4-85662d167443.ID}",
          "stepInput": "b58893a5-ffaf-502d-982b-613dcd7b2232"
        },
        {
          "inputPort": "input",
          "mapping": "TRUE",
          "stepInput": "3bb89cc9-b89f-5291-9c54-1da7bc6c051a"
        }
      ]
    },
    {
      "id": "96b56595-7250-45b9-90b9-7c5f4d0737b1",
      "endpoint": "Remedy JWT",
      "label": "Helix | API Token | Acquire",
      "environment": "HOSTED",
      "presentation": "{\"w\":60,\"x\":1100,\"h\":60,\"y\":640}",
      "step": "9242e654-9cba-4480-93a8-ee20ad15a9d5",
      "stepType": "SCRIPT_STEP",
      "inputMappings": [
        {
          "inputPort": "input",
          "mapping": "${constants.USER_HELIX_USERNAME}",
          "stepInput": "f130bd85-3605-4b33-8b67-88fc0d0e9dcc"
        },
        {
          "inputPort": "input",
          "mapping": "${constants.USER_HELIX_PASSWORD}",
          "stepInput": "ad37bfaf-78d3-4f35-907f-794f643fd364"
        }
      ]
    },
    {
      "id": "98c63436-95f0-4c61-82b1-403ec852af91",
      "endpoint": "Remedy JWT",
      "label": "Helix | API Token | Acquire",
      "environment": "HOSTED",
      "presentation": "{\"w\":60,\"x\":440,\"h\":60,\"y\":1463}",
      "step": "9242e654-9cba-4480-93a8-ee20ad15a9d5",
      "stepType": "SCRIPT_STEP",
      "inputMappings": [
        {
          "inputPort": "input",
          "mapping": "${constants.USER_HELIX_USERNAME}",
          "stepInput": "f130bd85-3605-4b33-8b67-88fc0d0e9dcc"
        },
        {
          "inputPort": "input",
          "mapping": "${constants.USER_HELIX_PASSWORD}",
          "stepInput": "ad37bfaf-78d3-4f35-907f-794f643fd364"
        }
      ]
    },
    {
      "id": "bdedc9e9-9bc1-45f9-8cc5-ee6abd9e40ac",
      "endpoint": "Remedy JWT",
      "label": "Helix | API Token | Acquire",
      "environment": "HOSTED",
      "presentation": "{\"w\":60,\"x\":220,\"h\":60,\"y\":1996}",
      "step": "9242e654-9cba-4480-93a8-ee20ad15a9d5",
      "stepType": "SCRIPT_STEP",
      "inputMappings": [
        {
          "inputPort": "input",
          "mapping": "${constants.USER_HELIX_USERNAME}",
          "stepInput": "f130bd85-3605-4b33-8b67-88fc0d0e9dcc"
        },
        {
          "inputPort": "input",
          "mapping": "${constants.USER_HELIX_PASSWORD}",
          "stepInput": "ad37bfaf-78d3-4f35-907f-794f643fd364"
        }
      ]
    },
    {
      "id": "c18724d3-456a-46e3-aad9-506e132adc4c",
      "endpoint": "Remedy JWT",
      "label": "Helix | API Token | Acquire",
      "environment": "HOSTED",
      "presentation": "{\"w\":60,\"x\":440,\"h\":60,\"y\":190}",
      "step": "9242e654-9cba-4480-93a8-ee20ad15a9d5",
      "stepType": "SCRIPT_STEP",
      "inputMappings": [
        {
          "inputPort": "input",
          "mapping": "${constants.USER_HELIX_USERNAME}",
          "stepInput": "f130bd85-3605-4b33-8b67-88fc0d0e9dcc"
        },
        {
          "inputPort": "input",
          "mapping": "${constants.USER_HELIX_PASSWORD}",
          "stepInput": "ad37bfaf-78d3-4f35-907f-794f643fd364"
        }
      ]
    },
    {
      "id": "ca1ce5ff-fb53-46c8-a55c-aa5b7c96388b",
      "endpoint": "Remedy JWT",
      "label": "Helix | API Token | Acquire",
      "environment": "HOSTED",
      "presentation": "{\"w\":60,\"x\":220,\"h\":60,\"y\":2683}",
      "step": "9242e654-9cba-4480-93a8-ee20ad15a9d5",
      "stepType": "SCRIPT_STEP",
      "inputMappings": [
        {
          "inputPort": "input",
          "mapping": "${constants.USER_HELIX_USERNAME}",
          "stepInput": "f130bd85-3605-4b33-8b67-88fc0d0e9dcc"
        },
        {
          "inputPort": "input",
          "mapping": "${constants.USER_HELIX_PASSWORD}",
          "stepInput": "ad37bfaf-78d3-4f35-907f-794f643fd364"
        }
      ]
    },
    {
      "id": "fbb97296-fff3-4415-a1a8-1a2747b6e975",
      "endpoint": "Remedy JWT",
      "label": "Helix | API Token | Acquire",
      "environment": "HOSTED",
      "presentation": "{\"w\":60,\"x\":220,\"h\":60,\"y\":2372}",
      "step": "9242e654-9cba-4480-93a8-ee20ad15a9d5",
      "stepType": "SCRIPT_STEP",
      "inputMappings": [
        {
          "inputPort": "input",
          "mapping": "${constants.USER_HELIX_USERNAME}",
          "stepInput": "f130bd85-3605-4b33-8b67-88fc0d0e9dcc"
        },
        {
          "inputPort": "input",
          "mapping": "${constants.USER_HELIX_PASSWORD}",
          "stepInput": "ad37bfaf-78d3-4f35-907f-794f643fd364"
        }
      ]
    },
    {
      "id": "1f620135-6b9e-4758-a6c5-f7371d3a6660",
      "endpoint": "Remedy JWT",
      "label": "Helix | API Token | Acquire",
      "environment": "HOSTED",
      "presentation": "{\"w\":60,\"x\":440,\"h\":60,\"y\":1613}",
      "step": "9242e654-9cba-4480-93a8-ee20ad15a9d5",
      "stepType": "SCRIPT_STEP",
      "inputMappings": [
        {
          "inputPort": "input",
          "mapping": "${constants.USER_HELIX_USERNAME}",
          "stepInput": "f130bd85-3605-4b33-8b67-88fc0d0e9dcc"
        },
        {
          "inputPort": "input",
          "mapping": "${constants.USER_HELIX_PASSWORD}",
          "stepInput": "ad37bfaf-78d3-4f35-907f-794f643fd364"
        }
      ]
    },
    {
      "id": "47527c26-8576-4b5d-91e9-d0b25184b13c",
      "endpoint": "Remedy JWT",
      "label": "Helix | API Token | Acquire",
      "environment": "HOSTED",
      "presentation": "{\"w\":60,\"x\":220,\"h\":60,\"y\":1093}",
      "step": "9242e654-9cba-4480-93a8-ee20ad15a9d5",
      "stepType": "SCRIPT_STEP",
      "inputMappings": [
        {
          "inputPort": "input",
          "mapping": "${constants.USER_HELIX_USERNAME}",
          "stepInput": "f130bd85-3605-4b33-8b67-88fc0d0e9dcc"
        },
        {
          "inputPort": "input",
          "mapping": "${constants.USER_HELIX_PASSWORD}",
          "stepInput": "ad37bfaf-78d3-4f35-907f-794f643fd364"
        }
      ]
    },
    {
      "id": "a26b477b-cbf4-413a-ab23-14eb866849bf",
      "endpoint": "Remedy JWT",
      "label": "Helix | API Token | Release",
      "environment": "HOSTED",
      "presentation": "{\"w\":60,\"x\":880,\"h\":60,\"y\":2372}",
      "step": "809b521b-8c94-40ca-b179-24570963a842",
      "stepType": "SCRIPT_STEP",
      "inputMappings": [
        {
          "inputPort": "input",
          "mapping": "${fbb97296-fff3-4415-a1a8-1a2747b6e975.JWT}",
          "stepInput": "5d29922c-3b21-4675-8d9d-1d816f3abc0a"
        }
      ]
    },
    {
      "id": "b18fea62-7190-4f43-be7f-96172e3b3ba5",
      "endpoint": "Remedy JWT",
      "label": "Helix | API Token | Release",
      "environment": "HOSTED",
      "presentation": "{\"w\":60,\"x\":880,\"h\":60,\"y\":190}",
      "step": "809b521b-8c94-40ca-b179-24570963a842",
      "stepType": "SCRIPT_STEP",
      "inputMappings": [
        {
          "inputPort": "input",
          "mapping": "${c18724d3-456a-46e3-aad9-506e132adc4c.JWT}",
          "stepInput": "5d29922c-3b21-4675-8d9d-1d816f3abc0a"
        }
      ]
    },
    {
      "id": "b9374a0e-e771-4a2e-8f68-4445bcf69e83",
      "endpoint": "Remedy JWT",
      "label": "Helix | API Token | Release",
      "environment": "HOSTED",
      "presentation": "{\"w\":60,\"x\":660,\"h\":60,\"y\":1093}",
      "step": "809b521b-8c94-40ca-b179-24570963a842",
      "stepType": "SCRIPT_STEP",
      "inputMappings": [
        {
          "inputPort": "input",
          "mapping": "${47527c26-8576-4b5d-91e9-d0b25184b13c.JWT}",
          "stepInput": "5d29922c-3b21-4675-8d9d-1d816f3abc0a"
        }
      ]
    },
    {
      "id": "d7b8fa9e-1986-4cf3-a061-2cc25efca41e",
      "endpoint": "Remedy JWT",
      "label": "Helix | API Token | Release",
      "environment": "HOSTED",
      "presentation": "{\"w\":60,\"x\":1540,\"h\":60,\"y\":643}",
      "step": "809b521b-8c94-40ca-b179-24570963a842",
      "stepType": "SCRIPT_STEP",
      "inputMappings": [
        {
          "inputPort": "input",
          "mapping": "${96b56595-7250-45b9-90b9-7c5f4d0737b1.JWT}",
          "stepInput": "5d29922c-3b21-4675-8d9d-1d816f3abc0a"
        }
      ]
    },
    {
      "id": "f7b1ab14-659d-4da8-a395-fb634756ebae",
      "endpoint": "Remedy JWT",
      "label": "Helix | API Token | Release",
      "environment": "HOSTED",
      "presentation": "{\"w\":60,\"x\":880,\"h\":60,\"y\":1613}",
      "step": "809b521b-8c94-40ca-b179-24570963a842",
      "stepType": "SCRIPT_STEP",
      "inputMappings": [
        {
          "inputPort": "input",
          "mapping": "${1f620135-6b9e-4758-a6c5-f7371d3a6660.JWT}",
          "stepInput": "5d29922c-3b21-4675-8d9d-1d816f3abc0a"
        }
      ]
    },
    {
      "id": "ff9c2896-547e-4e24-87a6-435ebacaa8be",
      "endpoint": "Remedy JWT",
      "label": "Helix | API Token | Release",
      "environment": "HOSTED",
      "presentation": "{\"w\":60,\"x\":880,\"h\":60,\"y\":1463}",
      "step": "809b521b-8c94-40ca-b179-24570963a842",
      "stepType": "SCRIPT_STEP",
      "inputMappings": [
        {
          "inputPort": "input",
          "mapping": "${98c63436-95f0-4c61-82b1-403ec852af91.JWT}",
          "stepInput": "5d29922c-3b21-4675-8d9d-1d816f3abc0a"
        }
      ]
    },
    {
      "id": "2792fb07-6c7b-4f7d-b6a0-d1df86167b86",
      "endpoint": "Remedy JWT",
      "label": "Helix | API Token | Release",
      "environment": "HOSTED",
      "presentation": "{\"w\":60,\"x\":660,\"h\":60,\"y\":2683}",
      "step": "809b521b-8c94-40ca-b179-24570963a842",
      "stepType": "SCRIPT_STEP",
      "inputMappings": [
        {
          "inputPort": "input",
          "mapping": "${ca1ce5ff-fb53-46c8-a55c-aa5b7c96388b.JWT}",
          "stepInput": "5d29922c-3b21-4675-8d9d-1d816f3abc0a"
        }
      ]
    },
    {
      "id": "3d39f6cc-3734-451d-9482-7c1bea71686f",
      "endpoint": "Remedy JWT",
      "label": "Helix | API Token | Release",
      "environment": "HOSTED",
      "presentation": "{\"w\":60,\"x\":660,\"h\":60,\"y\":1996}",
      "step": "809b521b-8c94-40ca-b179-24570963a842",
      "stepType": "SCRIPT_STEP",
      "inputMappings": [
        {
          "inputPort": "input",
          "mapping": "${bdedc9e9-9bc1-45f9-8cc5-ee6abd9e40ac.JWT}",
          "stepInput": "5d29922c-3b21-4675-8d9d-1d816f3abc0a"
        }
      ]
    },
    {
      "id": "a4ff82f0-ea7f-4de2-8a46-879ee72c6d90",
      "endpoint": "Remedy JWT",
      "label": "Helix | Add Assignee | Incident | JWT Auth",
      "environment": "HOSTED",
      "presentation": "{\"w\":60,\"x\":660,\"h\":60,\"y\":2372}",
      "step": "76bfdf5c-7939-494b-9b56-19ebc5a9a35c",
      "stepType": "SCRIPT_STEP",
      "inputMappings": [
        {
          "inputPort": "input",
          "mapping": "${triggerOutputRESPONSE.respondedTo.by.firstName} ${triggerOutputRESPONSE.respondedTo.by.lastName}",
          "stepInput": "8769c29b-555a-4461-ab9a-fe581e09467a"
        },
        {
          "inputPort": "input",
          "mapping": "${triggerOutputRESPONSE.respondedTo.by.firstName}",
          "stepInput": "4b7709fe-375c-40a4-be40-3c1512866133"
        },
        {
          "inputPort": "input",
          "mapping": "${triggerOutputRESPONSE.respondedTo.by.lastName}",
          "stepInput": "a77845a3-6250-426c-807e-beb4ba9a3ef6"
        },
        {
          "inputPort": "input",
          "mapping": "${triggerOutputRESPONSE.respondedTo.by.targetName}",
          "stepInput": "6a930d87-d705-4adf-9ae5-3b8ceec844ed"
        },
        {
          "inputPort": "input",
          "mapping": "${event.properties.Incident Number}",
          "stepInput": "2f46f904-56fc-4346-a517-d47b2786ed50"
        },
        {
          "inputPort": "input",
          "mapping": "${event.properties.Request ID}",
          "stepInput": "9b3bd8e7-08ab-40c3-b259-fd8f8be24d18"
        },
        {
          "inputPort": "input",
          "mapping": "${event.properties.Assigned Support Company}",
          "stepInput": "c985131b-74a5-4927-bffa-c87d621c6473"
        },
        {
          "inputPort": "input",
          "mapping": "${event.properties.Assigned Support Organization}",
          "stepInput": "c2cbebb4-f470-4431-b367-f47cff5fe229"
        },
        {
          "inputPort": "input",
          "mapping": "${event.properties.Assigned Group}",
          "stepInput": "fedc6451-4606-48f9-ab85-61b60b906170"
        },
        {
          "inputPort": "input",
          "mapping": "${event.properties.Assigned Group ID}",
          "stepInput": "d3ce1375-79ae-4a7d-b16c-f5dbe0dd250f"
        },
        {
          "inputPort": "input",
          "mapping": "${constants.HELIX_STATUS_IN_PROGRESS}",
          "stepInput": "4828a265-d135-4cc6-a8b5-f1641c4bf96e"
        },
        {
          "inputPort": "input",
          "mapping": "${fbb97296-fff3-4415-a1a8-1a2747b6e975.JWT}",
          "stepInput": "d164b628-cfa9-4c43-ad19-00da651b17e6"
        }
      ]
    },
    {
      "id": "955befee-463d-40c1-a871-6d4a8d609c83",
      "endpoint": "Remedy JWT",
      "label": "Helix | Add Work Info | Incident | JWT Auth",
      "environment": "HOSTED",
      "presentation": "{\"w\":60,\"x\":1320,\"h\":60,\"y\":643}",
      "step": "38dbf9da-4723-45eb-bbee-c9f7c1981727",
      "stepType": "SCRIPT_STEP",
      "inputMappings": [
        {
          "inputPort": "input",
          "mapping": "${97ae8b2a-2f67-4679-b8d4-85662d167443.ID}",
          "stepInput": "b6db7488-cefb-477c-9a7c-9df51c80b19f"
        },
        {
          "inputPort": "input",
          "mapping": "${constants.NOTE_PREFIX_DEFAULT} ${97ae8b2a-2f67-4679-b8d4-85662d167443.ID} | ${97ae8b2a-2f67-4679-b8d4-85662d167443.Delete Message}",
          "stepInput": "05e9337b-6b83-4eb7-ba96-c66ec49b88bc"
        },
        {
          "inputPort": "input",
          "mapping": "${96b56595-7250-45b9-90b9-7c5f4d0737b1.JWT}",
          "stepInput": "408fe492-5159-4943-9df5-2aab440ba188"
        }
      ]
    },
    {
      "id": "a4cb01e1-a33e-44e5-aa5e-6df6d47186d6",
      "endpoint": "Remedy JWT",
      "label": "Helix | Add Work Info | Incident | JWT Auth",
      "environment": "HOSTED",
      "presentation": "{\"w\":60,\"x\":660,\"h\":60,\"y\":1613}",
      "step": "38dbf9da-4723-45eb-bbee-c9f7c1981727",
      "stepType": "SCRIPT_STEP",
      "inputMappings": [
        {
          "inputPort": "input",
          "mapping": "${event.properties.Incident Number}",
          "stepInput": "b6db7488-cefb-477c-9a7c-9df51c80b19f"
        },
        {
          "inputPort": "input",
          "mapping": "${event.properties.Request ID}",
          "stepInput": "5b74e40e-454c-46e7-b1bc-c2170ace4da8"
        },
        {
          "inputPort": "input",
          "mapping": "${constants.NOTE_PREFIX_DEFAULT} Notification ${triggerOutputDELIVERYSTATUS.notification.deliveryStatus} to ${triggerOutputDELIVERYSTATUS.notification.recipient.targetName}",
          "stepInput": "05e9337b-6b83-4eb7-ba96-c66ec49b88bc"
        },
        {
          "inputPort": "input",
          "mapping": "${1f620135-6b9e-4758-a6c5-f7371d3a6660.JWT}",
          "stepInput": "408fe492-5159-4943-9df5-2aab440ba188"
        }
      ]
    },
    {
      "id": "b052dac7-0fa4-46db-b39e-1f1cdb5aee3e",
      "endpoint": "Remedy JWT",
      "label": "Helix | Add Work Info | Incident | JWT Auth",
      "environment": "HOSTED",
      "presentation": "{\"w\":60,\"x\":440,\"h\":60,\"y\":2683}",
      "step": "38dbf9da-4723-45eb-bbee-c9f7c1981727",
      "stepType": "SCRIPT_STEP",
      "inputMappings": [
        {
          "inputPort": "input",
          "mapping": "${event.properties.Incident Number}",
          "stepInput": "b6db7488-cefb-477c-9a7c-9df51c80b19f"
        },
        {
          "inputPort": "input",
          "mapping": "${event.properties.Request ID}",
          "stepInput": "5b74e40e-454c-46e7-b1bc-c2170ace4da8"
        },
        {
          "inputPort": "input",
          "mapping": "${constants.NOTE_PREFIX_DEFAULT} ${triggerOutputRESPONSE.respondedTo.by.firstName} ${triggerOutputRESPONSE.respondedTo.by.lastName} | ${triggerOutputRESPONSE.response.deviceName} responded [ ${triggerOutputRESPONSE.response.response} ]",
          "stepInput": "05e9337b-6b83-4eb7-ba96-c66ec49b88bc"
        },
        {
          "inputPort": "input",
          "mapping": "${ca1ce5ff-fb53-46c8-a55c-aa5b7c96388b.JWT}",
          "stepInput": "408fe492-5159-4943-9df5-2aab440ba188"
        }
      ]
    },
    {
      "id": "c520cc2e-af36-45a2-bebd-b8995b0ae0eb",
      "endpoint": "Remedy JWT",
      "label": "Helix | Add Work Info | Incident | JWT Auth",
      "environment": "HOSTED",
      "presentation": "{\"w\":60,\"x\":440,\"h\":60,\"y\":2372}",
      "step": "38dbf9da-4723-45eb-bbee-c9f7c1981727",
      "stepType": "SCRIPT_STEP",
      "inputMappings": [
        {
          "inputPort": "input",
          "mapping": "${event.properties.Incident Number}",
          "stepInput": "b6db7488-cefb-477c-9a7c-9df51c80b19f"
        },
        {
          "inputPort": "input",
          "mapping": "${event.properties.Request ID}",
          "stepInput": "5b74e40e-454c-46e7-b1bc-c2170ace4da8"
        },
        {
          "inputPort": "input",
          "mapping": "${constants.NOTE_PREFIX_DEFAULT} ${triggerOutputRESPONSE.respondedTo.by.firstName} ${triggerOutputRESPONSE.respondedTo.by.lastName} | ${triggerOutputRESPONSE.response.deviceName} responded [ ${triggerOutputRESPONSE.response.response} ]",
          "stepInput": "05e9337b-6b83-4eb7-ba96-c66ec49b88bc"
        },
        {
          "inputPort": "input",
          "mapping": "${fbb97296-fff3-4415-a1a8-1a2747b6e975.JWT}",
          "stepInput": "408fe492-5159-4943-9df5-2aab440ba188"
        }
      ]
    },
    {
      "id": "e62e769d-2b96-4894-93ca-9994c90f3be6",
      "endpoint": "Remedy JWT",
      "label": "Helix | Add Work Info | Incident | JWT Auth",
      "environment": "HOSTED",
      "presentation": "{\"w\":60,\"x\":440,\"h\":60,\"y\":1996}",
      "step": "38dbf9da-4723-45eb-bbee-c9f7c1981727",
      "stepType": "SCRIPT_STEP",
      "inputMappings": [
        {
          "inputPort": "input",
          "mapping": "${event.properties.Incident Number}",
          "stepInput": "b6db7488-cefb-477c-9a7c-9df51c80b19f"
        },
        {
          "inputPort": "input",
          "mapping": "${event.properties.Request ID}",
          "stepInput": "5b74e40e-454c-46e7-b1bc-c2170ace4da8"
        },
        {
          "inputPort": "input",
          "mapping": "${constants.NOTE_PREFIX_DEFAULT} ${triggerOutputANNOTATION.annotation.author.firstName} ${triggerOutputANNOTATION.annotation.author.lastName} | Response [ ${triggerOutputANNOTATION.annotation.response.response} ] | Commented [ ${triggerOutputANNOTATION.annotation.comment} ]",
          "stepInput": "05e9337b-6b83-4eb7-ba96-c66ec49b88bc"
        },
        {
          "inputPort": "input",
          "mapping": "${bdedc9e9-9bc1-45f9-8cc5-ee6abd9e40ac.JWT}",
          "stepInput": "408fe492-5159-4943-9df5-2aab440ba188"
        }
      ]
    },
    {
      "id": "f37c3fc6-f8d9-4860-afbe-3ed649afca1d",
      "endpoint": "Remedy JWT",
      "label": "Helix | Add Work Info | Incident | JWT Auth",
      "environment": "HOSTED",
      "presentation": "{\"w\":60,\"x\":440,\"h\":60,\"y\":1093}",
      "step": "38dbf9da-4723-45eb-bbee-c9f7c1981727",
      "stepType": "SCRIPT_STEP",
      "inputMappings": [
        {
          "inputPort": "input",
          "mapping": "${event.properties.Incident Number}",
          "stepInput": "b6db7488-cefb-477c-9a7c-9df51c80b19f"
        },
        {
          "inputPort": "input",
          "mapping": "${event.properties.Request ID}",
          "stepInput": "5b74e40e-454c-46e7-b1bc-c2170ace4da8"
        },
        {
          "inputPort": "input",
          "mapping": "${constants.NOTE_PREFIX_DEFAULT} Event [ ${event.eventId} ] ${triggerOutputSTATUS.statusChanged.auditType}",
          "stepInput": "05e9337b-6b83-4eb7-ba96-c66ec49b88bc"
        },
        {
          "inputPort": "input",
          "mapping": "${47527c26-8576-4b5d-91e9-d0b25184b13c.JWT}",
          "stepInput": "408fe492-5159-4943-9df5-2aab440ba188"
        }
      ]
    },
    {
      "id": "67413256-18a2-4d71-88b8-f9731e75ab28",
      "endpoint": "Remedy JWT",
      "label": "Helix | Add Work Info | Incident | JWT Auth",
      "environment": "HOSTED",
      "presentation": "{\"w\":60,\"x\":660,\"h\":60,\"y\":1463}",
      "step": "38dbf9da-4723-45eb-bbee-c9f7c1981727",
      "stepType": "SCRIPT_STEP",
      "inputMappings": [
        {
          "inputPort": "input",
          "mapping": "${event.properties.Incident Number}",
          "stepInput": "b6db7488-cefb-477c-9a7c-9df51c80b19f"
        },
        {
          "inputPort": "input",
          "mapping": "${event.properties.Request ID}",
          "stepInput": "5b74e40e-454c-46e7-b1bc-c2170ace4da8"
        },
        {
          "inputPort": "input",
          "mapping": "${constants.NOTE_PREFIX_DEFAULT} Notification ${triggerOutputDELIVERYSTATUS.notification.deliveryStatus} to ${triggerOutputDELIVERYSTATUS.notification.recipient.owner.firstName} ${triggerOutputDELIVERYSTATUS.notification.recipient.owner.lastName} | ${triggerOutputDELIVERYSTATUS.notification.recipient.name}",
          "stepInput": "05e9337b-6b83-4eb7-ba96-c66ec49b88bc"
        },
        {
          "inputPort": "input",
          "mapping": "${98c63436-95f0-4c61-82b1-403ec852af91.JWT}",
          "stepInput": "408fe492-5159-4943-9df5-2aab440ba188"
        }
      ]
    },
    {
      "id": "616317d8-97dc-4860-97a1-3d6264695e4e",
      "endpoint": "Remedy JWT",
      "label": "Helix | Get Incident | JWT Auth",
      "environment": "HOSTED",
      "presentation": "{\"w\":60,\"x\":660,\"h\":60,\"y\":190}",
      "step": "7f7ab8fa-cbab-4f2b-99e0-9d4663df0a5e",
      "stepType": "SCRIPT_STEP",
      "inputMappings": [
        {
          "inputPort": "input",
          "mapping": "${97ae8b2a-2f67-4679-b8d4-85662d167443.ID}",
          "stepInput": "9a827d00-eb62-40f7-8289-9918a601c8d7"
        },
        {
          "inputPort": "input",
          "mapping": "${c18724d3-456a-46e3-aad9-506e132adc4c.JWT}",
          "stepInput": "fee698d1-2fb9-464b-897d-6464a6a429f4"
        }
      ]
    },
    {
      "id": "bd01e20f-a6fa-46f3-bf79-981bce200673",
      "endpoint": "xMatters",
      "label": "Helix | POST to xM IB Integration",
      "environment": "HOSTED",
      "presentation": "{\"w\":60,\"x\":1980,\"h\":60,\"y\":340}",
      "step": "95d33e48-cd76-5120-bdb5-ed5dc549ecec",
      "stepType": "SCRIPT_STEP",
      "inputMappings": [
        {
          "inputPort": "input",
          "mapping": "${constants.XMATTERS_INCIDENT_EVENT_IB_PATH}",
          "stepInput": "9c92fd36-706a-55b6-8789-7d75e10fbfa1"
        },
        {
          "inputPort": "input",
          "mapping": "application/json",
          "stepInput": "265bf232-ca30-5672-8ed7-c937d6817138"
        },
        {
          "inputPort": "input",
          "mapping": "${327305e1-3992-4f4b-ac4d-b89d7225b5cb.Trigger Payload}",
          "stepInput": "084625d4-f7b5-58e6-b2d5-5dc8fd246bba"
        }
      ]
    },
    {
      "id": "327305e1-3992-4f4b-ac4d-b89d7225b5cb",
      "endpoint": "Remedy JWT",
      "label": "Helix | Prepare Trigger Payload",
      "environment": "HOSTED",
      "presentation": "{\"w\":60,\"x\":1760,\"h\":60,\"y\":340}",
      "step": "f74804d7-9d6e-4766-b890-109ba2a95372",
      "stepType": "SCRIPT_STEP",
      "inputMappings": [
        {
          "inputPort": "input",
          "mapping": "${616317d8-97dc-4860-97a1-3d6264695e4e.Incident JSON Object}",
          "stepInput": "ede80523-6fc6-4ae6-8362-e4627352eceb"
        },
        {
          "inputPort": "input",
          "mapping": "${97ae8b2a-2f67-4679-b8d4-85662d167443.Action}",
          "stepInput": "528b8964-8c6c-44f2-ac32-64e5402b316d"
        },
        {
          "inputPort": "input",
          "mapping": "${97ae8b2a-2f67-4679-b8d4-85662d167443.Form}",
          "stepInput": "34bf8f22-8e48-44ea-9fed-db8002e06580"
        },
        {
          "inputPort": "input",
          "mapping": "${constants.RESPONSE_OPTIONS_INCIDENT_GROUP}",
          "stepInput": "7eca8a29-64fe-4155-83b7-3a2437f3becd"
        },
        {
          "inputPort": "input",
          "mapping": "${constants.RESPONSE_OPTIONS_INCIDENT_USER}",
          "stepInput": "3a686263-c75d-416e-a5dc-1c07f708765d"
        },
        {
          "inputPort": "input",
          "mapping": "${constants.HELIX_FQDN}",
          "stepInput": "a3631c51-265b-4496-b767-224eb231d518"
        },
        {
          "inputPort": "input",
          "mapping": "${constants.HELIX_SERVER_NAME}",
          "stepInput": "c7d6cc3c-dd7c-413f-940e-60b67f8b5edc"
        },
        {
          "inputPort": "input",
          "mapping": "${constants.HELIX_OPT_SIMPLE_GROUP_NAME}",
          "stepInput": "fdbc8321-5981-40ad-bb89-43be4f94837f"
        }
      ]
    },
    {
      "id": "02675750-80e7-44f0-9e78-dee9bc901b1f",
      "label": "Incident Alerts - Device Delivery Updates",
      "environment": "HOSTED",
      "presentation": "{\"w\":60,\"x\":0,\"h\":60,\"y\":1313}",
      "step": "f63ee0c7-ad30-46c0-a7d5-a52b9f7b5584",
      "stepType": "INTEGRATION"
    },
    {
      "id": "8a17f1bf-3cc6-4d4e-980a-241c429077b8",
      "label": "Incident Alerts - Event Comments",
      "environment": "HOSTED",
      "presentation": "{\"w\":60,\"x\":0,\"h\":60,\"y\":1996}",
      "step": "e8488eec-a5b7-4ae4-be5f-5f9b5dd6be5e",
      "stepType": "INTEGRATION"
    },
    {
      "id": "7f690003-2a94-4c28-b20f-8680076f951b",
      "label": "Incident Alerts - Event Status Updates",
      "environment": "HOSTED",
      "presentation": "{\"w\":60,\"x\":0,\"h\":60,\"y\":1093}",
      "step": "0c7f12d6-4ded-46c2-9d54-4a7b2a7a631f",
      "stepType": "INTEGRATION"
    },
    {
      "id": "98f275f1-c35c-45f5-a7d9-7c4a7ecbe0aa",
      "label": "Number Events Found",
      "environment": "HOSTED",
      "presentation": "{\"w\":60,\"x\":660,\"h\":60,\"y\":355}",
      "stepType": "SWITCH",
      "inputMappings": [
        {
          "inputPort": "input",
          "mapping": "${fd8a80ef-6e3b-4939-98ed-85f5f4d9a53d.Number of Event IDs Returned}"
        }
      ],
      "switchCases": [
        {
          "caseId": "57ec976d-6cac-44e5-ba63-4ef304fc96d3",
          "caseValue": "0"
        }
      ]
    },
    {
      "id": "fdf301e8-dbe2-4096-a531-a4af0b1f2fcf",
      "label": "Number Events Found",
      "environment": "HOSTED",
      "presentation": "{\"w\":60,\"x\":1320,\"h\":60,\"y\":205}",
      "stepType": "SWITCH",
      "inputMappings": [
        {
          "inputPort": "input",
          "mapping": "${b37d25b2-431e-4199-8ffa-7b8ccc133aa9.Number of Event IDs Returned}"
        }
      ],
      "switchCases": [
        {
          "caseId": "79f23439-4b5d-4b56-84a0-174fccbdd909",
          "caseValue": "0"
        }
      ]
    },
    {
      "id": "5001a980-c0d5-4ae9-b5aa-f8ae898daa8d",
      "label": "Responses",
      "environment": "HOSTED",
      "presentation": "{\"w\":100,\"x\":0,\"h\":50,\"y\":2216}",
      "stepType": "RESPONSES"
    },
    {
      "id": "97ae8b2a-2f67-4679-b8d4-85662d167443",
      "label": "Step 01 - Helix Inbound Request | JSON",
      "environment": "HOSTED",
      "presentation": "{\"w\":60,\"x\":0,\"h\":60,\"y\":40}",
      "step": "385f3a52-5ec3-4ca9-9533-b6c6dc143c6a",
      "stepType": "INTEGRATION"
    },
    {
      "id": "e30db53e-e26a-4aaf-bfa9-4807dd1636ec",
      "label": "Step 01 | Helix Inbound Request | XML",
      "environment": "HOSTED",
      "presentation": "{\"w\":60,\"x\":0,\"h\":60,\"y\":873}",
      "step": "0249dce6-a6ed-4f56-b4c2-6fbbdce843d9",
      "stepType": "INTEGRATION"
    },
    {
      "id": "8d0ff8aa-8d9e-4d13-99f3-08ae23ec3f73",
      "label": "Terminate Events",
      "environment": "HOSTED",
      "presentation": "{\"w\":60,\"x\":1540,\"h\":60,\"y\":490}",
      "step": "798e3053-b4b4-5e8c-ba84-8a11c3be6237",
      "stepType": "SCRIPT_STEP",
      "inputMappings": [
        {
          "inputPort": "input",
          "mapping": "${b37d25b2-431e-4199-8ffa-7b8ccc133aa9.Event IDs}",
          "stepInput": "4fdf2591-4925-5682-8911-f0163d7f98dd"
        }
      ]
    },
    {
      "id": "10a2bd21-8987-4eda-82ed-06d2316e0edb",
      "label": "Terminate Events",
      "environment": "HOSTED",
      "presentation": "{\"w\":60,\"x\":880,\"h\":60,\"y\":640}",
      "step": "798e3053-b4b4-5e8c-ba84-8a11c3be6237",
      "stepType": "SCRIPT_STEP",
      "inputMappings": [
        {
          "inputPort": "input",
          "mapping": "${fd8a80ef-6e3b-4939-98ed-85f5f4d9a53d.Event IDs}",
          "stepInput": "4fdf2591-4925-5682-8911-f0163d7f98dd"
        }
      ]
    }
  ],
  "edges": [
    {
      "fromBlock": "8a17f1bf-3cc6-4d4e-980a-241c429077b8",
      "fromPort": "output",
      "toBlock": "bdedc9e9-9bc1-45f9-8cc5-ee6abd9e40ac",
      "toPort": "input"
    },
    {
      "fromBlock": "8d0ff8aa-8d9e-4d13-99f3-08ae23ec3f73",
      "fromPort": "output",
      "toBlock": "327305e1-3992-4f4b-ac4d-b89d7225b5cb",
      "toPort": "input"
    },
    {
      "fromBlock": "955befee-463d-40c1-a871-6d4a8d609c83",
      "fromPort": "output",
      "toBlock": "d7b8fa9e-1986-4cf3-a061-2cc25efca41e",
      "toPort": "input"
    },
    {
      "fromBlock": "96b56595-7250-45b9-90b9-7c5f4d0737b1",
      "fromPort": "output",
      "toBlock": "955befee-463d-40c1-a871-6d4a8d609c83",
      "toPort": "input"
    },
    {
      "fromBlock": "97ae8b2a-2f67-4679-b8d4-85662d167443",
      "fromPort": "output",
      "toBlock": "52f9fe79-5699-42a8-a447-3d1d4a5c17d8",
      "toPort": "input"
    },
    {
      "fromBlock": "98c63436-95f0-4c61-82b1-403ec852af91",
      "fromPort": "output",
      "toBlock": "67413256-18a2-4d71-88b8-f9731e75ab28",
      "toPort": "input"
    },
    {
      "fromBlock": "98f275f1-c35c-45f5-a7d9-7c4a7ecbe0aa",
      "fromPort": "output",
      "toBlock": "10a2bd21-8987-4eda-82ed-06d2316e0edb",
      "toPort": "input"
    },
    {
      "fromBlock": "a4cb01e1-a33e-44e5-aa5e-6df6d47186d6",
      "fromPort": "output",
      "toBlock": "f7b1ab14-659d-4da8-a395-fb634756ebae",
      "toPort": "input"
    },
    {
      "fromBlock": "a4ff82f0-ea7f-4de2-8a46-879ee72c6d90",
      "fromPort": "output",
      "toBlock": "a26b477b-cbf4-413a-ab23-14eb866849bf",
      "toPort": "input"
    },
    {
      "fromBlock": "b052dac7-0fa4-46db-b39e-1f1cdb5aee3e",
      "fromPort": "output",
      "toBlock": "2792fb07-6c7b-4f7d-b6a0-d1df86167b86",
      "toPort": "input"
    },
    {
      "fromBlock": "b18fea62-7190-4f43-be7f-96172e3b3ba5",
      "fromPort": "output",
      "toBlock": "b37d25b2-431e-4199-8ffa-7b8ccc133aa9",
      "toPort": "input"
    },
    {
      "fromBlock": "b37d25b2-431e-4199-8ffa-7b8ccc133aa9",
      "fromPort": "output",
      "toBlock": "fdf301e8-dbe2-4096-a531-a4af0b1f2fcf",
      "toPort": "input"
    },
    {
      "fromBlock": "bdedc9e9-9bc1-45f9-8cc5-ee6abd9e40ac",
      "fromPort": "output",
      "toBlock": "e62e769d-2b96-4894-93ca-9994c90f3be6",
      "toPort": "input"
    },
    {
      "fromBlock": "c18724d3-456a-46e3-aad9-506e132adc4c",
      "fromPort": "output",
      "toBlock": "616317d8-97dc-4860-97a1-3d6264695e4e",
      "toPort": "input"
    },
    {
      "fromBlock": "c520cc2e-af36-45a2-bebd-b8995b0ae0eb",
      "fromPort": "output",
      "toBlock": "a4ff82f0-ea7f-4de2-8a46-879ee72c6d90",
      "toPort": "input"
    },
    {
      "fromBlock": "ca1ce5ff-fb53-46c8-a55c-aa5b7c96388b",
      "fromPort": "output",
      "toBlock": "b052dac7-0fa4-46db-b39e-1f1cdb5aee3e",
      "toPort": "input"
    },
    {
      "fromBlock": "d4b284d2-fea9-4693-8649-f3b1e7f3da0f",
      "fromPort": "output",
      "toBlock": "fbb97296-fff3-4415-a1a8-1a2747b6e975",
      "toPort": "input"
    },
    {
      "fromBlock": "e62e769d-2b96-4894-93ca-9994c90f3be6",
      "fromPort": "output",
      "toBlock": "3d39f6cc-3734-451d-9482-7c1bea71686f",
      "toPort": "input"
    },
    {
      "fromBlock": "eb1a308d-7234-469e-bbd5-14bb4122235b",
      "fromPort": "output",
      "toBlock": "ca1ce5ff-fb53-46c8-a55c-aa5b7c96388b",
      "toPort": "input"
    },
    {
      "fromBlock": "f37c3fc6-f8d9-4860-afbe-3ed649afca1d",
      "fromPort": "output",
      "toBlock": "b9374a0e-e771-4a2e-8f68-4445bcf69e83",
      "toPort": "input"
    },
    {
      "fromBlock": "fbb97296-fff3-4415-a1a8-1a2747b6e975",
      "fromPort": "output",
      "toBlock": "c520cc2e-af36-45a2-bebd-b8995b0ae0eb",
      "toPort": "input"
    },
    {
      "fromBlock": "fd8a80ef-6e3b-4939-98ed-85f5f4d9a53d",
      "fromPort": "output",
      "toBlock": "98f275f1-c35c-45f5-a7d9-7c4a7ecbe0aa",
      "toPort": "input"
    },
    {
      "fromBlock": "fdf301e8-dbe2-4096-a531-a4af0b1f2fcf",
      "fromPort": "output",
      "toBlock": "8d0ff8aa-8d9e-4d13-99f3-08ae23ec3f73",
      "toPort": "input"
    },
    {
      "fromBlock": "fdf301e8-dbe2-4096-a531-a4af0b1f2fcf",
      "fromPort": "79f23439-4b5d-4b56-84a0-174fccbdd909",
      "toBlock": "327305e1-3992-4f4b-ac4d-b89d7225b5cb",
      "toPort": "input"
    },
    {
      "fromBlock": "02675750-80e7-44f0-9e78-dee9bc901b1f",
      "fromPort": "output",
      "toBlock": "42486da0-0e70-4243-803f-48384a6b0aff",
      "toPort": "input"
    },
    {
      "fromBlock": "10a2bd21-8987-4eda-82ed-06d2316e0edb",
      "fromPort": "output",
      "toBlock": "96b56595-7250-45b9-90b9-7c5f4d0737b1",
      "toPort": "input"
    },
    {
      "fromBlock": "1f620135-6b9e-4758-a6c5-f7371d3a6660",
      "fromPort": "output",
      "toBlock": "a4cb01e1-a33e-44e5-aa5e-6df6d47186d6",
      "toPort": "input"
    },
    {
      "fromBlock": "327305e1-3992-4f4b-ac4d-b89d7225b5cb",
      "fromPort": "output",
      "toBlock": "bd01e20f-a6fa-46f3-bf79-981bce200673",
      "toPort": "input"
    },
    {
      "fromBlock": "42486da0-0e70-4243-803f-48384a6b0aff",
      "fromPort": "dce0bbae-8f1d-48a6-85b6-ea5502d77bf1",
      "toBlock": "98c63436-95f0-4c61-82b1-403ec852af91",
      "toPort": "input"
    },
    {
      "fromBlock": "42486da0-0e70-4243-803f-48384a6b0aff",
      "fromPort": "b4cc3458-c8d8-4e63-ab1d-d648690acea9",
      "toBlock": "1f620135-6b9e-4758-a6c5-f7371d3a6660",
      "toPort": "input"
    },
    {
      "fromBlock": "47527c26-8576-4b5d-91e9-d0b25184b13c",
      "fromPort": "output",
      "toBlock": "f37c3fc6-f8d9-4860-afbe-3ed649afca1d",
      "toPort": "input"
    },
    {
      "fromBlock": "4f014859-5daa-428c-9cf5-3e902420a6fb",
      "fromPort": "output",
      "toBlock": "ca1ce5ff-fb53-46c8-a55c-aa5b7c96388b",
      "toPort": "input"
    },
    {
      "fromBlock": "52f9fe79-5699-42a8-a447-3d1d4a5c17d8",
      "fromPort": "f869218e-ee4b-44ed-85bf-d7981f241aae",
      "toBlock": "c18724d3-456a-46e3-aad9-506e132adc4c",
      "toPort": "input"
    },
    {
      "fromBlock": "52f9fe79-5699-42a8-a447-3d1d4a5c17d8",
      "fromPort": "0299552b-7931-44e1-87da-c34b97d606d9",
      "toBlock": "fd8a80ef-6e3b-4939-98ed-85f5f4d9a53d",
      "toPort": "input"
    },
    {
      "fromBlock": "616317d8-97dc-4860-97a1-3d6264695e4e",
      "fromPort": "output",
      "toBlock": "b18fea62-7190-4f43-be7f-96172e3b3ba5",
      "toPort": "input"
    },
    {
      "fromBlock": "67413256-18a2-4d71-88b8-f9731e75ab28",
      "fromPort": "output",
      "toBlock": "ff9c2896-547e-4e24-87a6-435ebacaa8be",
      "toPort": "input"
    },
    {
      "fromBlock": "7f690003-2a94-4c28-b20f-8680076f951b",
      "fromPort": "output",
      "toBlock": "47527c26-8576-4b5d-91e9-d0b25184b13c",
      "toPort": "input"
    }
  ]
}