[
  {
    "id": "4f8343d7-52a2-4fe5-9524-8ebd8c8705ce",
    "name": "Helix | Add Work Info | Incident",
    "description": "Add Work Info to Helix Incident using Remedy Token endpoint type",
    "icon": "http://s3-xmatters-static.s3.amazonaws.com/null/customers/e537a817-469f-4e9b-9f8b-aa99e4abddeb/IMAGE__20190725165336353__bmc-logo-png-3.png",
    "script": "var payload = {\n    values: {\n        'z1D Action': 'MODIFY',\n        'z1D_Activity_Type': 'Working Log',\n        'z1D_Secure_Log': 'Yes',\n        'z1D_View_Access': 'Internal'\n    }\n};\n\nvar requestId = input['Request ID'];\nvar workLogDetails = input['Work Info Content'];\nvar workLog_substrMax = constants.HELIX_WORKINFO_MAX_LENGTH - 1;\npayload.values['z1D_WorklogDetails'] = workLogDetails.substring(0, workLog_substrMax);\n\nif (typeof requestId === \"undefined\") {\n    // Get the Incident properties if Request ID is null\n    var path = '/api/arsys/v1/entry/HPD:IncidentInterface?q=%27Incident%20Number%27%20%3D%22' + input['Incident Number'] + '%22';\n\t\n    var getIncidentDetails = http.request({\n       autoEncodeURI: false,\n        endpoint: 'HELIX ITSM',\n        method: 'GET',\n        path: path\n    });\n\t\n    var responseIncident = getIncidentDetails.write();\n    var respBodyIncident;\n\n    if (responseIncident.statusCode >= 200 && responseIncident.statusCode < 300) {\n\t\tvar error;\n        try {\n            respBodyIncident = JSON.parse(responseIncident.body);\n            if ((typeof respBodyIncident.entries !== \"undefined\") && (respBodyIncident.entries.length > 0)) {\n                var incident = respBodyIncident.entries[0];\n            }\n        } catch (e) {\n            console.log(\n                'Incident details requested successfully, but this step will not return any outputs '\n                + 'because the following response body cannot be parsed: ' + responseIncident.body\n            );\n        }\n    } else {\n        var error;\n        try {\n            respBodyIncident = JSON.parse(responseIncident.body);\n            var errorMessage = respBodyIncident[0].messageText;\n            var errorDetails = respBodyIncident[0].messageAppendedText;\n            error = ' message:' + (errorMessage ? (' ' + errorMessage) : '') + ' ' + errorDetails;\n        } catch (e) {\n            error = ': ' + responseIncident.body;\n        }\n        throw new Error(\n            'Failed to retrieve Incident details. '\n            + 'Helix ITSM API returned '\n            + '[' + responseIncident.statusCode + '] '\n            + 'and the following'\n            + error\n        );\n    }\n\n    if (null !== respBodyIncident) {\n        requestId = incident.values[\"Request ID\"];\n    } else {\n        console.log(\"getIncidentDetails - Could not find an incident in Remedy with Incident Number=\" + input['Incident Number']);\n    }\n}\n\nvar uriEncoded_requestId = encodeURIComponent(requestId);\n\nvar addWorkInfo = http.request({\n    autoEncodeURI: false,\n        endpoint: 'HELIX ITSM',\n    method: 'PUT',\n    path: '/api/arsys/v1/entry/HPD:IncidentInterface/' + uriEncoded_requestId\n});\n\nvar responseWorkInfo = addWorkInfo.write(payload);\nvar respBodyWorkInfo;\n\nif (responseWorkInfo.statusCode >= 200 && responseWorkInfo.statusCode < 300) {\n    try {\n        respBodyWorkInfo = JSON.parse(responseWorkInfo.body);\n    } catch (e) {\n        console.log(\n            'Work Info added successfully, but this step will not return any outputs '\n            + 'because the following responseWorkInfo body cannot be parsed: ' + responseWorkInfo.body\n        );\n    }\n} else {\n    var error;\n    try {\n        respBodyWorkInfo = JSON.parse(responseWorkInfo.body);\n        var errorMessage = respBodyWorkInfo[0].messageText;\n        var errorDetails = respBodyWorkInfo[0].messageAppendedText;\n        error = ' message:' + (errorMessage ? (' ' + errorMessage) : '') + ' ' + errorDetails;\n    } catch (e) {\n        error = ': ' + responseWorkInfo.body;\n    }\n    console.log(\n        'Failed to add a Work Info entry. '\n        + 'Helix ITSM API returned '\n        + '[' + responseWorkInfo.statusCode + '] '\n        + 'and the following'\n        + error\n    );\n}\n",
    "endpointAuthType": "REMEDY_TOKEN",
    "endpointLabel": "HELIX ITSM",
    "allowedEnvironment": "BOTH",
    "accessibleByAll": "NotShared",
    "stage": "DEPLOYED",
    "scriptStepType": "USER",
    "inputs": [
      {
        "id": "cf629cc0-eb93-4aa2-a38a-3ee900ea22c1",
        "name": "Incident Number",
        "helpText": "Event Properties Incident Number",
        "defaultValue": "",
        "multiline": false,
        "required": true,
        "validationRegex": "",
        "maxLength": 50,
        "minLength": 0,
        "position": 0
      },
      {
        "id": "d02762d4-f3dc-4062-9c73-35f916bbefef",
        "name": "Request ID",
        "helpText": "Event Properties Request ID",
        "defaultValue": "",
        "multiline": false,
        "required": false,
        "validationRegex": "",
        "maxLength": 100,
        "minLength": 0,
        "position": 1
      },
      {
        "id": "72ac5004-df51-487b-83eb-5616dc624327",
        "name": "Work Info Content",
        "helpText": "Build the Work Info message",
        "defaultValue": "",
        "multiline": false,
        "required": true,
        "validationRegex": "",
        "maxLength": 2000,
        "minLength": 0,
        "position": 2
      }
    ],
    "outputs": [],
    "libraries": []
  },
  {
    "id": "7c9c0bf3-1ae4-4bd1-aea9-abf8b7de8085",
    "name": "Helix Inbound Request | XML",
    "description": "Inbound SOAP request",
    "icon": "https://s3-xmatters-static.s3.amazonaws.com/null/customers/5c36e2a5-ebba-4e64-9345-e8616a36b1e0/IMAGE__20190716225527614__bmc-logo-png-3.png",
    "script": "// =====================================================================================================================\n// Parse data from Remedy/Helix (sent as XML via a SOAP POST)\n// =====================================================================================================================\nvar data = JXON.parse(request.body);\nconsole.log('Request body via JXON.parse(request.body) = [' + JSON.stringify(data,null,4) + ']');\n\n// Note: XML payload gets converted to ALL lowercase. Reference properties using \"ns0:<lowercase>\"\nvar triggerRequest = data[\"soapenv:envelope\"][\"soapenv:body\"][\"ns0:triggerrequest\"];\nvar action = triggerRequest[\"ns0:action\"];\nvar id = triggerRequest[\"ns0:id\"];\nvar additionalData = (typeof triggerRequest[\"ns0:additionaldata\"] !== \"undefined\")?triggerRequest[\"ns0:additionaldata\"]:\"\";\nvar form = (typeof triggerRequest[\"ns0:form\"] !== \"undefined\")?triggerRequest[\"ns0:form\"]:\"\";\nvar message = (typeof triggerRequest[\"ns0:message\"] !== \"undefined\")?triggerRequest[\"ns0:message\"]:\"\";\n\nconsole.log(\"Received action: \" + action + \" | id: \" + id + \" | form: \" + form + \" | message: \" + message + \" | additionalData: \" + additionalData);\n\nif ((typeof action !== \"string\") || action.length === 0) {\n    console.log(\"Request action not found\");\n    throw \"Request action not found\";\n}\n\nif ((typeof id !== \"string\") || id.length === 0) {\n    console.log(\"Request Incident or Change ID not found\");\n    throw \"Request Incident or Change ID not found\";\n}\n\n// Define outputs\noutput['Action'] = action;\noutput['ID'] = id;\noutput['Form'] = form;\noutput['Delete Message'] = message;\noutput['Additional Data'] = additionalData;\n",
    "endpointLabel": "",
    "allowedEnvironment": "HOSTED",
    "accessibleByAll": "NotShared",
    "triggerAuthType": "ALLOW_ALL",
    "stage": "DEPLOYED",
    "scriptStepType": "CUSTOM_HTTP",
    "inputs": [],
    "outputs": [
      {
        "id": "81815d1e-9f7e-4739-b43b-52285db1f73c",
        "name": "Action",
        "description": "",
        "position": 0
      },
      {
        "id": "21cd91f3-7d6c-4939-bc17-ad5bc273cb56",
        "name": "ID",
        "description": "",
        "position": 1
      },
      {
        "id": "d62cf225-09e3-45b5-927a-025c4e41a717",
        "name": "Form",
        "description": "",
        "position": 2
      },
      {
        "id": "dff4f843-cefd-4985-bb8b-fe9367a58642",
        "name": "Additional Data",
        "description": "",
        "position": 3
      },
      {
        "id": "244f9a2a-e6ef-46dd-946b-884440182a73",
        "name": "Delete Message",
        "description": "",
        "position": 4
      }
    ],
    "libraries": []
  },
  {
    "id": "ad3c1db9-9b3b-47ee-9b98-11301c06fb80",
    "name": "Helix | Get Incident",
    "description": "Get Helix Incident properties using Incident ID via REST using Remedy Token endpoint type",
    "icon": "http://s3-xmatters-static.s3.amazonaws.com/null/customers/757b4678-fb1f-470c-ba9f-074fd3aacdab/IMAGE__20190824031737810__bmc-logo-png-3.png",
    "script": "// Get Remedy Incident details\nvar incidentId = input['Incident ID'];\n\n// Construct the path\nvar path = '/api/arsys/v1/entry/HPD:IncidentInterface?q=%27Incident%20Number%27%20%3D%22' + encodeURIComponent(incidentId) + '%22';\n\n// Prepare the request object to get the Incident\nvar requestObj = {\n    'endpoint': 'HELIX ITSM',\n    'method': 'GET',\n    'path': path,\n    'headers': {\n        'Content-Type': 'application/json'\n    }\n};\n\n// Create the request\nvar request = http.request(requestObj);\n// Send request to Helix\nvar response;\ntry {\n    response = request.write();\n} catch (e) {\n    response = {};\n    response.statusCode = 400;\n    errBody = {\n        \"code\":400,\n        \"message\": String(e),\n        \"reason\":\"Exception\",\n        \"subcode\":\"Exception caught in GET Incident REST call\"\n    }\n    response.body = JSON.stringify(errBody);\n}\n\n// Verify that a 200 was returned (success)\nvar incident = null;\nif (200 === response.statusCode) {\n    // See if an entry was returned\n    var remedyResult = JSON.parse(response.body);\n    if ((typeof remedyResult.entries !== \"undefined\") && (remedyResult.entries.length > 0)) {\n        incident = remedyResult.entries[0];\n    }\n}\nif (null !== incident) {\n    incident = incident.values;\n    // Convert numbers to strings\n    // This is done for compatibility with the existing Comm Plans and logic\n    for (var key in incident) {\n        if (typeof incident[key] === \"number\") {\n            incident[key] = incident[key].toString();\n        }\n    }\n} else {\n    throw \"Unable to GET form data from HPD:IncidentInterface REST Service for Incident: \" + incidentId + \" | statusCode: \" + response.statusCode;\n}\n\n// Verify Incident Number and Request ID were retrieved\nif (typeof incident['Incident Number'] === \"undefined\") {\n    console.log(logPrefix + \"Incident Number not present in payload from Helix\");\n    throw \"Incident Number not present in payload from Helix\";\n}\nif (typeof incident['Request ID'] === \"undefined\") {\n    console.log(logPrefix + \"Request ID not present in payload from Helix\");\n    throw \"Request ID not present in payload from Helix\";\n}\n\noutput['Incident JSON Object'] = incident;\n",
    "endpointAuthType": "REMEDY_TOKEN",
    "endpointLabel": "HELIX ITSM",
    "allowedEnvironment": "BOTH",
    "accessibleByAll": "NotShared",
    "stage": "DEPLOYED",
    "scriptStepType": "USER",
    "inputs": [
      {
        "id": "5976bbc1-4ff2-4719-a060-0ec2b8d04f54",
        "name": "Incident ID",
        "helpText": "",
        "defaultValue": "",
        "multiline": false,
        "required": true,
        "validationRegex": "",
        "maxLength": 30,
        "minLength": 0,
        "position": 0
      }
    ],
    "outputs": [
      {
        "id": "f1bbee80-c5d9-4fdf-8e22-1ea71382dccb",
        "name": "Incident JSON Object",
        "description": "",
        "position": 0
      }
    ],
    "libraries": []
  },
  {
    "id": "704d52f5-8a1c-4e46-a377-f47b24c72dc9",
    "name": "Helix Inbound Request | JSON",
    "description": "Inbound REST request",
    "icon": "http://s3-xmatters-static.s3.amazonaws.com/null/customers/e4194fdc-ee7a-4a10-8d46-875b73cbce9a/IMAGE__20190911004920602__bmc-logo-png-3.png",
    "script": "// =====================================================================================================================\n// Parse data from Remedy/Helix (sent as JSON via a REST POST)\n// =====================================================================================================================\nvar data = JSON.parse(request.body);\nconsole.log('Request body via JSON.parse(request.body) = [' + JSON.stringify(data,null,4) + ']');\n\nvar action = data.action;\nvar id = data.id;\nvar form = (typeof data.form !== \"undefined\")?data.form:\"\";\nvar message = (typeof data.message !== \"undefined\")?data.message:\"\";\nvar additionalData = (typeof data.additionalData !== \"undefined\")?data.additionalData:\"\";\n\nconsole.log(\"Received action: \" + action + \" | id: \" + id + \" | form: \" + form + \" | message: \" + message + \" | additionalData: \" + additionalData);\n\nif ((typeof action !== \"string\") || action.length === 0) {\n    console.log(\"Request action not found\");\n    throw \"Request action not found\";\n}\n\nif ((typeof id !== \"string\") || id.length === 0) {\n    console.log(\"Request Incident or Change ID not found\");\n    throw \"Request Incident or Change ID not found\";\n}\noutput['Action'] = action;\noutput['ID'] = id;\noutput['Form'] = form;\noutput['Delete Message'] = message;\noutput['Additional Data'] = additionalData;\n",
    "endpointLabel": "",
    "allowedEnvironment": "HOSTED",
    "accessibleByAll": "NotShared",
    "triggerAuthType": "ALLOW_ALL",
    "stage": "DEPLOYED",
    "scriptStepType": "CUSTOM_HTTP",
    "inputs": [],
    "outputs": [
      {
        "id": "9973e092-49e4-4648-959f-fc24e452aed3",
        "name": "Action",
        "description": "",
        "position": 0
      },
      {
        "id": "4ad76539-a703-424d-b71f-a810514caa74",
        "name": "ID",
        "description": "",
        "position": 1
      },
      {
        "id": "b77c45d0-88bd-4b06-82b4-31e8b23f5a17",
        "name": "Form",
        "description": "",
        "position": 2
      },
      {
        "id": "1a15f954-7c3d-4275-bc58-879fb62ae429",
        "name": "Additional Data",
        "description": "",
        "position": 3
      },
      {
        "id": "8f8336c0-ef5d-4243-9012-2724fb095c07",
        "name": "Delete Message",
        "description": "",
        "position": 4
      }
    ],
    "libraries": []
  },
  {
    "id": "06d444fc-68c8-4a87-8580-859fa0819183",
    "name": "Helix | Prepare Trigger Payload",
    "description": "",
    "icon": "https://s3-xmatters-static.s3.amazonaws.com/null/customers/5c36e2a5-ebba-4e64-9345-e8616a36b1e0/IMAGE__20190716225527614__bmc-logo-png-3.png",
    "script": "// Assign inputs\nconst serverFQDN = input['Helix FQDN'];\nconst serverName = input['Helix Server Name'];\nconst simpleGroupName = input['Simple Group Name'];\n\n// Assign the Incident details to trigger.properties\nvar trigger = {};\ntrigger.properties = input['Incident JSON Payload'];\n\ntrigger.properties.action = input['Action'];\ntrigger.properties.triggerType = input['Form'];\n\n// =====================================================================================================================\n// Assign xM_Remedy_Action value for single-form targeting\n// =====================================================================================================================\nswitch (trigger.properties.triggerType) {\n\tcase \"New Incident Alerts\" :\n\t\ttrigger.properties.xM_Remedy_Action = \"Initial\";\n\t\tbreak;\n\tcase \"Incident Priority Upgrade Alerts\" :\n\t\ttrigger.properties.xM_Remedy_Action = \"Upgraded\";\n\t\tbreak;\n\tcase \"Incident Priority Downgrade Alerts\" :\n\t\ttrigger.properties.xM_Remedy_Action = \"Downgraded\";\n\t\tbreak;\n\tcase \"Reopened Incident Alerts\" :\n\t\ttrigger.properties.xM_Remedy_Action = \"Reopened\";\n\t\tbreak;\n\tcase \"Reassigned Incident Alerts\" :\n\t\ttrigger.properties.xM_Remedy_Action = \"Reassigned\";\n\t\tbreak;\n\tcase \"SLM Alerts\" :\n\t\ttrigger.properties.xM_Remedy_Action = String(trigger.properties['SLM Status']);\n\t\tbreak;\n\tdefault :\n\t\ttrigger.properties.xM_Remedy_Action = \"\";\n}\n\n// =====================================================================================================================\n// Set the xMatters Priority based on the Remedy Priority level\n// =====================================================================================================================\nswitch (trigger.properties.Priority.toLowerCase()) {\n\tcase \"critical\" :\n\t\ttrigger.priority = \"HIGH\";\n\t\tbreak;\n\tcase \"high\" :\n\t\ttrigger.priority = \"HIGH\";\n\t\tbreak;\n\tcase \"medium\" :\n\t\ttrigger.priority = \"MEDIUM\";\n\t\tbreak;\n\tdefault :\n\t\ttrigger.priority = \"LOW\";\n\t\tbreak;\n}\n\n// =====================================================================================================================\n// Create ticket link\n// =====================================================================================================================\n// Get the Ticket Type\nvar entryId = trigger.properties['Entry ID'];\nvar ticketType = entryId.substring(0,3).toUpperCase();\n// Determine parameters\nvar remedy_form = \"\";\nswitch(ticketType) {\n    case \"INC\":\n        remedy_form = \"HPD:Help+Desk\";\n        break;\n    case \"PBI\":\n        remedy_form = \"PBM:Problem+Investigation\";\n        break;\n    case \"PKE\":\n        remedy_form = \"PBM:Known+Error\";\n        break;\n    case \"CRQ\":\n        remedy_form = \"CHG:Infrastructure+Change\";\n        break;\n    case \"TSK\":\n        remedy_form = \"TMS:Task\";\n        break;\n    case \"WOI\":\n        remedy_form = \"WOI:WorkOrder\";\n        break;\n}\n \n// Create the URL\nvar theURL = \n    serverFQDN + \n    \"/arsys/forms/\" + \n    serverName + \n    \"/\" +\n    remedy_form + \n    \"/Default+Administrator+View/?eid=\" + \n    entryId;\n\ntrigger.properties.ticketLink = theURL;\n\n// =====================================================================================================================\n// Determine recipients\n// =====================================================================================================================\nvar recipients = [];\nvar responseOptions = [];\nconsole.log('trigger.properties[Assigned Group] = [' + trigger.properties['Assigned Group'] + ']' + 'properties[Assignee Login ID] = [' + trigger.properties['Assignee Login ID'] + ']');\nif ((typeof trigger.properties['Assignee Login ID'] === \"undefined\") || \n    (trigger.properties['Assignee Login ID'] === null) || \n    (trigger.properties['Assignee Login ID'] === \"\")) {\n    if ((typeof trigger.properties['Assigned Group'] !== \"undefined\") && \n        (trigger.properties['Assigned Group'] !== null) && \n        (trigger.properties['Assigned Group'] !== \"\")) {\n        var gTargetName = trigger.properties['Assigned Support Company'] + \"*\" + trigger.properties['Assigned Support Organization'] + \"*\" + trigger.properties['Assigned Group'];\n        if (simpleGroupName === \"true\") {\n            gTargetName = trigger.properties['Assigned Group'];\n        }\n        recipients.push({\"recipientType\": \"GROUP\",\"id\": gTargetName});\n        trigger.recipients = recipients;\n        var responseIds = input['Responses Group'].split(\",\");\n        for (var i in responseIds) {\n            responseOptions.push({\"id\": responseIds[i]});\n        }\n        trigger.responseOptions = responseOptions;\n    }\n} else {\n    var assigneeLoginId = trigger.properties['Assignee Login ID'];\n    recipients.push({\"recipientType\": \"PERSON\",\"id\": assigneeLoginId});\n    trigger.recipients = recipients;\n    var responseIds = input['Responses User'].split(\",\");\n    for (var i in responseIds) {\n        responseOptions.push({\"id\": responseIds[i]});\n    }\n    trigger.responseOptions = responseOptions;\n}\n\noutput['Trigger Payload'] = trigger;\n",
    "allowedEnvironment": "HOSTED",
    "accessibleByAll": "NotShared",
    "stage": "DEPLOYED",
    "scriptStepType": "USER",
    "inputs": [
      {
        "id": "37d0d3f7-b873-42ca-910c-4c87483f56f5",
        "name": "Incident JSON Payload",
        "helpText": "",
        "defaultValue": "",
        "multiline": false,
        "required": true,
        "validationRegex": "",
        "maxLength": 20000,
        "minLength": 0,
        "position": 0
      },
      {
        "id": "8549400b-70ce-4bac-ace0-43414847f0d0",
        "name": "Action",
        "helpText": "",
        "defaultValue": "",
        "multiline": false,
        "required": false,
        "validationRegex": "",
        "maxLength": 30,
        "minLength": 0,
        "position": 1
      },
      {
        "id": "d106c0f9-7eaf-4d54-9da5-85e3caa655e0",
        "name": "Form",
        "helpText": "",
        "defaultValue": "",
        "multiline": false,
        "required": false,
        "validationRegex": "",
        "maxLength": 50,
        "minLength": 0,
        "position": 2
      },
      {
        "id": "62d56bf1-2e40-48ed-a7f7-334ce0c0b39b",
        "name": "Responses Group",
        "helpText": "",
        "defaultValue": "",
        "multiline": false,
        "required": false,
        "validationRegex": "",
        "maxLength": 200,
        "minLength": 0,
        "position": 3
      },
      {
        "id": "1778aeb4-8b76-4605-96b8-a28f0552ad33",
        "name": "Responses User",
        "helpText": "",
        "defaultValue": "",
        "multiline": false,
        "required": false,
        "validationRegex": "",
        "maxLength": 200,
        "minLength": 0,
        "position": 4
      },
      {
        "id": "1977c828-d5f1-4329-a1b9-5f27e90f5327",
        "name": "Helix FQDN",
        "helpText": "",
        "defaultValue": "",
        "multiline": false,
        "required": false,
        "validationRegex": "",
        "maxLength": 200,
        "minLength": 0,
        "position": 5
      },
      {
        "id": "3469ad35-281b-47f5-933d-e1722fc6fd64",
        "name": "Helix Server Name",
        "helpText": "",
        "defaultValue": "",
        "multiline": false,
        "required": false,
        "validationRegex": "",
        "maxLength": 200,
        "minLength": 0,
        "position": 6
      },
      {
        "id": "e7f7c940-a78a-4b8f-b661-e87a06c38c3d",
        "name": "Simple Group Name",
        "helpText": "\"true\" or \"false\"",
        "defaultValue": "",
        "multiline": false,
        "required": false,
        "validationRegex": "",
        "maxLength": 10,
        "minLength": 0,
        "position": 7
      }
    ],
    "outputs": [
      {
        "id": "b9a2b311-d456-4ed6-97c7-60fe247226b6",
        "name": "Trigger Payload",
        "description": "",
        "position": 0
      }
    ],
    "libraries": []
  },
  {
    "id": "463b37b7-2d4a-4813-b470-aea2eb0df8ec",
    "name": "Helix | Add Assignee | Incident",
    "description": "Add/Update Incident assignee based on accept and resolve type responses using Remedy Token endpoint type",
    "icon": "http://s3-xmatters-static.s3.amazonaws.com/null/customers/e537a817-469f-4e9b-9f8b-aa99e4abddeb/IMAGE__20190725165336353__bmc-logo-png-3.png",
    "script": "var payloadAssignee = {\n    values: {\n        'Assignee': input['Assignee'],\n        'Assignee Login ID': input['Response Target Name'],\n\t\t'Assigned Support Company': input['Assigned Support Company'],\n        'Assigned Support Organization': input['Assigned Support Organization'],\n        'Assigned Group': input['Assigned Group'],\n        'Assigned Group ID': input['Assigned Group ID']\n    }\n};\n\nvar payloadStatus = {\n    values: {\n        'Status': input['Helix Status In Progress']\n    }\n};\n\nvar incidentNumber = input['Incident Number'];\nvar requestId = input['Request ID'];\n\nif (null === requestId) {\n    // Get the Incident properties if Request ID is null\n    var path = '/api/arsys/v1/entry/HPD:IncidentInterface?q=%27Incident%20Number%27%20%3D%22' + incidentNumber + '%22';\n\t\n    var getIncidentDetails = http.request({\n       autoEncodeURI: false,\n        endpoint: 'HELIX ITSM',\n        method: 'GET',\n        path: path\n    });\n\t\n    var responseIncident = getIncidentDetails.write();\n    var respBodyIncident;\n\n    if (responseIncident.statusCode >= 200 && responseIncident.statusCode < 300) {\n\t\tvar error;\n        try {\n            respBodyIncident = JSON.parse(responseIncident.body);\n            if ((typeof respBodyIncident.entries !== \"undefined\") && (respBodyIncident.entries.length > 0)) {\n                var incident = respBodyIncident.entries[0];\n            }\n        } catch (e) {\n            console.log(\n                'Incident details requested successfully, but this step will not return any outputs '\n                + 'because the following response body cannot be parsed: ' + responseIncident.body\n            );\n        }\n    } else {\n        var error;\n        try {\n            respBodyIncident = JSON.parse(responseIncident.body);\n            var errorMessage = respBodyIncident[0].messageText;\n            var errorDetails = respBodyIncident[0].messageAppendedText;\n            error = ' message:' + (errorMessage ? (' ' + errorMessage) : '') + ' ' + errorDetails;\n        } catch (e) {\n            error = ': ' + responseIncident.body;\n        }\n        throw new Error(\n            'Failed to retrieve Incident details. '\n            + 'Helix ITSM API returned '\n            + '[' + responseIncident.statusCode + '] '\n            + 'and the following'\n            + error\n        );\n    }\n\n    if (null !== respBodyIncident) {\n        requestId = incident.values[\"Request ID\"];\n    } else {\n        console.log(\"getIncidentDetails - Could not find an incident in Remedy with Incident Number=\" + incidentNumber);\n    }\n}\n\nvar uriEncoded_requestId = encodeURIComponent(requestId);\n\nvar modifyIncidentRequest = http.request({\n    autoEncodeURI: false,\n    endpoint: 'HELIX ITSM',\n    method: 'PUT',\n    path: '/api/arsys/v1/entry/HPD:IncidentInterface/' + uriEncoded_requestId\n});\n\nvar responseAddAssignee = modifyIncidentRequest.write(payloadAssignee);\nvar respBodyAddAssignee;\n\nif (responseAddAssignee.statusCode >= 200 && responseAddAssignee.statusCode < 300) {\n    try {\n        respBodyAddAssignee = JSON.parse(responseAddAssignee.body);\n    } catch (e) {\n        console.log(\n            'Assignee update successfully submitted to Remedy, but this step will not return any outputs '\n            + 'because the following responseAddAssignee body cannot be parsed: ' + responseAddAssignee.body\n        );\n    }\n} else {\n    var error;\n    try {\n        respBodyAddAssignee = JSON.parse(responseAddAssignee.body);\n        var errorMessage = respBodyAddAssignee[0].messageText;\n        var errorDetails = respBodyAddAssignee[0].messageAppendedText;\n        error = ' message:' + (errorMessage ? (' ' + errorMessage) : '') + ' ' + errorDetails;\n    } catch (e) {\n        error = ': ' + responseAddAssignee.body;\n    }\n    console.log(\n        'Failed to add an Incident Assignee. '\n        + 'Helix ITSM API returned '\n        + '[' + responseAddAssignee.statusCode + '] '\n        + 'and the following'\n        + error\n    );\n}\n\nvar responseUpdateStatus = modifyIncidentRequest.write(payloadStatus);\nvar respBodyUpdateStatus;\n\nif (responseUpdateStatus.statusCode >= 200 && responseUpdateStatus.statusCode < 300) {\n    try {\n        respBodyUpdateStatus = JSON.parse(responseUpdateStatus.body);\n    } catch (e) {\n        console.log(\n            'Status update successfully submitted to Remedy, but this step will not return any outputs '\n            + 'because the following responseUpdateStatus body cannot be parsed: ' + responseUpdateStatus.body\n        );\n    }\n} else {\n    var error;\n    try {\n        respBodyUpdateStatus = JSON.parse(responseUpdateStatus.body);\n        var errorMessage = respBodyUpdateStatus[0].messageText;\n        var errorDetails = respBodyUpdateStatus[0].messageAppendedText;\n        error = ' message:' + (errorMessage ? (' ' + errorMessage) : '') + ' ' + errorDetails;\n    } catch (e) {\n        error = ': ' + responseUpdateStatus.body;\n    }\n    console.log(\n        'Failed to update Incident status. '\n        + 'Helix ITSM API returned '\n        + '[' + responseUpdateStatus.statusCode + '] '\n        + 'and the following'\n        + error\n    );\n}\n",
    "endpointAuthType": "REMEDY_TOKEN",
    "endpointLabel": "HELIX ITSM",
    "allowedEnvironment": "BOTH",
    "accessibleByAll": "NotShared",
    "stage": "DEPLOYED",
    "scriptStepType": "USER",
    "inputs": [
      {
        "id": "dfc572e2-5061-4469-8479-1504f63bb12e",
        "name": "Assignee",
        "helpText": "Response First Name + [space] + Response Last Name",
        "defaultValue": "",
        "multiline": false,
        "required": true,
        "validationRegex": "",
        "maxLength": 500,
        "minLength": 0,
        "position": 0
      },
      {
        "id": "25e96298-d00c-4f4c-b8e2-4c7c6d6d54a8",
        "name": "Response First Name",
        "helpText": "Response firstName",
        "defaultValue": "",
        "multiline": false,
        "required": false,
        "validationRegex": "",
        "maxLength": 2000,
        "minLength": 0,
        "position": 1
      },
      {
        "id": "3a2a5d37-929c-4655-b43b-7b7b20d0f2bc",
        "name": "Response Last Name",
        "helpText": "Response lastName",
        "defaultValue": "",
        "multiline": false,
        "required": false,
        "validationRegex": "",
        "maxLength": 200,
        "minLength": 0,
        "position": 2
      },
      {
        "id": "1dfd00c3-fa34-4767-8ce4-9f157ed34018",
        "name": "Response Target Name",
        "helpText": "Response targetName",
        "defaultValue": "",
        "multiline": false,
        "required": true,
        "validationRegex": "",
        "maxLength": 30,
        "minLength": 0,
        "position": 3
      },
      {
        "id": "f721854f-b4d8-4a0f-8697-783f5a7fce5c",
        "name": "Incident Number",
        "helpText": "Event Properties Incident Number",
        "defaultValue": "",
        "multiline": false,
        "required": true,
        "validationRegex": "",
        "maxLength": 50,
        "minLength": 0,
        "position": 4
      },
      {
        "id": "b47ef649-7c97-4b9a-9db1-eaf60fe974b6",
        "name": "Request ID",
        "helpText": "Event Properties Request ID",
        "defaultValue": "",
        "multiline": false,
        "required": false,
        "validationRegex": "",
        "maxLength": 200,
        "minLength": 0,
        "position": 5
      },
      {
        "id": "b050d866-ed8c-4991-aec0-4a2dc6252a2d",
        "name": "Assigned Support Company",
        "helpText": "Support company to assign to the incident. {Assigned Support Company}",
        "defaultValue": "",
        "multiline": false,
        "required": false,
        "validationRegex": "",
        "maxLength": 200,
        "minLength": 0,
        "position": 6
      },
      {
        "id": "e5c4d03d-33f9-42dc-b449-9ab0d451d13a",
        "name": "Assigned Support Organization",
        "helpText": "Support organization to assign to the incident. {Assigned Support Organization}",
        "defaultValue": "",
        "multiline": false,
        "required": false,
        "validationRegex": "",
        "maxLength": 200,
        "minLength": 0,
        "position": 7
      },
      {
        "id": "e4316401-ad3e-440e-8534-9df721e745b9",
        "name": "Assigned Group",
        "helpText": "Group to assign to the incident. {Assigned_Group}",
        "defaultValue": "",
        "multiline": false,
        "required": false,
        "validationRegex": "",
        "maxLength": 200,
        "minLength": 0,
        "position": 8
      },
      {
        "id": "fed90033-114c-48f8-8b8d-3bdc412093d3",
        "name": "Assigned Group ID",
        "helpText": "ID of the group to assign to the incident. {Assigned Group ID}",
        "defaultValue": "",
        "multiline": false,
        "required": false,
        "validationRegex": "",
        "maxLength": 200,
        "minLength": 0,
        "position": 9
      },
      {
        "id": "7d38188f-309b-4657-baa8-6da2eb1c653d",
        "name": "Helix Status In Progress",
        "helpText": "constants.HELIX_STATUS_IN_PROGRESS",
        "defaultValue": "",
        "multiline": false,
        "required": true,
        "validationRegex": "",
        "maxLength": 30,
        "minLength": 0,
        "position": 10
      }
    ],
    "outputs": [],
    "libraries": []
  }
]