[
  {
    "baseType": 3,
    "name": "Assigned Group",
    "defaultValue": "",
    "description": "",
    "helpText": "",
    "isSystem": false,
    "minLength": 0,
    "maxLength": 2000,
    "validationRegex": "",
    "isValidate": false,
    "uuid": "1338af99-1b64-4e83-abd3-ae04f9892123"
  },
  {
    "baseType": 3,
    "name": "Assigned Group ID",
    "defaultValue": "",
    "description": "",
    "helpText": "",
    "isSystem": false,
    "minLength": 0,
    "maxLength": 200,
    "validationRegex": "",
    "isValidate": false,
    "uuid": "d7bfe988-fbc3-4918-8275-e3158cfd52ff"
  },
  {
    "baseType": 3,
    "name": "Assigned Group Shift ID",
    "defaultValue": "",
    "description": "",
    "helpText": "",
    "isSystem": false,
    "minLength": 0,
    "maxLength": 30,
    "validationRegex": "",
    "isValidate": false,
    "uuid": "7ae5b774-be94-4bd3-926f-be5dc7803f19"
  },
  {
    "baseType": 3,
    "name": "Assigned Group Shift Name",
    "defaultValue": "",
    "description": "",
    "helpText": "",
    "isSystem": false,
    "minLength": 0,
    "maxLength": 2000,
    "validationRegex": "",
    "isValidate": false,
    "uuid": "845dc559-711c-4495-9547-6f49eadc0b08"
  },
  {
    "baseType": 3,
    "name": "Assigned Support Company",
    "defaultValue": "",
    "description": "",
    "helpText": "",
    "isSystem": false,
    "minLength": 0,
    "maxLength": 2000,
    "validationRegex": "",
    "isValidate": false,
    "uuid": "2df78f96-32f4-42c4-b01e-bdff62384a4b"
  },
  {
    "baseType": 3,
    "name": "Assigned Support Organization",
    "defaultValue": "",
    "description": "",
    "helpText": "",
    "isSystem": false,
    "minLength": 0,
    "maxLength": 2000,
    "validationRegex": "",
    "isValidate": false,
    "uuid": "624e48aa-5dbd-4ee9-84c0-35e03eb0c328"
  },
  {
    "baseType": 3,
    "name": "Assignee",
    "defaultValue": "",
    "description": "",
    "helpText": "",
    "isSystem": false,
    "minLength": 0,
    "maxLength": 2000,
    "validationRegex": "",
    "isValidate": false,
    "uuid": "f41980a1-95de-4a85-ad8d-350e7164c8b9"
  },
  {
    "baseType": 3,
    "name": "Assignee Login ID",
    "defaultValue": "",
    "description": "",
    "helpText": "",
    "isSystem": false,
    "minLength": 0,
    "maxLength": 20,
    "validationRegex": "",
    "isValidate": false,
    "uuid": "a1fe64a7-568e-4f2a-9165-7058dc89945b"
  },
  {
    "baseType": 3,
    "name": "Categorization Tier 1",
    "defaultValue": "",
    "description": "",
    "helpText": "",
    "isSystem": false,
    "minLength": 0,
    "maxLength": 2000,
    "validationRegex": "",
    "isValidate": false,
    "uuid": "c10868b1-c103-40e7-9d4c-801168e11268"
  },
  {
    "baseType": 3,
    "name": "Categorization Tier 2",
    "defaultValue": "",
    "description": "",
    "helpText": "",
    "isSystem": false,
    "minLength": 0,
    "maxLength": 2000,
    "validationRegex": "",
    "isValidate": false,
    "uuid": "a631dad8-d09b-4eba-bee2-f317e1d1fdff"
  },
  {
    "baseType": 3,
    "name": "Categorization Tier 3",
    "defaultValue": "",
    "description": "",
    "helpText": "",
    "isSystem": false,
    "minLength": 0,
    "maxLength": 2000,
    "validationRegex": "",
    "isValidate": false,
    "uuid": "c0b692e0-1445-4265-8a4e-4ab12b1f83ee"
  },
  {
    "baseType": 3,
    "name": "City",
    "defaultValue": "",
    "description": "",
    "helpText": "",
    "isSystem": false,
    "minLength": 0,
    "maxLength": 2000,
    "validationRegex": "",
    "isValidate": false,
    "uuid": "40d22cc1-9001-4f01-ba1e-a54c1e0c6db3"
  },
  {
    "baseType": 3,
    "name": "Closure Manufacturer",
    "defaultValue": "",
    "description": "",
    "helpText": "",
    "isSystem": false,
    "minLength": 0,
    "maxLength": 2000,
    "validationRegex": "",
    "isValidate": false,
    "uuid": "d66f7b26-88ee-44c2-84da-5606ea3e3ae8"
  },
  {
    "baseType": 3,
    "name": "Closure Product Category Tier1",
    "defaultValue": "",
    "description": "",
    "helpText": "",
    "isSystem": false,
    "minLength": 0,
    "maxLength": 2000,
    "validationRegex": "",
    "isValidate": false,
    "uuid": "354aaebd-adab-4af0-9369-1068dfe80096"
  },
  {
    "baseType": 3,
    "name": "Closure Product Category Tier2",
    "defaultValue": "",
    "description": "",
    "helpText": "",
    "isSystem": false,
    "minLength": 0,
    "maxLength": 2000,
    "validationRegex": "",
    "isValidate": false,
    "uuid": "5e99b900-834b-403c-aa81-b2262888daef"
  },
  {
    "baseType": 3,
    "name": "Closure Product Category Tier3",
    "defaultValue": "",
    "description": "",
    "helpText": "",
    "isSystem": false,
    "minLength": 0,
    "maxLength": 2000,
    "validationRegex": "",
    "isValidate": false,
    "uuid": "cb0839cf-332d-4592-87e6-021db066e6c3"
  },
  {
    "baseType": 3,
    "name": "Closure Product Model/Version",
    "defaultValue": "",
    "description": "",
    "helpText": "",
    "isSystem": false,
    "minLength": 0,
    "maxLength": 2000,
    "validationRegex": "",
    "isValidate": false,
    "uuid": "f48b1a34-fe83-4397-8af2-c20fd35e949c"
  },
  {
    "baseType": 3,
    "name": "Closure Product Name",
    "defaultValue": "",
    "description": "",
    "helpText": "",
    "isSystem": false,
    "minLength": 0,
    "maxLength": 2000,
    "validationRegex": "",
    "isValidate": false,
    "uuid": "b48ddee0-b673-45a6-b926-e9df24fbad77"
  },
  {
    "baseType": 22,
    "name": "Company",
    "description": "",
    "helpText": "",
    "isSystem": false,
    "values": [
      {
        "value": "Walgreens",
        "isDefault": false,
        "isVisible": true
      }
    ],
    "uuid": "2b70674a-5f4f-4042-a054-381620869058"
  },
  {
    "baseType": 3,
    "name": "Contact Company",
    "defaultValue": "",
    "description": "",
    "helpText": "",
    "isSystem": false,
    "minLength": 0,
    "maxLength": 2000,
    "validationRegex": "",
    "isValidate": false,
    "uuid": "f66045d1-5793-4842-a1f7-16900dcaf492"
  },
  {
    "baseType": 3,
    "name": "Contact Organization",
    "defaultValue": "",
    "description": "",
    "helpText": "",
    "isSystem": false,
    "minLength": 0,
    "maxLength": 2000,
    "validationRegex": "",
    "isValidate": false,
    "uuid": "dd7479fe-6f53-45c9-9cf5-b9d447efe6f3"
  },
  {
    "baseType": 22,
    "name": "Contact Sensitivity",
    "description": "",
    "helpText": "",
    "isSystem": false,
    "values": [
      {
        "value": "Standard",
        "isDefault": false,
        "isVisible": true
      },
      {
        "value": "Sensitive",
        "isDefault": false,
        "isVisible": true
      }
    ],
    "uuid": "979152f2-fec3-4f55-86c7-f1cb6e806313"
  },
  {
    "baseType": 3,
    "name": "Country",
    "defaultValue": "",
    "description": "",
    "helpText": "",
    "isSystem": false,
    "minLength": 0,
    "maxLength": 2000,
    "validationRegex": "",
    "isValidate": false,
    "uuid": "ddcdcc74-61d6-4378-afd7-98e1501788dc"
  },
  {
    "baseType": 3,
    "name": "Department",
    "defaultValue": "",
    "description": "",
    "helpText": "",
    "isSystem": false,
    "minLength": 0,
    "maxLength": 2000,
    "validationRegex": "",
    "isValidate": false,
    "uuid": "53c19797-9091-41d0-b6e3-36f7f465c4bc"
  },
  {
    "baseType": 3,
    "name": "Description",
    "defaultValue": "",
    "description": "Remedy 'Summary'",
    "helpText": "",
    "isSystem": false,
    "minLength": 0,
    "maxLength": 2000,
    "validationRegex": "",
    "isValidate": false,
    "uuid": "3538d46e-4e94-4c58-aa31-0259498e91ef"
  },
  {
    "baseType": 3,
    "name": "Detailed Decription",
    "defaultValue": "",
    "description": "Remedy 'Notes'. This property is incorrectly spelled in Remedy as \"Detailed Decription\"",
    "helpText": "",
    "isSystem": false,
    "minLength": 0,
    "maxLength": 2000,
    "validationRegex": "",
    "isValidate": false,
    "uuid": "2c0c6d7b-2524-4a7b-bdd4-8baeec3119a1"
  },
  {
    "baseType": 3,
    "name": "Direct Contact First Name",
    "defaultValue": "",
    "description": "",
    "helpText": "",
    "isSystem": false,
    "minLength": 0,
    "maxLength": 2000,
    "validationRegex": "",
    "isValidate": false,
    "uuid": "14550e07-4c93-4567-99c6-bfd359b3dd46"
  },
  {
    "baseType": 3,
    "name": "Direct Contact Last Name",
    "defaultValue": "",
    "description": "",
    "helpText": "",
    "isSystem": false,
    "minLength": 0,
    "maxLength": 2000,
    "validationRegex": "",
    "isValidate": false,
    "uuid": "974929ad-7beb-43c0-9d36-d8fb0044f570"
  },
  {
    "baseType": 3,
    "name": "Direct Contact Phone Number",
    "defaultValue": "",
    "description": "",
    "helpText": "",
    "isSystem": false,
    "minLength": 0,
    "maxLength": 2000,
    "validationRegex": "",
    "isValidate": false,
    "uuid": "3bfbfa53-c96a-42a1-bcdf-55fc19d65454"
  },
  {
    "baseType": 3,
    "name": "Engage_Message",
    "defaultValue": "",
    "description": "",
    "helpText": "",
    "isSystem": false,
    "minLength": 0,
    "maxLength": 20000,
    "validationRegex": "",
    "isValidate": false,
    "uuid": "5916dee2-26a9-41cb-bbbc-8d3255a65c03"
  },
  {
    "baseType": 3,
    "name": "Engage_Subject",
    "defaultValue": "",
    "description": "",
    "helpText": "",
    "isSystem": false,
    "minLength": 0,
    "maxLength": 100,
    "validationRegex": "",
    "isValidate": false,
    "uuid": "79e8786f-dfe9-4367-a168-7cf127a79d41"
  },
  {
    "baseType": 3,
    "name": "Engage_Targets",
    "defaultValue": "",
    "description": "",
    "helpText": "",
    "isSystem": false,
    "minLength": 0,
    "maxLength": 2000,
    "validationRegex": "",
    "isValidate": false,
    "uuid": "e2621033-8da2-4f10-b2c8-fdd9242a0093"
  },
  {
    "baseType": 3,
    "name": "Environment",
    "defaultValue": "",
    "description": "",
    "helpText": "",
    "isSystem": false,
    "minLength": 0,
    "maxLength": 30,
    "validationRegex": "",
    "isValidate": false,
    "uuid": "0a9a4e75-3d97-478f-a0ce-ddc2cd7d42e2"
  },
  {
    "baseType": 22,
    "name": "Escalated",
    "description": "",
    "helpText": "",
    "isSystem": false,
    "values": [
      {
        "value": "Yes",
        "isDefault": false,
        "isVisible": true
      },
      {
        "value": "No",
        "isDefault": false,
        "isVisible": true
      }
    ],
    "uuid": "008b5968-8498-4808-9cef-aebab63db8e7"
  },
  {
    "baseType": 21,
    "name": "Escalations ESC tags",
    "description": "",
    "helpText": "",
    "isSystem": false,
    "values": [
      {
        "value": "ESC1",
        "isDefault": false,
        "isVisible": true
      },
      {
        "value": "ESC2",
        "isDefault": false,
        "isVisible": true
      },
      {
        "value": "ESC3",
        "isDefault": false,
        "isVisible": true
      }
    ],
    "uuid": "38ff17ca-2bd9-4099-a22d-790a6b482723"
  },
  {
    "baseType": 3,
    "name": "First Name",
    "defaultValue": "",
    "description": "",
    "helpText": "",
    "isSystem": false,
    "minLength": 0,
    "maxLength": 2000,
    "validationRegex": "",
    "isValidate": false,
    "uuid": "e8975bd7-3ce5-40fb-8ced-a768225ff76e"
  },
  {
    "baseType": 3,
    "name": "GET Failure Message",
    "defaultValue": "",
    "description": "",
    "helpText": "",
    "isSystem": false,
    "minLength": 0,
    "maxLength": 200,
    "validationRegex": "",
    "isValidate": false,
    "uuid": "5d53bff9-e22b-4e44-aa6a-77cfe88a9364"
  },
  {
    "baseType": 3,
    "name": "HPD_CI",
    "defaultValue": "",
    "description": "",
    "helpText": "",
    "isSystem": false,
    "minLength": 0,
    "maxLength": 2000,
    "validationRegex": "",
    "isValidate": false,
    "uuid": "bdbbeb8b-8cc1-43e6-a09e-27a88622bd28"
  },
  {
    "baseType": 22,
    "name": "Impact",
    "description": "",
    "helpText": "",
    "isSystem": false,
    "values": [
      {
        "value": "1-Extensive/Widespread",
        "isDefault": false,
        "isVisible": true
      },
      {
        "value": "2-Significant/Large",
        "isDefault": false,
        "isVisible": true
      },
      {
        "value": "3-Moderate/Limited",
        "isDefault": false,
        "isVisible": true
      },
      {
        "value": "4-Minor/Localized",
        "isDefault": false,
        "isVisible": true
      }
    ],
    "uuid": "057f58e4-6f95-489b-bcec-8d19cf54f351"
  },
  {
    "baseType": 3,
    "name": "Incident Number",
    "defaultValue": "",
    "description": "",
    "helpText": "",
    "isSystem": false,
    "minLength": 0,
    "maxLength": 30,
    "validationRegex": "",
    "isValidate": false,
    "uuid": "ba58003a-bc5a-4604-acf1-e6f72f6bd759"
  },
  {
    "baseType": 3,
    "name": "Last Name",
    "defaultValue": "",
    "description": "",
    "helpText": "",
    "isSystem": false,
    "minLength": 0,
    "maxLength": 2000,
    "validationRegex": "",
    "isValidate": false,
    "uuid": "9f5d4095-a43b-434b-aa75-58b02cf23a5b"
  },
  {
    "baseType": 3,
    "name": "Manufacturer",
    "defaultValue": "",
    "description": "",
    "helpText": "",
    "isSystem": false,
    "minLength": 0,
    "maxLength": 2000,
    "validationRegex": "",
    "isValidate": false,
    "uuid": "4e582222-2c78-4644-9dde-0c55fd38b8be"
  },
  {
    "baseType": 3,
    "name": "Middle Initial",
    "defaultValue": "",
    "description": "",
    "helpText": "",
    "isSystem": false,
    "minLength": 0,
    "maxLength": 2000,
    "validationRegex": "",
    "isValidate": false,
    "uuid": "7af00e0f-4f73-4363-a30a-1abf7b3feaf7"
  },
  {
    "baseType": 3,
    "name": "Notes",
    "defaultValue": "",
    "description": "",
    "helpText": "",
    "isSystem": false,
    "minLength": 0,
    "maxLength": 2000,
    "validationRegex": "",
    "isValidate": false,
    "uuid": "10156b98-8fba-4a70-8bd5-fceac53c7896"
  },
  {
    "baseType": 3,
    "name": "Owner FullName",
    "defaultValue": "",
    "description": "",
    "helpText": "",
    "isSystem": false,
    "minLength": 0,
    "maxLength": 200,
    "validationRegex": "",
    "isValidate": false,
    "uuid": "c01ab5f1-3146-4e31-b60a-280cdcc11947"
  },
  {
    "baseType": 3,
    "name": "Owner Group",
    "defaultValue": "",
    "description": "",
    "helpText": "",
    "isSystem": false,
    "minLength": 0,
    "maxLength": 300,
    "validationRegex": "",
    "isValidate": false,
    "uuid": "57f19362-09db-4e05-8970-4c9748646989"
  },
  {
    "baseType": 3,
    "name": "Owner Group ID",
    "defaultValue": "",
    "description": "",
    "helpText": "",
    "isSystem": false,
    "minLength": 0,
    "maxLength": 50,
    "validationRegex": "",
    "isValidate": false,
    "uuid": "e9f9f667-69e0-4c62-86f4-36e1315bdcd5"
  },
  {
    "baseType": 3,
    "name": "Owner Login",
    "defaultValue": "",
    "description": "",
    "helpText": "",
    "isSystem": false,
    "minLength": 0,
    "maxLength": 30,
    "validationRegex": "",
    "isValidate": false,
    "uuid": "3e818b55-dc37-4f45-95d9-5dd68d5c4091"
  },
  {
    "baseType": 3,
    "name": "Owner Support Company",
    "defaultValue": "",
    "description": "",
    "helpText": "",
    "isSystem": false,
    "minLength": 0,
    "maxLength": 100,
    "validationRegex": "",
    "isValidate": false,
    "uuid": "32d660d6-f344-433a-81a4-651d1d930abc"
  },
  {
    "baseType": 3,
    "name": "Owner Support Organization",
    "defaultValue": "",
    "description": "",
    "helpText": "",
    "isSystem": false,
    "minLength": 0,
    "maxLength": 100,
    "validationRegex": "",
    "isValidate": false,
    "uuid": "056d4826-3628-4228-8a3e-724c83824650"
  },
  {
    "baseType": 3,
    "name": "Phone Number",
    "defaultValue": "",
    "description": "",
    "helpText": "",
    "isSystem": false,
    "minLength": 0,
    "maxLength": 20,
    "validationRegex": "",
    "isValidate": false,
    "uuid": "4a0916e7-0a39-4a3b-8ea0-782a2a63fc09"
  },
  {
    "baseType": 22,
    "name": "Priority",
    "description": "",
    "helpText": "",
    "isSystem": false,
    "values": [
      {
        "value": "Critical",
        "isDefault": false,
        "isVisible": true
      },
      {
        "value": "High",
        "isDefault": false,
        "isVisible": true
      },
      {
        "value": "Medium",
        "isDefault": false,
        "isVisible": true
      },
      {
        "value": "Low",
        "isDefault": false,
        "isVisible": true
      }
    ],
    "uuid": "b6ca5527-6501-4128-a6bc-a73c139f5c84"
  },
  {
    "baseType": 3,
    "name": "Priority_Short",
    "defaultValue": "",
    "description": "",
    "helpText": "",
    "isSystem": false,
    "minLength": 0,
    "maxLength": 10,
    "validationRegex": "",
    "isValidate": false,
    "uuid": "12139579-3f92-4671-bcdd-9e27f19a4176"
  },
  {
    "baseType": 22,
    "name": "Priority_Short_List",
    "description": "",
    "helpText": "",
    "isSystem": false,
    "values": [
      {
        "value": "P1",
        "isDefault": false,
        "isVisible": true
      },
      {
        "value": "P2",
        "isDefault": false,
        "isVisible": true
      },
      {
        "value": "P3",
        "isDefault": false,
        "isVisible": true
      },
      {
        "value": "P4",
        "isDefault": false,
        "isVisible": true
      },
      {
        "value": "P5",
        "isDefault": false,
        "isVisible": true
      }
    ],
    "uuid": "c6640920-c3c6-4699-ba99-bbc55d2d668d"
  },
  {
    "baseType": 3,
    "name": "Priority Weight",
    "defaultValue": "",
    "description": "",
    "helpText": "",
    "isSystem": false,
    "minLength": 0,
    "maxLength": 10,
    "validationRegex": "",
    "isValidate": false,
    "uuid": "14e0ec2d-25a6-41d4-9151-afceddff9931"
  },
  {
    "baseType": 3,
    "name": "Product Categorization Tier 1",
    "defaultValue": "",
    "description": "",
    "helpText": "",
    "isSystem": false,
    "minLength": 0,
    "maxLength": 2000,
    "validationRegex": "",
    "isValidate": false,
    "uuid": "5c5c3095-42b5-47d1-830b-7a72c2c7e616"
  },
  {
    "baseType": 3,
    "name": "Product Categorization Tier 2",
    "defaultValue": "",
    "description": "",
    "helpText": "",
    "isSystem": false,
    "minLength": 0,
    "maxLength": 2000,
    "validationRegex": "",
    "isValidate": false,
    "uuid": "6e5781c0-b35a-4407-8d18-a0bd196cb153"
  },
  {
    "baseType": 3,
    "name": "Product Categorization Tier 3",
    "defaultValue": "",
    "description": "",
    "helpText": "",
    "isSystem": false,
    "minLength": 0,
    "maxLength": 2000,
    "validationRegex": "",
    "isValidate": false,
    "uuid": "f18285c4-5f19-4dde-80b0-1e4bc3cb6f16"
  },
  {
    "baseType": 3,
    "name": "Product Model/Version",
    "defaultValue": "",
    "description": "",
    "helpText": "",
    "isSystem": false,
    "minLength": 0,
    "maxLength": 2000,
    "validationRegex": "",
    "isValidate": false,
    "uuid": "e0e8f25e-71cc-4498-a067-0feddc283678"
  },
  {
    "baseType": 3,
    "name": "Product Name",
    "defaultValue": "",
    "description": "",
    "helpText": "",
    "isSystem": false,
    "minLength": 0,
    "maxLength": 2000,
    "validationRegex": "",
    "isValidate": false,
    "uuid": "7f967af2-fc93-4a96-95a9-c00aaa50e7bc"
  },
  {
    "baseType": 3,
    "name": "Region",
    "defaultValue": "",
    "description": "",
    "helpText": "",
    "isSystem": false,
    "minLength": 0,
    "maxLength": 2000,
    "validationRegex": "",
    "isValidate": false,
    "uuid": "67ad91b2-eee4-46d0-b786-781126b45ab4"
  },
  {
    "baseType": 3,
    "name": "Reported Date",
    "defaultValue": "",
    "description": "",
    "helpText": "",
    "isSystem": false,
    "minLength": 0,
    "maxLength": 30,
    "validationRegex": "",
    "isValidate": false,
    "uuid": "2eb28980-506f-4bd1-93ac-2a6f596297f8"
  },
  {
    "baseType": 22,
    "name": "Reported Source",
    "description": "",
    "helpText": "",
    "isSystem": false,
    "values": [
      {
        "value": "Direct Input",
        "isDefault": false,
        "isVisible": true
      },
      {
        "value": "Email",
        "isDefault": false,
        "isVisible": true
      },
      {
        "value": "External Escalation",
        "isDefault": false,
        "isVisible": true
      },
      {
        "value": "Fax",
        "isDefault": false,
        "isVisible": true
      },
      {
        "value": "Self Service",
        "isDefault": false,
        "isVisible": true
      },
      {
        "value": "Systems Management",
        "isDefault": false,
        "isVisible": true
      },
      {
        "value": "Phone",
        "isDefault": false,
        "isVisible": true
      },
      {
        "value": "Voice Mail",
        "isDefault": false,
        "isVisible": true
      },
      {
        "value": "Walk In",
        "isDefault": false,
        "isVisible": true
      },
      {
        "value": "Web",
        "isDefault": false,
        "isVisible": true
      },
      {
        "value": "Other",
        "isDefault": false,
        "isVisible": true
      }
    ],
    "uuid": "d896ed51-7d23-4a6f-b8d1-046aa5764519"
  },
  {
    "baseType": 3,
    "name": "Request ID",
    "defaultValue": "",
    "description": "Unique identifier/entity ID for use by REST calls.",
    "helpText": "",
    "isSystem": false,
    "minLength": 0,
    "maxLength": 200,
    "validationRegex": "",
    "isValidate": false,
    "uuid": "fd99b918-c9a1-400f-985d-831c51b003c7"
  },
  {
    "baseType": 3,
    "name": "Resolution",
    "defaultValue": "",
    "description": "",
    "helpText": "",
    "isSystem": false,
    "minLength": 0,
    "maxLength": 2000,
    "validationRegex": "",
    "isValidate": false,
    "uuid": "8b4a29d0-a617-4220-a3f8-818795bc0eeb"
  },
  {
    "baseType": 3,
    "name": "Resolution Category",
    "defaultValue": "",
    "description": "",
    "helpText": "",
    "isSystem": false,
    "minLength": 0,
    "maxLength": 2000,
    "validationRegex": "",
    "isValidate": false,
    "uuid": "1298c78c-3dc0-410e-91eb-3bccb737ebdb"
  },
  {
    "baseType": 3,
    "name": "Resolution Category Tier 2",
    "defaultValue": "",
    "description": "",
    "helpText": "",
    "isSystem": false,
    "minLength": 0,
    "maxLength": 2000,
    "validationRegex": "",
    "isValidate": false,
    "uuid": "a69f009a-2f05-4503-9eff-13ef5a1fb318"
  },
  {
    "baseType": 3,
    "name": "Resolution Category Tier 3",
    "defaultValue": "",
    "description": "",
    "helpText": "",
    "isSystem": false,
    "minLength": 0,
    "maxLength": 2000,
    "validationRegex": "",
    "isValidate": false,
    "uuid": "9d492ae0-57f7-4e56-9bcc-f9836e300fd5"
  },
  {
    "baseType": 3,
    "name": "Resolution Method",
    "defaultValue": "",
    "description": "",
    "helpText": "",
    "isSystem": false,
    "minLength": 0,
    "maxLength": 2000,
    "validationRegex": "",
    "isValidate": false,
    "uuid": "b39e0476-e5d9-46ad-a5fb-d71736192a1e"
  },
  {
    "baseType": 3,
    "name": "ServiceCI",
    "defaultValue": "",
    "description": "",
    "helpText": "",
    "isSystem": false,
    "minLength": 0,
    "maxLength": 2000,
    "validationRegex": "",
    "isValidate": false,
    "uuid": "7fc80502-9020-4505-8108-db9d9047918a"
  },
  {
    "baseType": 22,
    "name": "Service Type",
    "description": "",
    "helpText": "",
    "isSystem": false,
    "values": [
      {
        "value": "User Service Restoration",
        "isDefault": false,
        "isVisible": true
      },
      {
        "value": "User Service Request",
        "isDefault": false,
        "isVisible": true
      },
      {
        "value": "Infrastructure Restoration",
        "isDefault": false,
        "isVisible": true
      },
      {
        "value": "Infrastructure Event",
        "isDefault": false,
        "isVisible": true
      }
    ],
    "uuid": "673863be-07dc-43b9-8d6c-84c7b8ce9956"
  },
  {
    "baseType": 3,
    "name": "Site",
    "defaultValue": "",
    "description": "",
    "helpText": "",
    "isSystem": false,
    "minLength": 0,
    "maxLength": 2000,
    "validationRegex": "",
    "isValidate": false,
    "uuid": "e95a107f-ddfa-45bd-99e6-493d2e72c0bb"
  },
  {
    "baseType": 3,
    "name": "Site Group",
    "defaultValue": "",
    "description": "",
    "helpText": "",
    "isSystem": false,
    "minLength": 0,
    "maxLength": 2000,
    "validationRegex": "",
    "isValidate": false,
    "uuid": "8d5c1743-2b53-468e-89d1-634d4391814c"
  },
  {
    "baseType": 3,
    "name": "Site ID",
    "defaultValue": "",
    "description": "",
    "helpText": "",
    "isSystem": false,
    "minLength": 0,
    "maxLength": 30,
    "validationRegex": "",
    "isValidate": false,
    "uuid": "6873b9dd-6f5f-4f28-93a0-38ba63730f1a"
  },
  {
    "baseType": 22,
    "name": "SLM Status",
    "description": "",
    "helpText": "",
    "isSystem": false,
    "values": [
      {
        "value": "No Service Target Assigned",
        "isDefault": false,
        "isVisible": true
      },
      {
        "value": "Within the Service Target",
        "isDefault": false,
        "isVisible": true
      },
      {
        "value": "Service Target Warning",
        "isDefault": false,
        "isVisible": true
      },
      {
        "value": "Service Targets Breached",
        "isDefault": false,
        "isVisible": true
      },
      {
        "value": "All Service Targets Breached",
        "isDefault": false,
        "isVisible": true
      }
    ],
    "uuid": "f17434d5-8cde-43a5-88a2-d2566a34b0bf"
  },
  {
    "baseType": 22,
    "name": "Status",
    "description": "",
    "helpText": "",
    "isSystem": false,
    "values": [
      {
        "value": "New",
        "isDefault": false,
        "isVisible": true
      },
      {
        "value": "Assigned",
        "isDefault": false,
        "isVisible": true
      },
      {
        "value": "In Progress",
        "isDefault": false,
        "isVisible": true
      },
      {
        "value": "Pending",
        "isDefault": false,
        "isVisible": true
      },
      {
        "value": "Resolved",
        "isDefault": false,
        "isVisible": true
      },
      {
        "value": "Closed",
        "isDefault": false,
        "isVisible": true
      },
      {
        "value": "Cancelled",
        "isDefault": false,
        "isVisible": true
      }
    ],
    "uuid": "cef24255-ebae-4f43-be8e-bc2d4d2a31db"
  },
  {
    "baseType": 22,
    "name": "Status_Reason",
    "description": "",
    "helpText": "",
    "isSystem": false,
    "values": [
      {
        "value": "Automated Resolution Reported",
        "isDefault": false,
        "isVisible": true
      },
      {
        "value": "Client Action Required",
        "isDefault": false,
        "isVisible": true
      },
      {
        "value": "Client Hold",
        "isDefault": false,
        "isVisible": true
      },
      {
        "value": "Customer Follow-Up Required",
        "isDefault": false,
        "isVisible": true
      },
      {
        "value": "Future Enhancement",
        "isDefault": false,
        "isVisible": true
      },
      {
        "value": "Infrastructure Change",
        "isDefault": false,
        "isVisible": true
      },
      {
        "value": "Infrastructure Change Created",
        "isDefault": false,
        "isVisible": true
      },
      {
        "value": "Local Site Action Required",
        "isDefault": false,
        "isVisible": true
      },
      {
        "value": "Monitoring Incident",
        "isDefault": false,
        "isVisible": true
      },
      {
        "value": "No further Action Required",
        "isDefault": false,
        "isVisible": true
      },
      {
        "value": "No longer a Causal CI",
        "isDefault": false,
        "isVisible": true
      },
      {
        "value": "Purchase Order Approval",
        "isDefault": false,
        "isVisible": true
      },
      {
        "value": "Registration Approval",
        "isDefault": false,
        "isVisible": true
      },
      {
        "value": "Request",
        "isDefault": false,
        "isVisible": true
      },
      {
        "value": "Supplier Delivery",
        "isDefault": false,
        "isVisible": true
      },
      {
        "value": "Support Contact Hold",
        "isDefault": false,
        "isVisible": true
      },
      {
        "value": "Temporary Corrective Action",
        "isDefault": false,
        "isVisible": true
      },
      {
        "value": "Third Party Vendor Action Required",
        "isDefault": false,
        "isVisible": true
      }
    ],
    "uuid": "8a36bf36-bcdb-4aa1-b55e-ddab56552564"
  },
  {
    "baseType": 3,
    "name": "Summary",
    "defaultValue": "",
    "description": "",
    "helpText": "",
    "isSystem": false,
    "minLength": 0,
    "maxLength": 2000,
    "validationRegex": "",
    "isValidate": false,
    "uuid": "a9d0084d-f108-4215-b882-f07410045728"
  },
  {
    "baseType": 3,
    "name": "ticketLink",
    "defaultValue": "",
    "description": "Direct URL to ticket",
    "helpText": "",
    "isSystem": false,
    "minLength": 0,
    "maxLength": 20000,
    "validationRegex": "",
    "isValidate": false,
    "uuid": "e929a520-0a15-46da-8bda-e2c483a6b2de"
  },
  {
    "baseType": 3,
    "name": "Update Message",
    "defaultValue": "",
    "description": "",
    "helpText": "Description for manual incident notification update",
    "isSystem": false,
    "minLength": 0,
    "maxLength": 2000,
    "validationRegex": "",
    "isValidate": false,
    "uuid": "ed84f3df-d61a-49c9-88df-39bdc12a8de0"
  },
  {
    "baseType": 21,
    "name": "Update Type",
    "description": "Manual message type of notification",
    "helpText": "",
    "isSystem": false,
    "values": [
      {
        "value": "Update",
        "isDefault": false,
        "isVisible": true
      },
      {
        "value": "Final",
        "isDefault": false,
        "isVisible": true
      }
    ],
    "uuid": "22746674-4bae-4c54-b0c8-b79b4eb51e93"
  },
  {
    "baseType": 22,
    "name": "Urgency",
    "description": "",
    "helpText": "",
    "isSystem": false,
    "values": [
      {
        "value": "1-Critical",
        "isDefault": false,
        "isVisible": true
      },
      {
        "value": "2-High",
        "isDefault": false,
        "isVisible": true
      },
      {
        "value": "3-Medium",
        "isDefault": false,
        "isVisible": true
      },
      {
        "value": "4-Low",
        "isDefault": false,
        "isVisible": true
      }
    ],
    "uuid": "eeeb0806-b39b-48c9-bceb-e39f76e132f3"
  },
  {
    "baseType": 22,
    "name": "VIP",
    "description": "",
    "helpText": "",
    "isSystem": false,
    "values": [
      {
        "value": "No",
        "isDefault": false,
        "isVisible": true
      },
      {
        "value": "Yes",
        "isDefault": false,
        "isVisible": true
      }
    ],
    "uuid": "0b616175-e4bc-4ee5-b1f4-5ff5f1a8f303"
  },
  {
    "baseType": 3,
    "name": "xM_Remedy_Action",
    "defaultValue": "",
    "description": "Type of Incident notification: New, Reopened, etc.",
    "helpText": "",
    "isSystem": false,
    "minLength": 0,
    "maxLength": 100,
    "validationRegex": "",
    "isValidate": false,
    "uuid": "4b0b5ce1-97fc-4012-8b5c-a11d7839140a"
  }
]